hour,load_mw,wind_pu,solar_pu
0,43719.86,0.8812469392684383,0.0
1,43321.1,0.8469174416826768,0.0
2,43063.05,0.8459396695185485,0.0
3,43090.05000000001,0.8478281824406524,0.0
4,43486.57,0.8401744146108523,0.0
5,44265.34000000001,0.8214421834732684,0.0
6,45290.35,0.7809757113638731,0.0
7,45947.759999999995,0.6979160434407832,0.0
8,46090.619999999995,0.6320324808711203,0.0
9,46178.72,0.5714133765879795,0.02629804376381072
10,46022.189999999995,0.4830720770429069,0.20727185664518444
11,45490.33000000001,0.48908108251843097,0.3503828564650684
12,44600.590000000004,0.4828333122821481,0.4947173276047636
13,43625.87,0.4645209968955043,0.5275863129362868
14,42757.71,0.45808044211921173,0.5479976365257802
15,42417.53,0.43565095805052745,0.5108014725586582
16,42760.37,0.40831710176143027,0.3713378230557346
17,44643.93,0.35361670444800464,0.24879519924790552
18,46301.27,0.24878623296792912,0.11584977441561113
19,46318.03,0.15819245658470002,0.0
20,46024.17,0.15678147318411362,0.0
21,45464.69,0.16463024146817615,0.0
22,44236.62999999999,0.16482745783669162,0.0
23,42919.94,0.14492245408071688,0.0
24,41716.469999999994,0.17399303316558867,0.0
25,40873.4,0.2603211746118273,0.0
26,40493.829999999994,0.20507510841360482,0.0
27,40463.82000000001,0.17036225766207752,0.0
28,41042.99,0.15622084687810928,0.0
29,42195.189999999995,0.15477994863510763,0.0
30,43824.62,0.16947755389657443,0.0
31,45320.5,0.19668898092319423,0.0
32,45845.909999999996,0.2012365909488767,0.0
33,45221.31999999999,0.22232323098025403,0.02590376530437417
34,43769.85999999999,0.22841976506877093,0.20864798731280002
35,42067.18,0.2710617109960313,0.3529319380927903
36,40259.01,0.31262062883214675,0.4982416718285292
37,38635.810000000005,0.35440390798637655,0.6118784348353254
38,37481.770000000004,0.3155173827393576,0.6343929429647102
39,36872.17000000001,0.2898487860113766,0.5898768181838147
40,37106.59999999999,0.2928967760663533,0.4783058985814758
41,38938.939999999995,0.2570178004391942,0.3222364264972696
42,41922.26000000001,0.21276100700007308,0.1532425284781071
43,42738.369999999995,0.17905750519077915,0.0
44,43192.299999999996,0.2262404134009631,0.0
45,43073.25,0.2913240309252993,0.0
46,42322.78,0.3543512800228682,0.0
47,41408.01,0.36868602932540934,0.0
48,40618.54000000001,0.38627207881563824,0.0
49,40119.35,0.40531675386289245,0.0
50,40080.89,0.4012754802440166,0.0
51,40360.32,0.4037279433435043,0.0
52,40883.13,0.4064114155038656,0.0
53,41949.67999999999,0.3958032799962773,0.0
54,43325.880000000005,0.39472523771220164,0.0
55,44422.82,0.4046264965730885,0.0
56,44372.43000000001,0.36875693858150477,0.0
57,42951.54,0.3578031204504512,0.0265012234713198
58,41072.18000000001,0.3342313325843542,0.20967377026854858
59,39366.19,0.290123005400183,0.3538929231958736
60,37919.259999999995,0.2733801112832137,0.4980692436443189
61,36711.37,0.2974288746922649,0.6031955225782073
62,35796.58,0.3049552274525186,0.6254760994767846
63,35455.94000000001,0.3224670438152725,0.5817540229582084
64,35674.630000000005,0.3450256048891933,0.4697361079993497
65,37227.9,0.24612768984291375,0.3176335824206719
66,39565.77,0.1713367059548264,0.1524825265451541
67,39953.810000000005,0.13810242398860134,0.0
68,39877.4,0.1534343347049843,0.0
69,39376.59999999999,0.1862121383350951,0.0
70,38151.979999999996,0.2445577145946761,0.0
71,36836.840000000004,0.25833793135540845,0.0
72,35936.88,0.27416343697164297,0.0
73,35622.990000000005,0.3017560012497757,0.0
74,35670.59,0.2780091561576934,0.0
75,36214.2,0.26906129440415183,0.0
76,37418.63,0.2639696774293622,0.0
77,39853.909999999996,0.22803585792444184,0.0
78,43215.67999999999,0.20519864563320864,0.0
79,45385.10999999999,0.20349959337973458,0.0
80,45112.9,0.13694017696291227,0.0
81,43476.17,0.10546477693499172,0.026108043280572486
82,41932.14,0.09900150903760628,0.20656786641538266
83,40690.2,0.07992525721224696,0.35013684427867897
84,39801.579999999994,0.08691425076615235,0.49462177822879977
85,39262.13,0.11998566303478318,0.5979644688113654
86,38869.829999999994,0.10349759905690689,0.620924874028581
87,38701.74,0.14854768979859562,0.5784427428601547
88,38653.11,0.26405443614953883,0.46736714243666266
89,39420.69,0.21946580955103365,0.3166956609600624
90,41314.15000000001,0.1928205486160508,0.15334466746620617
91,41096.189999999995,0.17202696324463027,1.098268689238284e-06
92,40442.520000000004,0.17609925966304812,0.0
93,39456.740000000005,0.18125070632266818,0.0
94,37863.600000000006,0.17881874043002038,0.0
95,36100.50000000001,0.12296163587653815,0.0
96,35007.36000000001,0.0861447745418043,0.0
97,34646.37,0.06980129896893511,0.0
98,34691.3,0.06104954562678242,0.0
99,35211.549999999996,0.061375839000534047,0.0
100,36519.130000000005,0.06805571251614848,0.0
101,39073.88999999999,0.04874180388715678,0.0
102,42742.020000000004,0.05127071602837256,0.0
103,44873.34000000001,0.07581030444445923,0.0
104,44600.26000000001,0.09040265377890938,0.0
105,43264.38,0.11577764186837027,0.025698389059486623
106,42035.38,0.1410163512312727,0.2053081522288264
107,40946.14,0.1463240198457281,0.3494625073034865
108,39999.25,0.16118394082622575,0.4953016065474383
109,39398.67,0.17304960767238156,0.5932023757748284
110,38851.65,0.26927790002238083,0.6165197183160461
111,38578.3,0.4007613881373246,0.574876664426198
112,38654.53999999999,0.4891846765097579,0.4675714204128609
113,39784.7,0.491457096576191,0.3167527709319028
114,41685.47,0.4374585901023976,0.15438143310884722
115,41482.490000000005,0.37730371985525646,9.884418203144556e-06
116,40825.799999999996,0.4538485998745793,0.0
117,39480.969999999994,0.5789253259055888,0.0
118,37541.63999999999,0.7113671969349477,0.0
119,35429.81999999999,0.6802762580299194,0.0
120,33903.39000000001,0.6473139795382479,0.0
121,32945.060000000005,0.6240407861177404,0.0
122,32457.65,0.5223508191127036,0.0
123,32364.33,0.415712715580758,0.0
124,33023.31,0.35016984982749116,0.0
125,34883.98,0.2750293054659957,0.0
126,37689.14999999999,0.28982607289028345,0.0
127,39324.79,0.3731173038528102,0.0
128,39843.81,0.39759706258406635,0.0
129,40494.799999999996,0.5174076683928638,0.02412347175911891
130,40844.49999999999,0.5124750432657257,0.19444298008619207
131,41033.51,0.5900015732991196,0.33181882081087344
132,40812.23,0.608906091769873,0.4705422372172504
133,40555.32,0.5502807563358529,0.5751896710026312
134,40254.01,0.6094052264553572,0.5997227969828361
135,40318.71,0.6059129455926573,0.5610066291498078
136,41149.16999999999,0.5986946049135682,0.4630707153243625
137,42240.14,0.5863059823037089,0.31502739082110937
138,43295.65,0.5698622366108922,0.1553929385716356
139,42956.84,0.5250847033223204,9.884418203144556e-06
140,42344.99,0.6287606834765923,0.0
141,41175.409999999996,0.7406732169091986,0.0
142,39372.49,0.7525848639761037,0.0
143,37659.59,0.6979110576337135,0.0
144,36613.26999999999,0.633266191131468,0.0
145,36066.3,0.5700627768507872,0.0
146,35945.729999999996,0.5329423352633947,0.0
147,36288.759999999995,0.5087949636700858,0.0
148,37466.0,0.48825011467356266,0.0
149,39944.65,0.48989875487778134,0.0
150,43601.399999999994,0.4970478482364646,0.0
151,45750.850000000006,0.4950928578867712,0.0
152,45855.4,0.44952812105982753,0.0
153,45208.93,0.3922472915988042,0.02521624910491102
154,44440.149999999994,0.3342972560333807,0.20797804341236456
155,43519.229999999996,0.32399824056408316,0.35355685297696715
156,42640.30999999999,0.368773557938402,0.5002778619783768
157,41869.83999999999,0.38512423523259337,0.6086802764122634
158,41267.57,0.35887285305607813,0.6340722485074526
159,40999.520000000004,0.30801429707876016,0.5929409878267895
160,41346.020000000004,0.24954241370675925,0.4848636609249177
161,42806.46000000001,0.19652998907554273,0.33044818148670435
162,44727.21,0.15009938375424625,0.1637639425210098
163,44865.67,0.12573873041408787,1.8670567717050832e-05
164,44576.45,0.13504501629804935,0.0
165,43523.62,0.16838123031991156,0.0
166,41756.34,0.21633029088306405,0.0
167,40085.24999999999,0.23691558031470417,0.0
168,39066.939999999995,0.26074884606265275,0.0
169,38622.729999999996,0.2992115777087892,0.0
170,38633.810000000005,0.28552886117518805,0.0
171,39052.770000000004,0.27743966619467697,0.0
172,40251.08,0.2786833480691631,0.0
173,42726.88,0.25826092833511716,0.0
174,46227.35999999999,0.2398921071350223,0.0
175,48364.810000000005,0.23070271072790566,0.0
176,48474.5,0.2158483295330404,0.0
177,47720.33000000001,0.19433124815802133,0.025370006721404367
178,47075.06999999999,0.18273536887216624,0.20356739635638377
179,46190.240000000005,0.19367145968919589,0.34640712381002564
180,44801.740000000005,0.24468512966422254,0.4909930984795565
181,43295.469999999994,0.3280356363330164,0.5987903668656726
182,41985.93,0.2627559103972913,0.6252223994095704
183,41214.15,0.214703255842812,0.5861745544323922
184,41394.659999999996,0.19167602890438562,0.4864726245546516
185,43214.36000000001,0.16865988153722397,0.33215049795502344
186,45737.89,0.15015865946051357,0.16598354354196038
187,46169.46,0.14799481919247665,2.7456717230957103e-05
188,46217.21000000001,0.15339223233417765,0.0
189,45802.200000000004,0.16925374655702327,0.0
190,44850.47,0.18497676613905747,0.0
191,43858.2,0.15722022420620413,0.0
192,43237.920000000006,0.13733959550701222,0.0
193,43080.47000000001,0.13234824865217024,0.0
194,43350.04999999999,0.11920510723917027,0.0
195,43904.88,0.1162030974049428,0.0
196,44793.05999999999,0.12032746780830568,0.0
197,46231.36,0.11982223935862577,0.0
198,48198.280000000006,0.12437483519137747,0.0
199,50037.66,0.13623274633764773,0.0
200,50227.350000000006,0.13756561876081644,0.0
201,48817.02000000001,0.14086788497632297,0.024789022584797316
202,47012.090000000004,0.16449950252725024,0.19916663371860593
203,45095.61,0.2094382435777265,0.33926727906128773
204,43293.80999999999,0.302235192706983,0.4805046324973308
205,41662.40000000001,0.4155010957695983,0.5487378696223273
206,40555.66,0.4129611040571175,0.5737081065408485
207,40130.5,0.4264632235791006,0.5385777859781835
208,40577.25,0.4599678470841892,0.3666811638133645
209,42660.85,0.4527899468402172,0.25016254376600716
210,44974.259999999995,0.45789984510759374,0.12446239747661773
211,45251.369999999995,0.47145902442159127,2.7456717230957103e-05
212,45073.57,0.5629541239272206,0.0
213,44399.43,0.6687357766003887,0.0
214,43079.06,0.7376052836259449,0.0
215,41755.68,0.7443881971543231,0.0
216,40635.9,0.7277743800425899,0.0
217,39932.43,0.7035184286508853,0.0
218,39548.74,0.6795937564400009,0.0
219,39529.48999999999,0.6644734655347777,0.0
220,39895.49999999999,0.649773644359058,0.0
221,40726.219999999994,0.5933897061919293,0.0
222,42026.36,0.543656834655126,0.0
223,43777.659999999996,0.5287354220541083,0.0
224,45594.340000000004,0.5041083050250288,0.0
225,47850.27,0.502903955628533,0.010283089737338057
226,49710.79,0.4913296815066444,0.07798915789149984
227,51057.63000000001,0.4691816185480886,0.1351661241219341
228,52055.65,0.4520869480434586,0.19306575114988728
229,52323.96,0.45377658266135734,0.22975671151995983
230,52343.85000000001,0.47673456227937805,0.24085910969946972
231,52549.15,0.5330913554969078,0.22693965233206356
232,52920.49999999999,0.5351986899514934,0.18699671837315648
233,54303.479999999996,0.4977763300471326,0.12794610575888166
234,55471.76,0.4333320037847816,0.06414108798889424
235,55083.920000000006,0.32298612172903357,3.184979198791024e-05
236,53949.77999999999,0.3295358102822854,0.0
237,52342.909999999996,0.45224261601973054,0.0
238,50040.0,0.48926334146573874,0.0
239,48057.13,0.42452042075779844,0.0
240,46683.03,0.36061566961604863,0.0
241,46023.01,0.311650612367904,0.0
242,45773.200000000004,0.29073625966969596,0.0
243,46067.75000000001,0.2700041659187956,0.0
244,47212.25000000001,0.25828253349908376,0.0
245,49562.70999999999,0.24086655542777122,0.0
246,52989.75,0.2321690919848166,0.0
247,55313.07,0.22405829184033907,0.0
248,55798.149999999994,0.2066600410830503,0.0
249,55076.45,0.18220631934426665,0.022939538112120045
250,53958.100000000006,0.16698908219047556,0.2047414455851794
251,52530.409999999996,0.14489752504537085,0.350866094688333
252,50972.15000000001,0.15448966386796698,0.49963427652648357
253,49377.01000000001,0.1768992047083746,0.6081542057101187
254,47864.31,0.16479809697283956,0.6365169946096967
255,46965.77999999999,0.16182378606677436,0.5983949901375472
256,47374.87,0.17956384159758557,0.494572356137784
257,49490.57,0.1358427454291229,0.3399822519779816
258,52208.9,0.11964053438988126,0.17405472013917245
259,52695.02,0.1419874756526421,3.9537672812578225e-05
260,52562.939999999995,0.11454503956514901,0.0
261,51725.84,0.12152129161209978,0.0
262,49879.32,0.1528687225919106,0.0
263,48296.57,0.13263022374086214,0.0
264,47544.77,0.1397704534425336,0.0
265,47504.04,0.18839592183140896,0.0
266,47835.25,0.1826107236954359,0.0
267,48505.68,0.17771798502485148,0.0
268,50016.61,0.1786314956756433,0.0
269,52764.91,0.16995120556814938,0.0
270,56546.62999999999,0.16544846780608977,0.0
271,58597.810000000005,0.15994746067306181,0.0
272,57382.329999999994,0.18086458326408608,0.0
273,54460.48,0.20631491243814837,0.024374975288954475
274,51606.67,0.2124818018041974,0.16748048376539215
275,49087.899999999994,0.18945900669427698,0.2847645970891485
276,47154.740000000005,0.17684934663768254,0.402730735268922
277,45491.71000000001,0.1637726826522721,0.5206166998343807
278,44281.34,0.19929821995608063,0.5440680311556858
279,43886.76999999999,0.24756803410735226,0.5112528609899349
280,44508.96000000001,0.3216510333916119,0.46588008663143393
281,46667.02,0.23713052399724344,0.32104260843206767
282,49073.85,0.18775219874091756,0.16548053648228916
283,49458.369999999995,0.15517105750075896,0.0006941058115985956
284,49267.420000000006,0.19751884081093599,0.0
285,48337.670000000006,0.25530545270020233,0.0
286,46442.649999999994,0.30733788925303746,0.0
287,44937.58000000001,0.31801028627396244,0.0
288,44195.700000000004,0.33589493020978073,0.0
289,44223.579999999994,0.3613258701341293,0.0
290,44652.18,0.3425515366257389,0.0
291,45572.630000000005,0.32611610061137075,0.0
292,47290.97,0.308568829620569,0.0
293,50321.59,0.3079306463157102,0.0
294,54283.38999999999,0.30519787006322013,0.0
295,56375.84,0.30074222047903637,0.0
296,55037.579999999994,0.3124837961270251,0.0
297,51873.75,0.3390520540417168,0.028960247066524315
298,48584.34,0.3409350271781884,0.22269154904208993
299,45831.39,0.3546227295188586,0.3788532756961922
300,43411.479999999996,0.36423148769835206,0.5370237357829112
301,41384.079999999994,0.3356190488852843,0.6492272581502514
302,40052.06999999999,0.3510456899359822,0.6775702782134243
303,39352.75,0.357408133734857,0.6358020216930028
304,39477.24,0.35595947979196996,0.5240279223831549
305,40833.85999999999,0.37969358337709763,0.36273837921899893
306,43764.95,0.3568153766721843,0.18869574003540804
307,44447.18,0.3369458275442573,0.0008610426523628147
308,44628.29999999999,0.38720165484476426,0.0
309,43830.10999999999,0.4583457978510065,0.0
310,42235.009999999995,0.507770657306645,0.0
311,40788.999999999985,0.5375436812097121,0.0
312,39976.5,0.564467039383444,0.0
313,39756.159999999996,0.581365047498122,0.0
314,39925.20999999999,0.5531647687361089,0.0
315,40508.740000000005,0.5415234632080675,0.0
316,41799.88,0.5250348452516282,0.0
317,44439.34,0.5445415384206295,0.0
318,48213.240000000005,0.5536976961139514,0.0
319,50235.49,0.5700555751294648,0.0
320,49225.96,0.49461034255818453,0.0
321,46980.2,0.49810705524939014,0.027239260030487922
322,44681.01,0.511997513744208,0.21155949760797063
323,42790.88,0.5545580248226716,0.3587329933093471
324,41334.35,0.5275294107219228,0.5072430820055263
325,40224.60999999999,0.5470133907698309,0.6156674618131973
326,39381.7,0.5510225336320386,0.644657362134331
327,38871.46000000001,0.5597820426740767,0.6070822954694216
328,38985.45000000001,0.5664547144683689,0.5066730805558116
329,40060.71000000001,0.5392876057268089,0.3524476016008362
330,42383.83,0.4557088598899577,0.1852318005895506
331,42826.100000000006,0.27561596876447275,0.0016067670923556098
332,42643.740000000005,0.21797837710871945,0.0
333,41931.47000000001,0.19721082872977144,0.0
334,40524.55,0.1873483483683116,0.0
335,39303.4,0.2147326167066639,0.0
336,38635.11,0.27444707399602464,0.0
337,38579.59000000001,0.3168674284979868,0.0
338,38854.66,0.3257792816449176,0.0
339,39676.600000000006,0.35311424589114104,0.0
340,41233.95,0.4088710803246759,0.0
341,44102.9,0.4047328604572317,0.0
342,48012.700000000004,0.4355828186872481,0.0
343,50378.08,0.4721969238678341,0.0
344,49984.75,0.49109978040289765,0.0
345,48527.86,0.5032446524449291,0.02905799297986652
346,47179.14,0.46677236577653414,0.21585592472027074
347,45846.11,0.4705255705425223,0.3666306434536595
348,44503.38999999999,0.4533838118600163,0.5195788359230505
349,43271.59,0.3483710814326329,0.631659352197196
350,42248.19,0.3868171937218718,0.661382896002741
351,41710.96,0.39177973369142516,0.6229204282369265
352,41837.77,0.2948822352370254,0.5277609376578759
353,43163.63,0.4321110350313885,0.36739064538661237
354,45413.5,0.4758930688418082,0.19422332634834433
355,45821.56,0.4283517365012044,0.002422780728459655
356,45939.72000000001,0.44012599688442455,0.0
357,45529.05000000001,0.44626130947236875,0.0
358,44567.25,0.4131882352680481,0.0
359,43439.850000000006,0.4077863902978411,0.0
360,42553.98999999999,0.39516011088434927,0.0
361,42081.52,0.3840002127277684,0.0
362,42016.92,0.3576324950529716,0.0
363,42437.01,0.33367513810685584,0.0
364,43387.98999999999,0.3107880677449304,0.0
365,44916.68,0.2632866218608805,0.0
366,47091.59,0.23890602529244526,0.0
367,48864.049999999996,0.23355459237149362,0.0
368,49163.03999999999,0.19200453819239005,0.0
369,47560.83000000001,0.1709683102102681,0.02838255773598497
370,45277.119999999995,0.1461822013335372,0.21388892549784505
371,42897.880000000005,0.11350965363044312,0.36153577500428324
372,40903.45,0.08473323716265475,0.5109167907710283
373,39068.39,0.0781298126887682,0.5835881316692365
374,37663.229999999996,0.08192124197562049,0.6098982563886286
375,37012.48999999999,0.10103627230040707,0.5735763142981404
376,37148.0,0.14255197980858933,0.4577561931371383
377,38656.740000000005,0.10919139072994428,0.31899763213270566
378,40861.19,0.09962639685694724,0.1693145924764201
379,41490.27,0.11466248302055708,0.0023700638313762174
380,41630.87,0.12035405877934147,0.0
381,41401.479999999996,0.1550840828663294,0.0
382,40803.65,0.2048341277385931,0.0
383,40076.259999999995,0.14263064476457019,0.0
384,39314.270000000004,0.11375672806965068,0.0
385,39051.42,0.11801848515669837,0.0
386,38942.799999999996,0.0955114440891595,0.0
387,39228.439999999995,0.09912892410715278,0.0
388,39836.03,0.12387348459164019,0.0
389,40749.89,0.09518348877971818,0.0
390,42206.53,0.08210904070856076,0.0
391,43730.43,0.08098114035379286,0.0
392,44210.29000000001,0.06885565756147498,0.0
393,43088.92999999999,0.05990225602230097,0.027668683087980088
394,41385.810000000005,0.056654833684555754,0.2080867720125992
395,39674.549999999996,0.05277255191333118,0.35271777569838886
396,38315.240000000005,0.06754439030227286,0.4995486115687228
397,37086.97,0.10171711195463584,0.6069537980327808
398,36218.969999999994,0.068332147819208,0.6359744498772134
399,35802.87,0.05614738932062285,0.5996503112493463
400,35948.97,0.0569999623294577,0.5106356339865834
401,37314.05,0.04312446125584724,0.3566495776058619
402,39714.340000000004,0.03577482765726898,0.19122175802065602
403,40305.62,0.039007846552369815,0.0033958467871247743
404,40354.310000000005,0.03666673314409425,0.0
405,40176.48,0.03975350169849829,0.0
406,39227.079999999994,0.0487661789439396,0.0
407,38408.99,0.0751710131824739,0.0
408,37997.63,0.13396198820690433,0.0
409,38046.84,0.23382050208185146,0.0
410,38365.31,0.26548591675696515,0.0
411,39026.14,0.30915549291904604,0.0
412,40358.10999999999,0.3549517927854264,0.0
413,42567.219999999994,0.3780682102725354,0.0
414,45040.009999999995,0.39698602422880647,0.0
415,46606.119999999995,0.40427084233548516,0.0
416,46618.2,0.42587323640924385,0.0
417,45485.92,0.4544336012373667,0.027845504346947457
418,44183.52,0.43086125939270664,0.21052602677139745
419,42805.219999999994,0.37708102047283176,0.35500766591545074
420,41382.090000000004,0.3709983358483962,0.5010257829557482
421,39976.29,0.4564168444937856,0.6011329739798178
422,38963.0,0.4096300309563222,0.6271520574965619
423,38527.61,0.3601176428876909,0.589195891596487
424,38601.630000000005,0.34348997631187655,0.4904867966138178
425,39440.66000000001,0.2974715310416349,0.3440974647565576
426,41177.649999999994,0.3025105200529161,0.18652885591154095
427,41126.19,0.37751644762354275,0.0033903554436785837
428,40246.87,0.42492150123758826,0.0
429,38774.450000000004,0.5370107538318697,0.0
430,36684.979999999996,0.673722691626725,0.0
431,34622.53,0.6799754476700772,0.0
432,33031.0,0.6869494838027745,0.0
433,32133.1,0.6902633835681095,0.0
434,31702.41,0.678296892623443,0.0
435,31675.199999999997,0.6642729252948829,0.0
436,32510.21,0.6580583937723946,0.0
437,34510.189999999995,0.6383057341213125,0.0
438,37626.659999999996,0.6047667639453025,0.0
439,39571.06999999999,0.5512496648429691,0.0
440,40095.17,0.561719305709746,0.0
441,40744.630000000005,0.5664635781253808,0.024949369813426096
442,41421.08,0.5148820801230275,0.11817480923072858
443,41765.280000000006,0.5750596634912615,0.1989118353827027
444,41834.01,0.5969700696461849,0.2814599066032305
445,41866.630000000005,0.6041357823617658,0.31355021943408395
446,41731.61,0.6400967468162853,0.3305569100869386
447,41753.18,0.6422483995559307,0.31360403459985664
448,41950.08,0.6342788639450807,0.28801657067798314
449,42866.09,0.6420844219012101,0.20215941589678013
450,43892.61,0.6381650235662482,0.1099641525099832
451,43237.57,0.5930728304537529,0.0050124982976835295
452,42152.22000000001,0.6414418067678451,0.0
453,40696.450000000004,0.6940448412408233,0.0
454,38540.36,0.6724867654521243,0.0
455,36556.520000000004,0.5671876281075426,0.0
456,35152.8,0.4420760014270488,0.0
457,34489.590000000004,0.35850168741870364,0.0
458,34179.65000000001,0.3186661968928451,0.0
459,34376.38,0.2892238981920356,0.0
460,35241.01,0.2581878031647687,0.0
461,37377.469999999994,0.18762145979999165,0.0
462,40609.93000000001,0.16185647080200588,0.0
463,42577.32,0.1605590530068849,0.0
464,43279.130000000005,0.15200451603324755,0.0
465,43685.380000000005,0.1454027534950508,0.010481876370090182
466,43826.799999999996,0.14058424795194127,0.07122601930317046
467,43820.45,0.13301579282088105,0.1221615245726636
468,43650.79,0.13831681369257734,0.17414258163431154
469,43075.45,0.138602666631212,0.29754075675105734
470,42734.03,0.13343127674331515,0.31284732747297145
471,42741.530000000006,0.13109791903492507,0.29559462463372715
472,43260.689999999995,0.12811585242897444,0.24805057307660194
473,44355.38,0.1595186812651098,0.17364945899284367
474,45368.8,0.1924006328651107,0.09474105020845132
475,44852.16,0.23215524252073547,0.0060393795221213254
476,43890.25,0.29360199077736493,0.0
477,42253.18000000001,0.3872083025875231,0.0
478,39985.009999999995,0.4640894475947358,0.0
479,37725.91,0.4322090892370829,0.0
480,36207.77999999999,0.4006550242531815,0.0
481,35269.38999999999,0.37283754467837127,0.0
482,34847.72000000001,0.401068846239926,0.0
483,34780.17,0.4473504313277095,0.0
484,35393.54,0.4464197473414569,0.0
485,37228.67,0.43838373430301747,0.0
486,40178.490000000005,0.41371119103175186,0.0
487,41817.11,0.3830357360491579,0.0
488,42025.05000000001,0.31586971310558165,0.0
489,41984.670000000006,0.2777338288117603,0.019159297283761874
490,41752.22,0.21511209202248718,0.10656171611072299
491,41654.920000000006,0.24989806794436287,0.179892018222474
492,41187.600000000006,0.2781664860696551,0.2544853293268491
493,40908.340000000004,0.280736392624551,0.3103608471605359
494,40429.259999999995,0.291765551840206,0.3261517543744041
495,40197.18,0.29683168580108626,0.309102231242669
496,40445.719999999994,0.2921516748987881,0.2609596232499086
497,41235.02,0.3026949949144768,0.18346907934332313
498,42249.41,0.29596637128529674,0.10052563139466937
499,41694.52,0.17354985031499226,0.0064655077735457775
500,40785.469999999994,0.2538667703714537,0.0
501,39436.520000000004,0.41723781856537295,0.0
502,37483.020000000004,0.5446938825255221,0.0
503,35518.08,0.525648099521141,0.0
504,34119.23,0.5066704558800393,0.0
505,33204.57,0.4646395483080387,0.0
506,32807.520000000004,0.43332591002058585,0.0
507,32843.38,0.4462313946299534,0.0
508,33527.78,0.4678731211817028,0.0
509,35312.03,0.34772735834214163,0.0
510,38245.68,0.22783919553448967,0.0
511,40058.86000000001,0.17940263383568109,0.0
512,40506.41,0.16084102809557682,0.0
513,40864.630000000005,0.17706152042740558,0.023505146487077754
514,40883.83,0.18923242946190957,0.18988077195109618
515,40897.93,0.22037322643762974,0.32225619533367567
516,40786.920000000006,0.23406923845674868,0.45740914023133894
517,40715.58,0.2462484571697014,0.5701563055998514
518,40579.30999999999,0.24130586042842478,0.5995657445602749
519,40638.53,0.2576676172938812,0.5680004041628771
520,40805.91,0.27535615281831055,0.48645395398693486
521,41170.55,0.2893009012123267,0.34419740720727826
522,41896.78999999999,0.2630849736638591,0.1922519340511617
523,41268.649999999994,0.21020162603787887,0.008346842038210957
524,40276.579999999994,0.22009014339181138,0.0
525,39206.170000000006,0.2385193482552999,0.0
526,37684.78,0.2584758720176564,0.0
527,36051.84,0.25926307555602834,0.0
528,34646.719999999994,0.26775722886627185,0.0
529,33672.55,0.2820903162331229,0.0
530,33115.85,0.24013641168141356,0.0
531,32938.46,0.2149542081319622,0.0
532,33154.840000000004,0.2026436964995203,0.0
533,33945.46000000001,0.1600139381006513,0.0
534,35140.89999999999,0.12818288383512713,0.0
535,36535.509999999995,0.10789286497769686,0.0
536,38080.83,0.10855763925359144,0.0
537,39379.17999999999,0.1242684713072343,0.030782274821970625
538,40097.090000000004,0.15493229274000017,0.2014708014286278
539,40189.14000000001,0.2176310325495645,0.33784172630265624
540,39956.21,0.35619824455272897,0.4760149100957248
541,39412.409999999996,0.48849054137001136,0.5527816949361023
542,38906.33,0.5392455033560024,0.5791796811506339
543,38690.72,0.5698289978970975,0.5470048016307089
544,38812.69,0.5924706557555047,0.4646928581783675
545,39604.950000000004,0.5913460792721166,0.3290456923705468
546,40458.079999999994,0.5669327979684498,0.1849330715060777
547,40038.240000000005,0.540876416246197,0.014050151341425371
548,39350.47999999999,0.588152392855006,0.0
549,38381.73,0.6774830981140354,0.0
550,37021.020000000004,0.7236727227603201,0.0
551,35500.42,0.7205538234492479,0.0
552,34158.61,0.6659753014197362,0.0
553,33078.92999999999,0.5913726702431522,0.0
554,32333.710000000003,0.5716272123133925,0.0
555,31978.0,0.5629779450054403,0.0
556,31981.029999999995,0.5518413139485155,0.0
557,32304.519999999997,0.49391842333269076,0.0
558,33056.06999999999,0.43878536876137036,0.0
559,34117.590000000004,0.38068298909105425,0.0
560,35402.829999999994,0.30477241452664755,0.0
561,36846.3,0.24171137273672058,0.0287362002539197
562,37779.94,0.22220855741766224,0.18214346903541254
563,38552.55,0.2043671238097771,0.3060369633310048
564,39070.39,0.23487749318052395,0.4326585570506652
565,39192.729999999996,0.2925538633357043,0.5276269488777887
566,39181.439999999995,0.3446577631231983,0.5534878817032827
567,39158.93000000001,0.4288879877504261,0.523456822664751
568,39231.95,0.4913119541926206,0.45308305986442937
569,39939.479999999996,0.5296965748613391,0.32116341798788384
570,41131.98,0.5582680192607269,0.18089254099837004
571,41045.44,0.6192488715456665,0.01017655767448194
572,40221.61000000001,0.6028173133812413,0.0
573,39038.0,0.6291772753561529,0.0
574,37077.54,0.6454620292013181,0.0
575,35030.10999999999,0.7320300433654422,0.0
576,33405.810000000005,0.8547545764169111,0.0
577,32351.370000000003,0.9159337530274927,0.0
578,31771.98,0.8135490969041461,0.0
579,31701.13000000001,0.7833262424077237,0.0
580,32314.59,0.8319367533753914,0.0
581,34049.68,0.780887628772317,0.0
582,37001.72,0.736572667584055,0.0
583,38982.72,0.7227858030805638,0.0
584,39621.34999999999,0.673849552717708,0.0
585,40118.840000000004,0.6793583155506213,0.032985401812582645
586,40663.57,0.6025442019495615,0.21766696978882474
587,41023.270000000004,0.5966797848790444,0.3653654379236569
588,41098.94,0.5994740527520548,0.517405362187048
589,40979.19,0.600023045508231,0.631346345620763
590,40665.1,0.5835305497018488,0.6642570651624775
591,40343.41,0.5563274323536778,0.63057206619485
592,40293.01000000001,0.5325584281190656,0.5347228628789574
593,40480.28,0.540382267367782,0.38048310643102207
594,41728.04,0.5295663898989765,0.21580760089794432
595,41410.36,0.4906649072307499,0.012267661258791637
596,40538.74000000001,0.5506087116452945,0.0
597,39178.55,0.591151078817854,0.0
598,37158.32,0.3739477177191152,0.0
599,35154.64000000001,0.3348102401829459,0.0
600,33916.57,0.30713291718463664,0.0
601,33269.23,0.29343912107977077,0.0
602,33199.81999999999,0.20010979855123537,0.0
603,33479.02,0.18636614437567722,0.0
604,34565.49,0.24201439901081595,0.0
605,36894.11,0.21586771878275401,0.0
606,40744.469999999994,0.23694106332861326,0.0
607,43077.630000000005,0.3283181654002716,0.0
608,43134.909999999996,0.24928259776059705,0.0
609,42441.61000000001,0.21214110498780142,0.03529066779129378
610,41622.4,0.19370137453161115,0.21509262798125028
611,40995.689999999995,0.19709338527436346,0.3565463403490735
612,40489.34,0.24175015123614782,0.501696825124873
613,40067.9,0.2717070960222125,0.6130030619731054
614,39760.13000000001,0.24577425151956322,0.6450110046522657
615,39632.24,0.2369549127926946,0.6129821948680099
616,39765.78,0.25335655611470465,0.5389500990638355
617,40316.87,0.2189422998087666,0.3844291858314553
618,42135.93,0.19286874475105312,0.21951974906756969
619,42182.41999999999,0.152815540649839,0.014200614151851015
620,41556.03,0.15927049886877578,0.0
621,40349.46,0.180302849000955,0.0
622,38442.36000000001,0.23588296427281455,0.0
623,36539.59,0.2186858077339839,0.0
624,35194.33,0.21975387840392138,0.0
625,34478.99,0.2715060018037542,0.0
626,34177.64000000001,0.24094466640518877,0.0
627,34330.820000000014,0.23765735761089,0.0
628,35272.219999999994,0.2546190732603411,0.0
629,37728.8,0.3267742271445064,0.0
630,41534.29,0.48695546677125784,0.0
631,43965.3,0.5981284388219317,0.0
632,44082.2,0.5555269333297878,0.0
633,43530.23,0.5189948169765621,0.038619520188375
634,42804.13999999999,0.4383881661315235,0.23562146632049227
635,42034.24,0.46772188503393686,0.3924333680386236
636,41194.64,0.5453880176652685,0.5536658012309394
637,40485.159999999996,0.5724249414444659,0.6700174844375322
638,39871.57000000001,0.5245833527225834,0.7041978025840062
639,39581.20000000001,0.4266249853195682,0.6682986939388744
640,39848.920000000006,0.37932795752535575,0.5712886206184566
641,41030.2,0.2987323862515817,0.40842855322869004
642,43645.909999999996,0.22536512727103516,0.23458909375260822
643,44160.74,0.19969099075742167,0.01861894908865663
644,44057.219999999994,0.21453927818809124,0.0
645,43261.850000000006,0.23909493198251208,0.0
646,41705.78,0.25802659540286427,0.0
647,40237.13999999999,0.2792378806109719,0.0
648,39499.66,0.30704538857164393,0.0
649,39434.840000000004,0.3553345919726291,0.0
650,39756.46,0.3417632251302404,0.0
651,40438.64,0.3364616502799808,0.0
652,42028.200000000004,0.35273200068250166,0.0
653,45001.729999999996,0.34208730258973913,0.0
654,49300.37,0.3315877468805467,0.0
655,51663.48,0.3193747354752362,0.0
656,51315.399999999994,0.311820129808257,0.0
657,49558.47,0.3005195210966117,0.0414299897641358
658,47430.93000000001,0.28952304661618805,0.22216218353387704
659,45507.41,0.3253167095446074,0.36753891165965963
660,43561.09,0.4096787810698878,0.5164553597708568
661,42158.53,0.4974428349520588,0.5685583246570105
662,41241.020000000004,0.5197986398718314,0.5968672983908165
663,40745.619999999995,0.5190291636474835,0.5661025958678736
664,40827.74,0.514492633193066,0.47049171685754543
665,41884.12000000001,0.4912515705292269,0.33658860172823557
666,44626.770000000004,0.4518664645752868,0.1937082383330916
667,45320.46,0.4232124773699758,0.015310963796670915
668,45109.689999999995,0.43105625984696894,0.0
669,44309.97,0.45065879130741177,0.0
670,42496.93,0.4563841597585541,0.0
671,40778.75,0.467952340116247,0.0
672,39759.78999999999,0.4720440257843784,0.0
673,39322.28999999999,0.47773006175753036,0.0
674,39318.71,0.4212270181993038,0.0
675,39770.84,0.3809472368657221,0.0
676,41051.10999999999,0.3516883050693471,0.0
677,43481.03,0.33936394397282404,0.0
678,47104.549999999996,0.3273752938856279,0.0
679,48871.46999999999,0.311616819675546,0.0
680,48172.42,0.34962473492125756,0.0
681,46492.64,0.4162993788792349,0.03308863906937101
682,44641.740000000005,0.43487981989048946,0.17605137261620765
683,42813.1,0.49087541908478327,0.289596979321797
684,41164.85,0.49008267576077885,0.40574767935825945
685,40195.53,0.49620580082033156,0.491913447641138
686,39388.05,0.5247750293054662,0.5152198074954638
687,38828.31,0.5394970096237157,0.48764667378344734
688,38670.990000000005,0.558275220982049,0.45639104515641526
689,39295.25,0.5622815939514405,0.32735435858911993
690,40711.36,0.5339899087264921,0.18996863344623519
691,40563.09,0.5111155798715213,0.02129103680957337
692,39978.130000000005,0.5659289888118489,0.0
693,39124.22,0.6421669647071339,0.0
694,37742.079999999994,0.6877400112125265,0.0
695,36247.619999999995,0.8748263277204227,0.0
696,34855.69,0.9411624907762567,0.0
697,33865.08999999999,0.9150102707625627,0.0
698,33295.64,0.901709799437601,0.0
699,33006.75,0.8917464949776305,0.0
700,33124.68000000001,0.8746235715662749,0.0
701,33627.52999999999,0.8628897516181715,0.0
702,34782.649999999994,0.8478038073838698,0.0
703,36098.53999999999,0.8198528189753171,0.0
704,37411.99,0.8010408149246258,0.0
705,38535.88000000001,0.7515954582621469,0.03802974990225407
706,39013.96,0.6483022772950778,0.22107929060628811
707,38898.420000000006,0.5772052224667115,0.36579815578721686
708,38506.11,0.34543056321892573,0.5154746058313671
709,37927.02999999999,0.17868633955340466,0.6378184430064446
710,37589.33,0.25351610194091934,0.6716110723056171
711,37536.93,0.3401960197748188,0.6392385044216294
712,37712.530000000006,0.4875105532916299,0.5497779300710354
713,37910.93,0.6427331307987706,0.39595441745632176
714,38875.02999999999,0.6527534950507556,0.231974116003532
715,38764.409999999996,0.5543801977038697,0.01943496272476068
716,37954.74,0.5902320283814299,0.0
717,37060.72000000001,0.5583854627161349,0.0
718,35904.42,0.47114547255479416,0.0
719,34650.770000000004,0.4372580498625026,0.0
720,33498.7,0.4581801582605959,0.0
721,32997.450000000004,0.511563748529187,0.0
722,32781.02,0.44724129755075015,0.0
723,32892.74,0.41411060957585183,0.0
724,33237.98999999999,0.40186158956393025,0.0
725,34093.02999999999,0.3971234109124913,0.0
726,35567.11,0.3962453548897473,0.0
727,36944.45,0.39580494193196714,0.0
728,38262.63999999999,0.40243994318395854,0.0
729,39221.73,0.43048566192682614,0.04328276904288078
730,39330.83,0.4355988840655822,0.23513383502247032
731,38914.02,0.5260447481724247,0.38629075125971396
732,38317.5,0.5707962444685241,0.5419747310339977
733,37565.99,0.5809340521759171,0.6562001660582254
734,36990.31,0.5952948384709305,0.690067477628266
735,36687.49999999999,0.5991488673354295,0.6562364089249704
736,36891.53,0.5967324128425525,0.5625496966581874
737,37772.719999999994,0.605427106392691,0.4057399914774346
738,40048.240000000005,0.5817328892641169,0.23874164766661818
739,40792.94,0.47470201493083025,0.0214810372928116
740,40589.659999999996,0.4687467453759409,0.0
741,39880.79000000001,0.46184029462795917,0.0
742,38396.34,0.41136453783784377,0.0
743,36924.92,0.42940872759987686,0.0
744,36055.03,0.4201772288219535,0.0
745,35849.82,0.41115070211243127,0.0
746,36087.23,0.35806404435373984,0.0
747,36801.299999999996,0.31938138321799503,0.0
748,38346.48,0.30266009426499235,0.0
749,41216.549999999996,0.2741279823435953,0.0
750,45428.19,0.25526944409359137,0.0
751,47907.10999999999,0.2373598711224271,0.0
752,47250.74,0.192981202399392,0.0
753,45650.91,0.15878521364737275,0.04763410958964288
754,44101.13,0.14151991774526299,0.24961231115269877
755,42637.630000000005,0.11709832676314762,0.4132872939098802
756,41153.51,0.12437538916994065,0.5718037086337096
757,40105.259999999995,0.14260626970778736,0.6439248169186091
758,39292.3,0.14186116854022218,0.6785378529286428
759,38720.48,0.1425048916307135,0.6510800374289968
760,38683.65,0.1661248756318126,0.5179665774872488
761,39396.19,0.13472537066705667,0.37227025317289814
762,41707.1,0.10769454065205497,0.2184225786470207
763,42509.86,0.08635528639583763,0.02134265543796757
764,42451.03,0.1123041962768209,0.0
765,41861.02,0.16373556608853465,0.0
766,40341.29,0.2379493043137203,0.0
767,38807.03000000001,0.24169198348700696,0.0
768,37764.329999999994,0.24783394381771,0.0
769,37311.94000000001,0.2574327303830651,0.0
770,37368.17999999999,0.24828045053968592,0.0
771,37759.219999999994,0.2403197785858478,0.0
772,39084.42999999999,0.23252640815810985,0.0
773,41709.60999999999,0.24523800027034154,0.0
774,45550.03,0.2559984798828224,0.0
775,47524.16000000001,0.2612972848402659,0.0
776,46870.09,0.26630358911631563,0.0
777,44874.71,0.28868210715718134,0.0447258941005399
778,43099.27,0.30046966302591954,0.23099226379535284
779,41560.23999999999,0.36846942370718017,0.3804710254754402
780,40168.67000000001,0.4110914264061639,0.5246660164916024
781,39200.810000000005,0.41680959313598415,0.6189359094323704
782,38375.810000000005,0.4367694407697201,0.6515336223976519
783,37947.64,0.4420034302352639,0.623952800804811
784,38022.799999999996,0.4412982155242521,0.5236380369984752
785,38649.07,0.3791141217999429,0.3771487626904944
786,40620.229999999996,0.25593034051954333,0.22279808110494592
787,41050.42,0.186085831222675,0.024977924799346306
788,40810.03,0.23333743277470145,0.0
789,39923.35,0.3132366529944758,0.0
790,38220.06999999999,0.3990883728763233,0.0
791,36601.64,0.39715664962628605,0.0
792,35657.58,0.3963206959743485,0.0
793,35274.98,0.40017140096746806,0.0
794,35255.02,0.3693729627438336,0.0
795,35708.689999999995,0.34551753785335537,0.0
796,36910.06,0.3245682845056627,0.0
797,39235.950000000004,0.3305157983606667,0.0
798,43089.51,0.33205031898085685,0.0
799,44705.310000000005,0.3266063716398431,0.0
800,43932.280000000006,0.331590516773363,0.0
801,42257.24,0.35499611107048606,0.0479449196286973
802,40761.17,0.37502409806750125,0.2409019421783501
803,39725.759999999995,0.3678162829811137,0.39414776546252467
804,38891.590000000004,0.3760938306731283,0.5411554225918261
805,38513.33000000001,0.4240495389790397,0.6454239536794195
806,38371.189999999995,0.5234726257032759,0.6786751365147976
807,38436.69,0.6083260762141546,0.6494183569021793
808,38739.850000000006,0.639550523952925,0.5383899820323237
809,39096.219999999994,0.6710358955949842,0.3892692559449282
810,40608.8,0.6701822146290227,0.23186538740329726
811,40850.759999999995,0.6292171618127066,0.028038799636253397
812,40121.78,0.7558500136278726,0.0
813,38696.66,0.8863346783932852,0.0
814,36541.93,0.9575691199053361,0.0
815,34327.15,0.9440725401689858,0.0
816,32775.909999999996,0.9116913851901586,0.0
817,31876.07,0.8750351776387663,0.0
818,31306.419999999995,0.8504208021166414,0.0
819,31184.509999999995,0.8278295563074891,0.0
820,31822.109999999993,0.7975374544906612,0.0
821,33581.85,0.7733524123550515,0.0
822,36420.32,0.762878893638332,0.0
823,37939.439999999995,0.7429727819252308,0.0
824,38389.880000000005,0.6475499744061907,0.0
825,39042.380000000005,0.6022300961042012,0.0503226713408982
826,39487.25,0.5352673832933361,0.2319290869872732
827,39826.340000000004,0.44905059153830995,0.3806917774819772
828,40094.98,0.5693869230036275,0.5256676375361874
829,40187.420000000006,0.4894871488052898,0.6474271957685899
830,40000.73,0.5523066559416419,0.6872581063211949
831,40042.880000000005,0.5220621962812528,0.6642757357301943
832,40080.98,0.4956645637640408,0.5618270358606687
833,40075.119999999995,0.48071102040635455,0.40764658592195235
834,41289.94,0.47376689911607184,0.24446802061230663
835,41451.60999999999,0.46012074516764506,0.028080533846444447
836,40745.23000000001,0.47992160095372927,0.0
837,39412.02,0.4437639741092579,0.0
838,37466.049999999996,0.3806835430696173,0.0
839,35542.2,0.3885312033965534,0.0
840,34312.64,0.3889018150553647,0.0
841,33684.93,0.4126403504689983,0.0
842,33597.200000000004,0.3426335254530991,0.0
843,33920.93,0.30231828949146994,0.0
844,34920.98999999999,0.30033283032079794,0.0
845,37136.82,0.2767649203046439,0.0
846,40624.51000000001,0.254738178651439,0.0
847,42777.11,0.23963339914598675,0.0
848,43409.43000000001,0.20956732058296274,0.0
849,43699.56,0.1944348421493482,0.05104203733234924
850,43409.14000000001,0.21238208566281322,0.24648004885099117
851,42756.31,0.22231602925893182,0.4038026455096184
852,41986.53,0.2779759174438987,0.5581994543801149
853,40992.670000000006,0.35277077918192884,0.667269616177058
854,40028.72,0.35895428790487527,0.7036915007182671
855,39566.18999999999,0.37593982463254605,0.674561022004911
856,39490.01000000001,0.38692355760601493,0.5749842947577436
857,40170.18000000001,0.3828972414083466,0.4161274167402505
858,41875.92,0.35184231110992936,0.2503481511744884
859,42243.09,0.35697547647696243,0.03149834600735399
860,41941.149999999994,0.3639932769161564,0.0
861,41406.47,0.39477620374002004,0.0
862,40098.17999999999,0.41787600187023155,0.0
863,38634.700000000004,0.4487946534420904,0.0
864,37277.92999999999,0.4755750851465053,0.0
865,36528.57,0.506459944026006,0.0
866,36134.43,0.4193595564626032,0.0
867,36012.939999999995,0.36144386756810065,0.0
868,36305.14,0.3317805314205561,0.0
869,37069.6,0.24121334600836292,0.0
870,38440.630000000005,0.21319532619365772,0.0
871,39859.81999999999,0.2452546196272389,0.0
872,41241.8,0.23443375635136424,0.0
873,42280.57,0.3156758206084457,0.056823323712499596
874,42256.41,0.40229646273607794,0.25977788614028824
875,41148.83,0.42151176318081196,0.4227269132938832
876,39927.310000000005,0.5108890026391539,0.5814838488606554
877,38679.48,0.5259738389163294,0.6985197534606442
878,37682.20999999999,0.5621580567318367,0.7397213033374183
879,37091.52,0.5895245977561651,0.7135506587415597
880,37034.810000000005,0.5929620347411035,0.6067275546827978
881,37526.97,0.6243044799138452,0.4414919321182087
882,38842.81,0.600692805591195,0.26740536218704813
883,39665.31,0.5525886310303338,0.03435494286806277
884,39523.350000000006,0.4630501838100875,0.0
885,38953.95,0.34478961002125064,0.0
886,38171.75000000001,0.24877182952528473,0.0
887,37312.020000000004,0.22834276204847978,0.0
888,36668.700000000004,0.2489380230942584,0.0
889,36367.19,0.319889381560491,0.0
890,36444.57000000001,0.2728654651979587,0.0
891,36958.85,0.2875137663672966,0.0
892,37734.82,0.3537989633953125,0.0
893,38860.35,0.3505836718142355,0.0
894,40363.39000000001,0.3591537201876436,0.0
895,41847.04,0.3660385657716587,0.0
896,42863.09999999999,0.39389814771727605,0.0
897,43128.01,0.43254923207491575,0.06212137186938505
898,42507.35,0.440327645081446,0.2706177981030701
899,41204.670000000006,0.42438968181687253,0.4365508212853256
900,39607.5,0.47597671960485827,0.5965498987396266
901,38446.81999999999,0.5380937819230149,0.7043987857541365
902,37598.08000000001,0.5674845606174423,0.7401232696776796
903,37249.450000000004,0.5884853339715166,0.7088028431979823
904,37319.659999999996,0.5900752524480313,0.5978403644494813
905,37792.149999999994,0.5148798642087746,0.43532954650289263
906,38939.75,0.42939930996430187,0.26453778263944694
907,39576.170000000006,0.37142046751358926,0.03582552464295283
908,39601.42999999999,0.43980856716768496,0.0
909,39474.740000000005,0.5347045410730789,0.0
910,38280.36,0.6231787954733305,0.0
911,36420.88,0.630833671260257,0.0
912,35105.81999999999,0.6363861983996669,0.0
913,34438.3,0.6646845313673744,0.0
914,34258.47000000001,0.5967113616571492,0.0
915,34371.38,0.5403639860751949,0.0
916,35149.80000000001,0.4926525823156749,0.0
917,37076.98,0.4399852863293603,0.0
918,40103.729999999996,0.40189981408479414,0.0
919,41702.7,0.3794592504448447,0.0
920,41874.049999999996,0.3297928563356313,0.0
921,41891.97,0.3022562438923864,0.06254420531474177
922,41741.409999999996,0.3022856047562384,0.25966146965922904
923,41385.16,0.2544750388338974,0.41827123722164355
924,40853.94,0.2631287379703556,0.5722177559295524
925,40462.490000000005,0.2965690999621079,0.6892547587982297
926,39753.490000000005,0.2693571189569248,0.7263993041369581
927,39262.76,0.2482461038687647,0.6977937978570575
928,39365.020000000004,0.2532612718018264,0.5947037090730167
929,39892.23,0.19801575958216722,0.4333339922945465
930,41430.15000000001,0.15593499393947455,0.2644103834714953
931,41740.33,0.1513197985290762,0.037665124697426944
932,41154.60000000001,0.1329160766794968,0.0
933,40039.799999999996,0.16435989992931233,0.0
934,38145.09,0.27690618483827156,0.0
935,36278.21000000001,0.2544628513055059,0.0
936,35104.829999999994,0.23768062471054616,0.0
937,34646.29,0.2277367095002892,0.0
938,34628.63,0.23205718831504094,0.0
939,35051.469999999994,0.25004099441368016,0.0
940,36318.54,0.27998187382141065,0.0
941,38832.73999999999,0.29421192117549827,0.0
942,42265.21,0.3565178901837215,0.0
943,44811.07,0.42587711425918673,0.0
944,45841.54000000001,0.30839377239458343,0.0
945,46547.56,0.2422387603289303,0.06477369075389554
946,47180.82,0.18031226663653024,0.27189947766341116
947,47321.159999999996,0.17924751983797238,0.43662111048143676
948,46999.34,0.1652257684236651,0.5968618070473705
949,46597.60999999999,0.1374958174618475,0.7094112840518202
950,46074.34,0.12856623700089306,0.7446722985885045
951,45767.73,0.1523651560779204,0.7129685763362631
952,46121.67,0.23112373443597223,0.5994998484389208
953,46934.41999999999,0.23094535333860716,0.4371120365855263
954,48446.63999999999,0.23843348157799676,0.2676228193875175
955,48567.28,0.26730130450872075,0.03719506569843295
956,47687.04,0.270830701935158,0.0
957,46187.19999999998,0.3012707160283725,0.0
958,43938.450000000004,0.3389285168221131,0.0
959,41754.58,0.3586462758237107,0.0
960,40520.659999999996,0.38966741342977,0.0
961,39990.89000000001,0.44077969158905433,0.0
962,39947.689999999995,0.4042985412636474,0.0
963,40278.899999999994,0.3848550016508561,0.0
964,41265.12,0.3758124095629996,0.0
965,43524.87,0.36331409919761737,0.0
966,46923.869999999995,0.368346994444703,0.0
967,49135.61,0.38102534784313985,0.0
968,49746.63,0.30063696455201966,0.0
969,50387.25000000001,0.2636184550202646,0.06848254411745315
970,51006.869999999995,0.23156026954380976,0.2535561940157533
971,51233.990000000005,0.29565115748281007,0.4070095900821939
972,51128.47,0.36021680505051173,0.5577107248134037
973,51082.020000000004,0.3880697392533699,0.6602791359700562
974,50906.94999999999,0.5014159692076556,0.6979794052655389
975,50961.810000000005,0.560046844427308,0.672523733586374
976,51614.670000000006,0.6076286172030289,0.5707339949303917
977,52709.77,0.6492036004174782,0.4186358624264707
978,53952.02,0.6759258643727521,0.25908817340344653
979,53979.77999999999,0.6910190103283763,0.05679367045789015
980,53332.55,0.7640034701217201,0.0
981,51937.369999999995,0.8492264243342841,0.0
982,49696.58,0.8761038022872666,0.0
983,47723.79,0.8441951910228883,0.0
984,46604.770000000004,0.8176967344071655,0.0
985,46226.939999999995,0.7954772082139511,0.0
986,46269.340000000004,0.7967358475096448,0.0
987,46777.51,0.8182656703916187,0.0
988,48141.05,0.8338280361903118,0.0
989,50731.76999999999,0.789780092669534,0.0
990,54184.94,0.6906716657692216,0.0
991,56832.54,0.5648891710486372,0.0
992,58104.28,0.5455215264990106,0.0
993,59097.63,0.5159385172431368,0.04646225689822561
994,59769.22,0.48303329854347943,0.23031243547671434
995,60106.740000000005,0.40959790019965403,0.3702175889927117
996,59834.24,0.36289584538236713,0.5094165557415287
997,59497.11000000001,0.31669957299332363,0.5951155598314811
998,59113.270000000004,0.3272689300014848,0.6276704403178825
999,58978.39000000001,0.337989523157412,0.6035799166194411
1000,59218.28999999999,0.3580712460750619,0.547138790410796
1001,59998.94,0.39641210243728414,0.39961055392279565
1002,61119.97,0.43867291111303164,0.24760028291401412
1003,61103.55999999999,0.5015854866480086,0.04188796780754816
1004,60543.58,0.4975669261502256,0.0
1005,58872.229999999996,0.5013755287725385,0.0
1006,56636.55,0.48884785754330484,0.0
1007,54682.01,0.5576575348840302,0.0
1008,53562.97,0.6420101887737352,0.0
1009,53152.299999999996,0.7329562955231883,0.0
1010,53141.03,0.791998222836769,0.0
1011,53554.79,0.8655809794784178,0.0
1012,54726.11,0.88647206507697,0.0
1013,56985.07,0.8872969391576424,0.0
1014,60176.479999999996,0.8727588797223905,0.0
1015,62344.54,0.8459551809183191,0.0
1016,63306.66999999999,0.7945974902555172,0.0
1017,63843.89000000001,0.7516580578397938,0.06472097385681211
1018,63997.25000000001,0.6946004817397587,0.24352900088300777
1019,63482.48,0.6826007520812973,0.3906311091195835
1020,62794.37000000001,0.6349663513420684,0.5381362819651099
1021,62204.46,0.5672014775716241,0.5927795423294714
1022,61773.990000000005,0.5823688566547229,0.6282470313797331
1023,61285.49,0.5851814058203204,0.6058939687476658
1024,61381.20000000001,0.5675122595456047,0.5712062504667638
1025,62128.33,0.5984347889674062,0.4187907183116533
1026,63112.310000000005,0.6181647354973955,0.26115291853921463
1027,63056.450000000004,0.6300930019211978,0.05493759637307745
1028,62357.53,0.7157995794194748,0.0
1029,61175.46,0.7763306011110594,0.0
1030,59281.13,0.7926524715199622,0.0
1031,57584.439999999995,0.8428373895643736,0.0
1032,56129.87999999999,0.870256004573647,0.0
1033,55483.31,0.8666252290701358,0.0
1034,55251.86,0.8654740616157118,0.0
1035,55404.99,0.8680085135425598,0.0
1036,56082.63,0.8743698493843083,0.0
1037,57394.399999999994,0.8774327968604927,0.0
1038,58997.24,0.8716969028166488,0.0
1039,60469.83000000001,0.8487477868556399,0.0
1040,62047.100000000006,0.7692463232442758,0.0
1041,63495.369999999995,0.6865899517152284,0.050469839345256125
1042,64132.07000000001,0.5795934240528628,0.1522837399124019
1043,63591.420000000006,0.5920695752757151,0.24448888771740215
1044,62102.00000000001,0.5864095762950358,0.3375572747121437
1045,60180.33,0.5807866938780938,0.3109626984022386
1046,58570.95999999999,0.5913117326011954,0.3295706648040028
1047,57505.86,0.5933049474717526,0.3192557252746769
1048,57649.780000000006,0.5890736592056834,0.2623061006629149
1049,58850.520000000004,0.6360820641684449,0.19280106839578087
1050,60585.12,0.6705074000456478,0.12011435173592346
1051,60798.979999999996,0.6978650774129644,0.029240305582280073
1052,60185.30000000002,0.785393690405756,0.0
1053,59157.55,0.8143850505560838,0.0
1054,57578.99,0.7737379814350703,0.0
1055,56271.61,0.8230398576496686,0.0
1056,55282.64,0.8736374897236977,0.0
1057,54746.72,0.8990401767413209,0.0
1058,54701.37,0.897725031632176,0.0
1059,55005.100000000006,0.8928367247900976,0.0
1060,55630.159999999996,0.8891156507807775,0.0
1061,56680.409999999996,0.8928256452188326,0.0
1062,58071.490000000005,0.8877030054445014,0.0
1063,59511.079999999994,0.8704626385777378,0.0
1064,61299.990000000005,0.8093610189660102,0.0
1065,63072.44,0.7623758811029048,0.03720385184794685
1066,64185.22999999999,0.7062645003888931,0.13968000843470343
1067,64864.10999999999,0.6956214642318201,0.22324068338670902
1068,65047.41999999999,0.6735033161156796,0.30803471407672933
1069,65028.91,0.6381412024880285,0.3906794329419101
1070,65188.53,0.6582013202417119,0.4147941185515151
1071,65556.73999999999,0.6638042594303769,0.4020893463544065
1072,66468.04,0.6634375256215084,0.391605273446938
1073,68094.81,0.6836472175872683,0.28842293009300124
1074,69635.09999999999,0.6964009120703066,0.18118797527577518
1075,69692.53000000001,0.7065027111710886,0.036752463416669934
1076,69324.22,0.7252105672518896,0.0
1077,68473.94999999998,0.8330890287869422,0.0
1078,67200.90000000001,0.8382676203961612,0.0
1079,66270.47,0.8896469162229299,0.0
1080,65777.06999999999,0.9451926848238681,0.0
1081,63910.39,0.9159514803415166,0.0
1082,53982.94,0.8987665113310777,0.0
1083,54102.72,0.8719406533844767,0.0
1084,54522.99999999999,0.8448749227199904,0.0
1085,51839.619999999995,0.8391068979194781,0.0
1086,51147.75,0.8150703220388185,0.0
1087,51220.17,0.7778678916240659,0.0
1088,49646.32000000001,0.6990799524021618,0.0
1089,49443.189999999995,0.6110056705245734,0.05180313753399138
1090,48615.549999999996,0.4726999364032611,0.15630340331501416
1091,47548.05999999999,0.4610796820606231,0.24771010978293803
1092,46197.94000000001,0.447480616290072,0.3388883763635005
1093,45423.53,0.41686166712092926,0.3828949044725892
1094,45100.62,0.4335990214522659,0.40443524827461974
1095,45416.840000000004,0.44008666440643424,0.39139220932122576
1096,45767.340000000004,0.451318579776237,0.5611768607966399
1097,45425.719999999994,0.43309268504545956,0.41191665458571075
1098,45061.66,0.40361880956654506,0.25811400907609233
1099,44257.310000000005,0.38785590352795707,0.06269796293123518
1100,44364.409999999996,0.3040467026087959,0.0
1101,44894.420000000006,0.265049935627691,0.0
1102,44100.07000000001,0.24966927479774245,0.0
1103,43704.26,0.21129850359310495,0.0
1104,44070.060000000005,0.18086956907115526,0.0
1105,44524.100000000006,0.17623941623954925,0.0
1106,45258.66999999999,0.15830103638309617,0.0
1107,46108.299999999996,0.15064671457473283,0.0
1108,45597.990000000005,0.1737936008828203,0.0
1109,45681.909999999996,0.18145457043394253,0.0
1110,46501.909999999996,0.1990943558448063,0.0
1111,46796.74,0.23563367391935403,0.0
1112,45855.51,0.24376663320636163,0.0
1113,44947.89,0.2568300017062539,0.09384046988327599
1114,44196.079999999994,0.2780556903570059,0.20364537343331957
1115,44291.86000000001,0.36569565304101004,0.31981364576880994
1116,44272.99,0.44251419847057616,0.43473208833594684
1117,43977.869999999995,0.4625022990110376,0.5371324643831461
1118,45176.700000000004,0.49186814867011913,0.5652492410963353
1119,45569.74,0.5173910490359667,0.5451355483216255
1120,46123.61,0.5355670856960518,0.4691946615355551
1121,46562.43,0.5639496234053729,0.3453220343450583
1122,45843.04000000001,0.5900990735262508,0.21706292200974367
1123,45498.76999999999,0.6057738969732829,0.051141979783069925
1124,45306.58,0.6391677247657225,0.0
1125,44392.869999999995,0.7007380102419558,0.0
1126,43538.37000000001,0.7362048258180605,0.0
1127,42691.420000000006,0.6016240435560105,0.0
1128,42688.65,0.44555554078279386,0.0
1129,42628.69,0.3398752661866997,0.0
1130,43020.74,0.27527471796951347,0.0
1131,43075.100000000006,0.25386400047863755,0.0
1132,43135.3,0.27811828993465265,0.0
1133,43305.84999999999,0.21811299389958808,0.0
1134,43904.89,0.19663856887393885,0.0
1135,44295.0,0.20445243650851694,0.0
1136,44062.060000000005,0.1782653158453381,0.0
1137,44634.8,0.151427824348909,0.08069968501653983
1138,45318.1,0.12969358337709766,0.27145687538164825
1139,45313.770000000004,0.15106829226136267,0.426413801283656
1140,45419.5,0.20256613950066588,0.582553562563974
1141,45547.18,0.2799973852211815,0.680404909700348
1142,45156.46,0.2548539601711572,0.7200447215010252
1143,44953.86000000001,0.2563779551986457,0.6964692858178366
1144,45340.79000000001,0.30332708445513995,0.6412713997654091
1145,47212.409999999996,0.28476658667216215,0.47329889162723865
1146,48913.81,0.27184946851296643,0.30030290250449165
1147,49225.259999999995,0.27954035290650386,0.07324244061661195
1148,49445.27999999999,0.3010602041743393,0.0
1149,49277.27,0.34355146793239694,0.0
1150,48820.180000000015,0.39078755808465243,0.0
1151,48263.079999999994,0.41055628311406855,0.0
1152,48173.310000000005,0.43400065591061876,0.0
1153,47970.89,0.43413915055143043,0.0
1154,47994.96,0.4713842373155529,0.0
1155,48187.56,0.5461796530321462,0.0
1156,48831.27,0.6372077486089597,0.0
1157,50142.17,0.5656436898517775,0.0
1158,51788.34,0.5112352392411823,0.0
1159,52968.89000000001,0.45345749100892807,0.0
1160,54155.82,0.4221205856218189,0.0
1161,55290.21,0.37843882193134676,0.06051680131440793
1162,55723.47,0.3435414963182586,0.15406403345765732
1163,55475.51,0.3631467976715174,0.2414488799855907
1164,54260.08999999999,0.41849479592537703,0.3293521093348444
1165,52574.13999999999,0.46670755028463434,0.39933269194441856
1166,51232.28,0.48793656280676573,0.420596272036761
1167,50397.030000000006,0.4874241326357636,0.4069425956921507
1168,50495.64000000001,0.5000648154918999,0.46330464655516995
1169,51810.57000000001,0.4518310099472392,0.34179000224046785
1170,54446.409999999996,0.39903352899856204,0.21725292249298192
1171,55175.490000000005,0.3711384924248972,0.06897127368416427
1172,54835.049999999996,0.39993596007808896,0.0
1173,54134.99,0.429727265273743,0.0
1174,52944.19000000001,0.4491115291802669,0.0
1175,52016.619999999995,0.39498062182985777,0.0
1176,51435.299999999996,0.34846359585269504,0.0
1177,51493.75000000001,0.3119569625133788,0.0
1178,51905.08,0.27770280601221864,0.0
1179,52456.45999999999,0.24888927298069283,0.0
1180,53562.57000000001,0.23710171711195469,0.0
1181,55285.5,0.20755028463418582,0.0
1182,57538.36,0.20127647740543037,0.0
1183,58609.97,0.21400579683168586,0.0
1184,57156.35999999999,0.20806548469800415,0.0
1185,54548.23,0.19378779518747744,0.10642223598718976
1186,51763.51000000001,0.17974831645914635,0.3341076127592462
1187,48983.920000000006,0.16152408366405854,0.518562937385505
1188,46271.36,0.16372836436721247,0.7024548501741852
1189,43837.56999999999,0.15002404266964492,0.8215664825968338
1190,41732.37000000001,0.1393710348984336,0.8652512179799762
1191,40291.8,0.1448260618107122,0.8343547232143245
1192,39794.649999999994,0.1632552666742008,0.7072641687643596
1193,40947.84999999999,0.13700997826188122,0.5235150309052804
1194,44466.509999999995,0.10952987163208734,0.3337363979422836
1195,47041.93000000001,0.08848256407870041,0.07164226313639176
1196,48039.3,0.1374913856333415,0.0
1197,48403.420000000006,0.21169459826582557,0.0
1198,47950.490000000005,0.28979172621936217,0.0
1199,47387.87,0.26630137320206254,0.0
1200,47030.009999999995,0.24798739587972904,0.0
1201,47070.26,0.23016867539293698,0.0
1202,47509.64000000001,0.20306638214327652,0.0
1203,48027.840000000004,0.18844744183779072,0.0
1204,48935.03,0.18228886215019025,0.0
1205,50226.979999999996,0.1756366875627381,0.0
1206,51934.49,0.17804372442003982,0.0
1207,52761.090000000004,0.1874940447304451,0.0
1208,51129.16999999999,0.18741205590308477,0.0
1209,48107.28,0.18908285524983318,0.10455188440941696
1210,44884.05,0.18941690432347025,0.3237805922743388
1211,41967.70000000001,0.17619952978299558,0.5006897127368414
1212,39229.700000000004,0.17676624985319572,0.6773813759988752
1213,36998.82,0.19735984896328457,0.796419424419345
1214,35226.61,0.26903027160461,0.8365358848311519
1215,34176.45,0.35033161156795883,0.8048047058616793
1216,33953.369999999995,0.44755928124605293,0.6864717459397003
1217,34853.659999999996,0.442749085381392,0.5086510624651297
1218,37448.090000000004,0.45385136976739543,0.32531377536451495
1219,39222.78,0.46602117084477307,0.06782577944128873
1220,39522.34000000001,0.5940877191816186,0.0
1221,39282.78,0.7544911042122315,0.0
1222,38362.560000000005,0.8431027452961682,0.0
1223,37294.950000000004,0.8230332099069094,0.0
1224,36388.18000000001,0.7987595312011809,0.0
1225,35860.46,0.7871293052444044,0.0
1226,35571.50000000001,0.7653767829800059,0.0
1227,35425.729999999996,0.754661729609711,0.0
1228,35463.01,0.7329828864942242,0.0
1229,35824.08,0.7290501926737444,0.0
1230,36631.73,0.7177739590188822,0.0
1231,37173.86,0.6904240373514511,0.0
1232,37378.21000000001,0.6311106605418797,4.393074756953136e-06
1233,36960.26000000001,0.5938035281786738,0.10386985955339995
1234,35898.36,0.5420153961722299,0.3116018907793752
1235,34611.25,0.4775040385037261,0.47905601609622567
1236,33416.81,0.3880547818321623,0.6464475400977897
1237,32427.690000000002,0.35941796796231174,0.7633351784247309
1238,31658.829999999998,0.3663299584959261,0.8008223835945012
1239,31387.149999999998,0.4638091344417338,0.7693240375871476
1240,31585.55,0.554443905238643,0.6582341596706945
1241,32257.469999999998,0.4946059107296786,0.48964112972310425
1242,33901.37999999999,0.32579922487319446,0.31549415501403566
1243,35064.280000000006,0.19692220589832055,0.06950063919237709
1244,34811.490000000005,0.19308313445502923,0.0
1245,34037.32,0.20772589583873463,0.0
1246,32601.56,0.22487818011394237,0.0
1247,31185.460000000003,0.20309574300712863,0.0
1248,30357.930000000004,0.19324988200256604,0.0
1249,30092.119999999995,0.1995430784810352,0.0
1250,30396.609999999997,0.13271055063253276,0.0
1251,31191.079999999998,0.10123792049742841,0.0
1252,32708.829999999998,0.09773012823495783,0.0
1253,35385.350000000006,0.10235640321662116,0.0
1254,39047.99,0.13294765345760182,0.0
1255,40800.91,0.1885255528152083,0.0
1256,39667.7,0.18189664532741245,1.317922427085941e-05
1257,37996.03999999999,0.1982212856291313,0.1084353624945635
1258,36638.590000000004,0.21366953184379578,0.3258376495292816
1259,35692.48,0.22407712711148933,0.4998319648905464
1260,35073.079999999994,0.2424237891690543,0.6745972648716555
1261,34733.1,0.24429845262707725,0.7924810328997366
1262,34457.51,0.2465481595724172,0.8302329208236131
1263,34314.78,0.2553929813131951,0.7970487323782786
1264,34503.719999999994,0.27021301583713925,0.6805564707794626
1265,34765.66,0.23411023287042879,0.5056725577799153
1266,35858.57,0.2067132230251218,0.3258870716202975
1267,36721.2,0.20954516144043298,0.0712282158405489
1268,36309.7,0.23612671484064252,0.0
1269,35273.30000000001,0.30128401151389045,0.0
1270,33633.37,0.38731134260028677,0.0
1271,31903.12,0.3402680369880408,0.0
1272,30820.37,0.29939383665609676,0.0
1273,30421.759999999995,0.26422893939696107,0.0
1274,30613.139999999996,0.23744961564967285,0.0
1275,31121.960000000003,0.22569640645185596,0.0
1276,32279.56,0.22183794575885102,0.0
1277,34731.38999999999,0.22813723600151575,0.0
1278,38296.170000000006,0.23045009650306578,0.0
1279,39688.659999999996,0.22748797312539196,0.0
1280,38700.38,0.21294105003312794,2.855498592019539e-05
1281,37211.23,0.2049510172154378,0.11071427002473296
1282,35965.77999999999,0.193134654461411,0.32267902877903265
1283,35304.84,0.20392504891630714,0.489976101673322
1284,35124.740000000005,0.23239954706712668,0.6558091824048567
1285,35154.369999999995,0.2772258304692642,0.7560646397019732
1286,35360.08,0.4481935867009691,0.7926875074133132
1287,35714.41999999999,0.556545145929033,0.762013961191577
1288,36054.9,0.6094445589333475,0.6522958208679834
1289,36293.64,0.6303234570035077,0.4854534312110386
1290,37188.82,0.6376764144734656,0.31386652081658467
1291,37807.73,0.6063084862868147,0.06958740241882692
1292,36954.99999999999,0.7193489200741887,0.0
1293,35416.74,0.8688777059082925,0.0
1294,33159.18,0.9580123027559327,0.0
1295,30886.320000000003,0.9084904970517262,0.0
1296,29328.65,0.8493615951037158,0.0
1297,28334.599999999995,0.81348483539081,0.0
1298,27925.2,0.7732355228782065,0.0
1299,27800.110000000004,0.7581479167082149,0.0
1300,28524.280000000006,0.7227996525446452,0.0
1301,30151.25,0.6162069752548857,0.0
1302,33154.64000000001,0.4772553021288287,0.0
1303,34531.29,0.4161835973595165,0.0
1304,35002.30000000001,0.31377456617938704,5.49134344619142e-05
1305,35413.72,0.31020583627495957,0.11090756531403885
1306,35741.01000000001,0.3283198273359614,0.31940179501034555
1307,36123.17999999999,0.34182028492225464,0.48465498987396266
1308,36440.149999999994,0.38014950773464873,0.649722577329098
1309,36660.97,0.42428608782554544,0.7608717617547693
1310,36921.439999999995,0.4440476111336397,0.8012803616379133
1311,37301.08,0.47363505221801966,0.7739049162899598
1312,37659.16,0.5160160742419911,0.6641098971581196
1313,37702.049999999996,0.5709884750299702,0.49590675259520844
1314,38412.73,0.6291396048138522,0.32238688930769527
1315,38738.850000000006,0.6638757226650358,0.07361804850833142
1316,37980.42,0.6980163135607305,0.0
1317,36667.57000000001,0.5503815804343637,0.0
1318,34536.63,0.3599032531837149,0.0
1319,32207.230000000003,0.43299740073258136,0.0
1320,30693.21,0.5148039691456101,0.0
1321,29797.450000000008,0.6048011106162238,0.0
1322,29467.29,0.5710311313793401,0.0
1323,29544.429999999997,0.5502508414934377,0.0
1324,30210.77,0.5319213527713333,0.0
1325,31989.379999999997,0.5081628741294226,0.0
1326,35078.18,0.49699632823008283,0.0
1327,36737.7,0.5156737154899057,0.0
1328,37676.31,0.54481132598093,8.786149513906273e-05
1329,38469.4,0.5793657388633691,0.09422266738713082
1330,38909.88,0.5611210088614412,0.24742016684897905
1331,39302.05000000001,0.5957950811135414,0.37575505972385115
1332,39422.09,0.5974919174527623,0.5049389142955044
1333,39446.909999999996,0.589492466999497,0.5406919532049674
1334,39319.71,0.6184151338079822,0.5719585645188924
1335,39389.41999999999,0.6352411247094383,0.5534856851659042
1336,39736.96,0.6392353101504383,0.5061568942718696
1337,40616.2,0.6692033345077679,0.3780724066581439
1338,41785.560000000005,0.6817099545515987,0.24653935536021004
1339,41921.77,0.6798519104504732,0.07272515606398072
1340,41199.26,0.7001452531792827,0.0
1341,39696.16,0.6924859455638506,0.0
1342,37603.34999999999,0.5928844777422496,0.0
1343,35588.23000000001,0.5071657127155806,0.0
1344,34194.36,0.43177532402206165,0.0
1345,33282.87,0.37482743567754906,0.0
1346,32871.57,0.3095288744706735,0.0
1347,32797.079999999994,0.26620775082487425,0.0
1348,33396.6,0.25524894688675126,0.0
1349,35113.99999999999,0.18985731728125052,0.0
1350,37972.22,0.1541672483441581,0.0
1351,39494.09999999999,0.13953722846740724,0.0
1352,39974.13,0.11463367613526827,0.0001186130184377347
1353,40349.11,0.09891841225311947,0.11567844450009004
1354,40357.14,0.09802152095922495,0.3271215256270013
1355,40286.48999999999,0.13098601536514945,0.49136760810258656
1356,39863.57,0.18958309789244396,0.6555005689031808
1357,39389.54,0.2502930546599569,0.740517548137116
1358,39083.450000000004,0.315764457178565,0.7734634122768863
1359,38791.44999999999,0.38596960652010615,0.741585065303056
1360,38524.70999999999,0.4647082416498811,0.6232597932619017
1361,38508.99,0.39019313908629005,0.4643436087351896
1362,39107.34000000001,0.32443089782197804,0.30220839868032023
1363,39147.11000000001,0.31173204721670095,0.0800000878614951
1364,38439.19999999999,0.33521298259842536,0.0
1365,37531.29999999999,0.34696286792486286,0.0
1366,36259.170000000006,0.3736590948876643,0.0
1367,34580.8,0.3794309975381193,0.0
1368,33185.86,0.38438356589353423,0.0
1369,32148.17,0.386867605771127,0.0
1370,31470.48,0.38597625426286514,0.0
1371,31134.49,0.37517311830101435,0.0
1372,31159.33,0.36499708607275727,0.0
1373,31793.24,0.3587504237936009,0.0
1374,32964.48999999999,0.3484469764957976,0.0
1375,34004.31999999999,0.32954965974636646,0.0
1376,35410.659999999996,0.3373862405020376,0.0001526593478041215
1377,36646.43,0.31935313031126955,0.11161594861859753
1378,37481.13999999999,0.3006070497096045,0.28676124956618365
1379,38147.79,0.35025239263341473,0.4284291243284085
1380,38356.22,0.4460685249323592,0.569477575549903
1381,38169.990000000005,0.5182641192516414,0.6999365200697615
1382,37759.29,0.5845565180009796,0.7363177686694692
1383,37304.26,0.6214996864481331,0.7107709406890975
1384,37185.94,0.6320513161422706,0.5821537927610914
1385,37362.61000000001,0.6519430244127274,0.43557226388321424
1386,38038.47,0.6588727422603655,0.2851500893990711
1387,38299.89,0.640788666041779,0.0844557639337348
1388,37594.07,0.6647820315945054,0.0
1389,36609.48,0.6779866646280255,0.0
1390,35345.81,0.6735160576226344,0.0
1391,33765.020000000004,0.6599291793804747,0.0
1392,32325.420000000002,0.6357402593949224,0.0
1393,31077.800000000003,0.6199418987282869,0.0
1394,30208.2,0.6042831406595891,0.0
1395,29644.409999999996,0.6255603493167228,0.0
1396,29383.03,0.6575420857514498,0.0
1397,29498.969999999998,0.5748474897015388,0.0
1398,30222.649999999998,0.5180713347116319,0.0
1399,30933.78,0.45839565592169845,0.0
1400,32548.070000000003,0.38581227660814443,0.00020976931964451225
1401,34404.39,0.3662895180608092,0.11212225048433641
1402,35882.409999999996,0.36856747791287464,0.2652692295864795
1403,36953.7,0.39932658365851875,0.3985342506073422
1404,37625.98,0.4478224210635946,0.5334807209914291
1405,38057.380000000005,0.5142256155255815,0.6508395165860532
1406,38227.18,0.4669435451525768,0.6855766569579711
1407,38264.64,0.42106636441596257,0.6634146930778317
1408,38415.79,0.42047970111748567,0.6409474105020843
1409,38752.98999999999,0.4763584108349345,0.4795623179619646
1410,39697.75000000001,0.5323822629359537,0.3147901647842341
1411,40323.96,0.60955590862456,0.08892352096155617
1412,39717.810000000005,0.7178930644099794,0.0
1413,38432.479999999996,0.7967652083734967,0.0
1414,36406.48999999999,0.764066069699367,0.0
1415,34218.35999999999,0.8155290162891856,0.0
1416,32559.18,0.812731978523359,0.0
1417,31555.12,0.7646538409549705,0.0
1418,31124.140000000003,0.7566178279165311,0.0
1419,31126.379999999997,0.72545985760535,0.0
1420,31962.010000000002,0.6516627112597253,0.0
1421,34019.29000000001,0.646335099416993,0.0
1422,37308.81999999999,0.6264550246963645,0.0
1423,39346.93000000001,0.586157516048759,0.0
1424,40282.490000000005,0.5792444175580183,0.00016913337814269575
1425,40891.29,0.6005338137435434,0.0739530204585491
1426,41081.950000000004,0.615468521830079,0.13412386713584706
1427,40811.649999999994,0.6286399161498047,0.21972073223770036
1428,40247.71,0.6424794086168041,0.2943898238816328
1429,39667.00000000001,0.6323022684314207,0.33821294111961886
1430,39101.87,0.6272250548992755,0.35578963322218826
1431,38756.09,0.613148459607207,0.3441589678031547
1432,39189.10999999999,0.6054531433851633,0.3109407330284537
1433,40224.59,0.6113136826057378,0.23725349359270043
1434,41626.2,0.6050797618335361,0.1444278239782806
1435,42069.37,0.553087765715818,0.055228637575725575
1436,41500.58000000001,0.5145508009422068,0.0
1437,40219.38999999999,0.4927932928707391,0.0
1438,38210.189999999995,0.49017020437377185,0.0
1439,36280.47,0.44677706351475027,0.0
1440,34979.740000000005,0.40709890290085343,0.0
1441,34341.439999999995,0.3846594472180305,0.0
1442,34209.03,0.3733887533488006,0.0
1443,34578.619999999995,0.341509502948274,0.0
1444,35835.39,0.31767457526463555,0.0
1445,38437.86,0.2948650619015647,0.0
1446,42394.200000000004,0.301192605050955,0.0
1447,43804.89,0.3340357781515288,0.0
1448,42814.82,0.2718788293768185,0.00022185027522613336
1449,41435.56,0.22094105446495635,0.12551124407484035
1450,39990.66,0.18688023648236912,0.32761794307453707
1451,38731.91,0.18437237552655666,0.5309184601394358
1452,37652.19,0.20292345567395928,0.7026777987180999
1453,36743.41,0.21085864461388804,0.8184836423861422
1454,35998.969999999994,0.18279409059987017,0.8575501579310367
1455,35686.590000000004,0.1681718264230048,0.8247393808400432
1456,35804.26,0.16603845497594627,0.7149893907244614
1457,36064.649999999994,0.1701927402217244,0.5439757765857898
1458,37602.02,0.18386160729124432,0.33155962940021333
1459,39281.26,0.22464384718168948,0.08745184091797685
1460,39260.52,0.2329790086442815,0.0
1461,38644.109999999986,0.26147677389475743,0.0
1462,37290.14,0.29408007427744587,0.0
1463,35910.68,0.3003178728995902,0.0
1464,35091.649999999994,0.3099920005495469,0.0
1465,34836.07,0.3232304262754249,0.0
1466,35025.909999999996,0.3043813056609961,0.0
1467,35664.94,0.29652533565561157,0.0
1468,37011.29999999999,0.2936817636904723,0.0
1469,39784.84999999999,0.2804704829141932,0.0
1470,43775.719999999994,0.265731329260483,0.0
1471,45050.25,0.24601412423744848,0.0
1472,43272.15,0.23250037116563746,0.0006941058115985957
1473,41095.53,0.2330964520996896,0.13326721755824117
1474,39355.15,0.21989735885180184,0.3351619507009149
1475,37909.98,0.2532208313667095,0.5365844283072162
1476,36865.05,0.28769048552897203,0.70406271553523
1477,36341.14,0.3250142372490755,0.801331980266308
1478,36077.68,0.35326437408178063,0.8356001599079206
1479,36048.439999999995,0.37981712059670136,0.8007026723073739
1480,36138.12,0.42867415202501336,0.6518433341680171
1481,36290.73,0.4126159754122154,0.4961923024544105
1482,37263.46,0.40856860802914363,0.3027948741603734
1483,38335.29,0.40369581258683607,0.07817037222522409
1484,38072.340000000004,0.4116409731409033,0.0
1485,37025.59,0.43004192509766637,0.0
1486,35434.62,0.424751983797235,0.0
1487,33656.409999999996,0.4103175183533098,0.0
1488,32475.430000000004,0.3946105641496097,0.0
1489,31995.200000000004,0.3773447142689368,0.0
1490,32006.469999999998,0.3274007768995372,0.0
1491,32455.790000000005,0.29066756632785345,0.0
1492,33590.920000000006,0.25933232287643404,0.0
1493,36033.71,0.2365344430631913,0.0
1494,39677.88,0.21730196928299664,0.0
1495,40775.880000000005,0.19715099904494093,0.0
1496,39912.090000000004,0.22246227959962872,0.0009005803251753929
1497,38708.73000000001,0.2594159736394841,0.09988643901753269
1498,37798.78999999999,0.2908791861390132,0.24655253458448095
1499,37355.8,0.32632827440109385,0.39384793811036267
1500,36967.829999999994,0.3807688557683574,0.5166607360157445
1501,36943.240000000005,0.461151699273845,0.7229814919760484
1502,36950.0,0.5761897797602824,0.754753306887023
1503,36951.060000000005,0.6335603537485514,0.72433455900119
1504,37128.54,0.6495526069123229,0.6548416076896376
1505,37111.09,0.6751935047121417,0.500328382338082
1506,37883.780000000006,0.6814113601060093,0.30720991429111144
1507,38493.37,0.6803244541649216,0.08141026485847708
1508,37772.77,0.7604552374241328,0.0
1509,36361.71000000001,0.8296842765372352,0.0
1510,34308.92,0.7965630061979124,0.0
1511,32440.329999999998,0.6576373700643281,0.0
1512,31048.72,0.5602074982106494,0.0
1513,30293.969999999998,0.5215453342817449,0.0
1514,29860.010000000002,0.4752814765079852,0.0
1515,29861.129999999997,0.44748061629007224,0.0
1516,30602.750000000004,0.44510792610369165,0.0
1517,32496.15,0.3806491963986963,0.0
1518,35513.880000000005,0.3621596078718137,0.0
1519,36927.740000000005,0.3785762086150316,0.0
1520,37356.03,0.42826033003826874,0.0009511006848803541
1521,37570.59,0.5448085560881136,0.13029749902254084
1522,37602.47000000001,0.5375497749739077,0.31466825695972855
1523,37637.5,0.5552632395336832,0.5040987387482369
1524,37650.88,0.5506297628306976,0.6643009959100467
1525,37857.909999999996,0.556535728293458,0.7624532686672725
1526,37978.39,0.5766700791746162,0.8002304167710017
1527,38151.380000000005,0.5943918534128402,0.7719818478151037
1528,38368.829999999994,0.587319763074448,0.651123968176566
1529,38245.95,0.6035939913269116,0.4984042155945365
1530,38367.92,0.5977362219991537,0.3069441332683157
1531,38303.22000000001,0.5666347575014239,0.08507408920577596
1532,37348.56,0.64317852956362,0.0
1533,36160.8,0.7042635298184503,0.0
1534,34664.71,0.7235131769341054,0.0
1535,33188.08,0.7184093724309245,0.0
1536,31899.510000000002,0.6626414584261248,0.0
1537,31043.719999999998,0.6356410972321018,0.0
1538,30723.959999999995,0.6133656192039992,0.0
1539,30785.25,0.5239534790961728,0.0
1540,31199.100000000002,0.45999554601235143,0.0
1541,32339.67,0.42937548888608207,0.0
1542,33987.45,0.40507854308069696,0.0
1543,35208.479999999996,0.35287825102319836,0.0
1544,35916.490000000005,0.29649819070601247,0.0010631240911826594
1545,36038.93,0.25630926185680325,0.13465872398750608
1546,35696.11,0.24013308781003423,0.326649270090629
1547,35189.67,0.22872943908562518,0.5218138127056503
1548,34693.77,0.2622961081897976,0.6865596074348391
1549,34215.42,0.32648117248454955,0.7813665537646451
1550,33829.53,0.29227299620413905,0.818207976945143
1551,33819.079999999994,0.2856651399017463,0.7873587077331291
1552,33965.380000000005,0.313701994987602,0.6840994855709458
1553,34155.22,0.3459961753319994,0.5229735844414861
1554,34987.219999999994,0.37945869646628166,0.3223034208873132
1555,36034.270000000004,0.42084809686204383,0.09873325689383253
1556,35763.719999999994,0.3890968155096272,0.0
1557,35342.57,0.355393313700333,0.0
1558,34545.86,0.29675523675935844,0.0
1559,33637.689999999995,0.2861858797511972,0.0
1560,32852.92999999999,0.27612618302122177,0.0
1561,32501.159999999996,0.269648511681192,0.0
1562,32395.749999999996,0.24704230845083217,0.0
1563,32619.25,0.2406250207741961,0.0
1564,33130.44,0.2473098800968799,0.0
1565,34150.729999999996,0.25215165273964557,0.0
1566,35686.58000000001,0.2550151679330617,0.0
1567,36740.59999999999,0.25413766588888087,0.0
1568,37019.99,0.2955187566061943,0.0018648602343266057
1569,36680.54000000001,0.34871288620615537,0.14108249755086072
1570,35891.34,0.4009863034340024,0.33014286279109595
1571,35151.39000000001,0.4773134698779697,0.5240575756377641
1572,34581.07,0.5699331458669877,0.6874173552811342
1573,33966.26000000001,0.5879158440085002,0.7773996072591158
1574,33670.880000000005,0.5885595670989916,0.8128791772649592
1575,33681.90000000001,0.5733329123096254,0.7819541275133877
1576,34049.38,0.5562493213762603,0.6869066603406385
1577,34545.69,0.6047052723247821,0.5253546309597545
1578,35808.06,0.6472613515747395,0.3244988599971003
1579,37168.310000000005,0.6779041218221019,0.08868629492468066
1580,36999.15,0.7327142068910503,0.0
1581,36238.32,0.7230699940835089,0.0
1582,34756.60999999999,0.6307112419977797,0.0
1583,33218.65,0.5255001872447542,0.0
1584,32173.89,0.44148823017144534,0.0
1585,31822.279999999995,0.37417152505866635,0.0
1586,31934.120000000003,0.33441248357453557,0.0
1587,32450.66,0.3079079331946171,0.0
1588,33604.47000000001,0.2854618297690353,0.0
1589,35968.03999999999,0.2736249698081684,0.0
1590,39267.899999999994,0.2621675851631246,0.0
1591,40680.10999999999,0.24833307850319422,0.0
1592,40184.21,0.3103631661869214,0.0016397151530327585
1593,39415.53999999999,0.3997592409164134,0.1372297709890128
1594,38678.21,0.463548210538445,0.3184737579679392
1595,38103.46,0.5221020827378063,0.5028489089798837
1596,37748.159999999996,0.5601327111046113,0.6560716686215844
1597,37533.02,0.5787519306152931,0.6891647007657127
1598,37380.51,0.6293456848393796,0.7201633345194631
1599,37250.75,0.6451994433623395,0.69205204914972
1600,37194.990000000005,0.6518161633217439,0.5887609771955483
1601,37444.44,0.6845180718886903,0.4513796451274209
1602,38362.42,0.7023982839960026,0.28005302441231633
1603,39084.689999999995,0.713532145160111,0.09073676256748858
1604,38486.740000000005,0.8127419501374975,0.0
1605,37115.770000000004,0.9236013703213742,0.0
1606,35021.87000000001,0.9838138543390926,0.0
1607,32901.729999999996,0.923743188833565,0.0
1608,31418.93,0.8627551348273028,0.0
1609,30583.25,0.8113154553371406,0.0
1610,30171.93,0.8034400960820423,0.0
1611,30166.809999999998,0.8058144482041123,0.0
1612,30809.91,0.8002962677356239,0.0
1613,32605.89,0.8029453932250638,0.0
1614,35212.409999999996,0.7913827526530035,0.0
1615,36390.92,0.7625653417715349,0.0
1616,37077.58,0.7292335595781785,0.0019175771314100438
1617,37582.030000000006,0.701966180716671,0.1316560573911285
1618,37981.479999999996,0.6575359919872542,0.2883043170745635
1619,38357.74999999999,0.6616924931472852,0.4540176865189712
1620,38514.17,0.6679607605904081,0.5925445128299743
1621,38632.85,0.6193181188660722,0.6597563600739786
1622,38605.51,0.6301810845127537,0.6891020994504259
1623,38544.270000000004,0.6200826092833511,0.662087984501232
1624,38359.920000000006,0.5395463137158445,0.573982673713158
1625,38405.979999999996,0.6331764466042222,0.44021903870738127
1626,39289.670000000006,0.6203097404942819,0.2735018516810098
1627,40053.06,0.6297013390769832,0.09761192456212021
1628,39208.03999999999,0.7890455170946705,0.0
1629,37618.689999999995,0.9266305251052007,0.0
1630,35583.84,0.9999922443001148,0.0
1631,33327.21,0.9990510347211605,0.0
1632,31694.710000000003,0.9779239542546664,0.0
1633,30747.489999999994,0.943743476902418,0.0
1634,30277.230000000003,0.9284481287712092,0.0
1635,30127.649999999994,0.8996379196110629,0.0
1636,30610.120000000003,0.8712758791085822,0.0
1637,32138.550000000003,0.8699851090562203,0.0
1638,34755.82,0.8628914135538615,0.0
1639,36123.549999999996,0.8299634817331107,0.0
1640,37026.62000000001,0.7791525679122323,0.002870874353668874
1641,37817.420000000006,0.7283998218404941,0.14265961138860694
1642,38523.36,0.6548635993981579,0.3038821601627193
1643,39122.740000000005,0.6485332863559513,0.4751264107261311
1644,39552.81,0.6448792437527837,0.6181978728732025
1645,39847.11,0.6095331955034667,0.687341574741577
1646,40021.59999999999,0.6294304435595559,0.7167883548374341
1647,40159.07,0.6395588336313738,0.6888516941892797
1648,40248.29,0.6487526618669962,0.6055952396641932
1649,40344.95,0.6872691294337675,0.4645215282628464
1650,40861.20999999999,0.7023982839960026,0.28877327780486806
1651,41185.51,0.713532145160111,0.10951386234739549
1652,40434.82,0.8087494266321872,0.0
1653,39122.37,0.8861208426678722,0.0
1654,37123.770000000004,0.9060446816949973,0.0
1655,34827.69999999999,0.9123943839869173,0.0
1656,33007.79,0.8931585863353432,0.0
1657,31790.54,0.8717378972303288,0.0
1658,31092.92,0.8376305450484288,0.0
1659,30796.720000000005,0.8118212377653835,0.0
1660,31139.500000000004,0.7867603555212828,0.0
1661,32449.06,0.7747850009196047,0.0
1662,34830.280000000006,0.7529665552061799,0.0
1663,36183.75000000001,0.7133365907272853,0.0
1664,37286.20999999999,0.6773218903521311,0.0030960194349627227
1665,38366.990000000005,0.6169830992219926,0.14873413550878387
1666,39306.44,0.5702361721410829,0.32132925655995875
1667,40165.409999999996,0.48666684393980697,0.5014563042819297
1668,40693.49,0.42256543040810496,0.6522584797325489
1669,41170.04,0.40213193110279416,0.7436267467963497
1670,41384.71,0.3369785122794889,0.7756313946694428
1671,41347.76000000001,0.3088286455667312,0.7454762312690275
1672,41291.32,0.32295122107954916,0.6533051297933932
1673,41158.42,0.3668185675887087,0.5013882116231967
1674,41557.54,0.4728301213656239,0.3123366325324756
1675,41956.89,0.6434793399234622,0.10071123880315068
1676,41107.469999999994,0.6245919947881695,0.0
1677,39773.72,0.5891916566396549,0.0
1678,37753.68,0.563701441009039,0.0
1679,35578.66000000001,0.5667178542859108,0.0
1680,33662.08,0.5699780181306106,0.0
1681,32354.030000000002,0.5991632707780741,0.0
1682,31559.739999999998,0.5814082578260551,0.0
1683,31174.96,0.5873951041590494,0.0
1684,31429.22,0.6204460192208404,0.0
1685,32760.86,0.6109009685761203,0.0
1686,35213.81,0.60276246950348,0.0
1687,36634.93,0.5946250783879669,0.0
1688,37980.520000000004,0.5963562613981093,0.0036462520482711037
1689,39406.990000000005,0.5787740897578225,0.14871656320975613
1690,40656.3,0.5659760769897246,0.32553013429629524
1691,41815.79,0.535523875368119,0.5060723275827984
1692,42796.33,0.5449415109432926,0.6567042713865859
1693,43517.07,0.5710438728862949,0.7469226511327542
1694,43779.96,0.5992607710052053,0.777080011070548
1695,43829.03,0.6234269778696643,0.7449885999710052
1696,43528.049999999996,0.5925825594252804,0.6460378858767036
1697,42820.69,0.6592416919834869,0.49617692669276137
1698,42424.350000000006,0.6933673254579741,0.3097897474421321
1699,42385.11000000001,0.710423217463177,0.0929442826328575
1700,41266.82,0.8014141964762531,0.0
1701,39920.36,0.8911891925430055,0.0
1702,38110.31,0.9214441777960962,0.0
1703,36103.73,0.9189163736120067,0.0
1704,34086.59,0.8940045116014191,0.0
1705,32650.860000000004,0.8484453145601081,0.0
1706,31736.940000000002,0.8277043571521956,0.0
1707,31112.02,0.7971047972327665,0.0
1708,30924.950000000004,0.7454296768532246,0.0
1709,31265.16,0.7312450557413233,0.0
1710,32057.51,0.7054374103939675,0.0
1711,33093.56999999999,0.6717821047196759,0.0
1712,35157.56,0.700341361590672,0.0040679872249386045
1713,37019.65,0.7384251718995483,0.14590609363399532
1714,38509.26,0.6961904002162734,0.29945174427033194
1715,39577.049999999996,0.7027262393054438,0.4645347074871171
1716,40234.189999999995,0.6848205441842221,0.6026551743831023
1717,40588.03,0.5435022746359808,0.6934040179061721
1718,40692.38,0.5123404264748572,0.7222105073562033
1719,40661.51,0.33375103317002053,0.6932667343200177
1720,40367.65999999999,0.2807214352033434,0.6088527045964733
1721,39853.35,0.2619803404087476,0.4688058744195647
1722,39770.28,0.2740581810446263,0.293856065298663
1723,40140.97,0.28467905805916943,0.07557296677517558
1724,39306.07,0.4472429594864398,0.0
1725,38199.53,0.7484145133519913,0.0
1726,36730.78,0.8599929977109606,0.0
1727,35068.13,0.9861206210764469,0.0
1728,33483.81999999999,0.9849772093219082,0.0
1729,32296.940000000002,0.9533045929254722,0.0
1730,31390.58,0.9257502531682035,0.0
1731,30899.019999999997,0.831791610991821,0.0
1732,30635.229999999996,0.7903999946818058,0.0
1733,30803.88,0.8069983003937679,0.0
1734,31394.88,0.8325743827016869,0.0
1735,32345.94,0.7986509514027845,0.0
1736,34043.149999999994,0.7497723148105062,0.003722032587828545
1737,35622.95,0.701169559542724,0.16429550456660114
1738,36383.51,0.6341979830748471,0.354488184825441
1739,36658.53999999999,0.6165653993853056,0.5510321529141459
1740,36355.469999999994,0.595331955034668,0.7165324582328412
1741,35908.78,0.579052186996572,0.8176094205095086
1742,35761.11000000001,0.5386311411293631,0.8549296888385145
1743,35891.62,0.48645245423583094,0.8234577012797022
1744,36306.48999999998,0.455594186327366,0.7159470810214772
1745,36551.04,0.5511554884872176,0.5496681032021119
1746,36549.549999999996,0.6329919717426615,0.34420729162548125
1747,37163.670000000006,0.6803194683578524,0.111249126876392
1748,36679.60999999999,0.6982733596140764,0.0
1749,35252.57,0.6941401255537014,0.0
1750,33341.700000000004,0.5716321981204616,0.0
1751,31758.839999999997,0.6344794041849756,0.0
1752,30741.7,0.6445014303726503,0.0
1753,30239.5,0.6459295871086973,0.0
1754,30132.430000000004,0.6199535322781149,0.0
1755,30609.37,0.6049805996707152,0.0
1756,32168.989999999998,0.5787103822230495,0.0
1757,34686.83,0.5618445048650399,0.0
1758,36695.49999999999,0.5253517209898045,0.0
1759,37331.75000000001,0.5006149162052026,0.0
1760,37425.88999999999,0.4707083834683935,0.006178859645654588
1761,37602.57000000001,0.46493758877506486,0.1739405001954917
1762,37619.74999999999,0.4333657964771397,0.3698320966827891
1763,37793.36000000001,0.43443663703989316,0.5682848557533902
1764,38246.990000000005,0.41982711436998243,0.7330383383634032
1765,38902.8,0.4329076562053355,0.8257783430200626
1766,39687.57,0.46239925899827383,0.860259586787388
1767,40577.649999999994,0.5019261834644047,0.8264955124741351
1768,40974.280000000006,0.5419134641165926,0.6988151877380492
1769,40833.950000000004,0.48042350553203006,0.537921021302019
1770,40663.310000000005,0.3396160042191009,0.33791421203614613
1771,41013.37999999999,0.2457786833480692,0.11282733898282737
1772,39759.28,0.22103800071352442,0.0
1773,37709.61,0.2493712343307163,0.0
1774,35352.45,0.3240713657344315,0.0
1775,33310.31,0.3428445912856958,0.0
1776,32050.94,0.3657239059477355,0.0
1777,31225.31,0.3957296008473656,0.0
1778,30911.679999999997,0.3680528318276196,0.0
1779,31252.739999999998,0.34796501514577394,0.0
1780,32486.03,0.327795209636568,0.0
1781,34725.52,0.3086857190974138,0.0
1782,36356.479999999996,0.28861895360097156,0.0
1783,36841.63,0.26451811620697524,0.0
1784,37617.509999999995,0.28532001125684436,0.0062755072903075545
1785,38473.270000000004,0.31762028536543746,0.1582462406262767
1786,39280.130000000005,0.3415294461765507,0.31969393448168293
1787,40032.59,0.49069260615891214,0.48949725652481396
1788,40907.91999999999,0.578600694467527,0.6301228743009514
1789,41946.7,0.6373844677706351,0.7651231598508105
1790,42969.920000000006,0.641653426579005,0.7975824909612482
1791,43447.25000000001,0.6413094058912296,0.7668408520807793
1792,43408.229999999996,0.6366864547809457,0.686332265816167
1793,43093.04,0.6574606509026526,0.5293171843905264
1794,42816.340000000004,0.6734961143943573,0.33353102169739623
1795,43477.35,0.6839929002107334,0.10467928357736858
1796,42519.55,0.7567690640642971,0.0
1797,40379.47,0.8550215940843953,0.0
1798,37830.36,0.9121561732047215,0.0
1799,35760.87,0.8663897881807564,0.0
1800,34349.35,0.8119636102561376,0.0
1801,33386.71,0.7477608186473618,0.0
1802,33093.770000000004,0.7090271914837984,0.0
1803,33196.03,0.7429633642896556,0.0
1804,33800.96000000001,0.7516735692395647,0.0
1805,35417.23000000001,0.7796655520617977,0.0
1806,36752.630000000005,0.8072442668758492,0.0
1807,37284.39000000001,0.7868982961835309,0.0
1808,38144.950000000004,0.6897254703831982,0.007357301949207265
1809,38720.86,0.6369008444849219,0.16911470757497873
1810,38892.42,0.5093960304112073,0.3411013877723156
1811,38862.119999999995,0.5195388239256694,0.5252382144786952
1812,39276.86,0.36060902187328964,0.6809276855964254
1813,39828.97000000001,0.2609211333958221,0.8469266049000351
1814,40205.54999999999,0.3442079325298429,0.881313397560086
1815,40505.63,0.3461186045944767,0.8465158524102603
1816,40494.91,0.43067900044539886,0.7403341372660135
1817,39870.15,0.5972941471056836,0.5708998335024665
1818,39362.38999999999,0.6445806493071945,0.36013548242550414
1819,39898.80999999999,0.7112885319789666,0.11402555012278638
1820,38866.659999999996,0.7679627549132358,0.0
1821,37017.55,0.7900842269007562,0.0
1822,34976.35,0.643706471134393,0.0
1823,33321.99999999999,0.6334872285782032,0.0
1824,32300.05,0.6255886022234485,0.0
1825,31824.030000000002,0.5876399626840039,0.0
1826,31778.78,0.5619553005776889,0.0
1827,32368.920000000002,0.5441110970769876,0.0
1828,34186.52000000001,0.5381153870869815,0.0
1829,37063.13,0.5099621965028441,0.0
1830,39514.76,0.48653555102031776,0.0
1831,40277.340000000004,0.45707330909123167,0.0
1832,40295.950000000004,0.5743278578092144,0.011199045824162784
1833,39992.6,0.633940937021501,0.19001805553725096
1834,39442.28,0.5685343499947928,0.3913394924241422
1835,38683.810000000005,0.5457719248095977,0.597566895545861
1836,38109.909999999996,0.524357329468779,0.7702334040618366
1837,37563.42,0.5009921756067729,0.8742570212317298
1838,37292.79,0.5120966759070292,0.9083681484507816
1839,37247.93,0.5080914108947642,0.8714707135671321
1840,37284.57,0.5007478710603815,0.7561832527204112
1841,37131.58,0.5038739720927758,0.5826853548066826
1842,37573.85,0.5077047338576187,0.3677146346499376
1843,38781.3,0.5166764166893799,0.11714243666284462
1844,38157.170000000006,0.46760554953565525,0.0
1845,36695.1,0.39273368477733384,0.0
1846,34870.61,0.31697933216776253,0.0
1847,33390.060000000005,0.3220210910718599,0.0
1848,32641.780000000002,0.324007104221095,0.0
1849,32343.170000000002,0.3376482723624528,0.0
1850,32550.819999999996,0.33996168684256595,0.0
1851,33424.630000000005,0.34923916584123865,0.0
1852,35332.88,0.36957184104803903,0.0
1853,38206.579999999994,0.34023978408131533,0.0
1854,40453.119999999995,0.31475012242926254,0.0
1855,40914.96,0.29063709750687483,0.0
1856,40433.03,0.31924842836281603,0.013637202314271775
1857,39693.42,0.3425504286686124,0.19273517227442644
1858,38838.59,0.36730717668149127,0.3930429071611511
1859,37923.41,0.3253892807363928,0.5982489204018782
1860,37330.56999999999,0.3034733347958367,0.7698764667378344
1861,36915.16,0.2769316678521808,0.871050076659154
1862,36601.95,0.2532695814802752,0.904793283867311
1863,36638.429999999986,0.22911113031570138,0.8679859070161793
1864,36656.92,0.21932565297453252,0.7517638195149161
1865,36440.72,0.23568962575424188,0.5800637874454707
1866,36729.83000000001,0.25920435382832435,0.367039199406056
1867,37642.82,0.29315548405538905,0.11899741247896808
1868,37128.79999999999,0.2699144213915499,0.0
1869,36009.52,0.26751126238419093,0.0
1870,34634.42999999999,0.27652504758675867,0.0
1871,33430.53999999999,0.25620289797266,0.0
1872,32701.0,0.24110199631715068,0.0
1873,32324.589999999997,0.23609956989104358,0.0
1874,32354.760000000002,0.19361052204723883,0.0
1875,32802.99000000001,0.16106815930650747,0.0
1876,33894.43,0.1392535914430255,0.0
1877,35596.840000000004,0.1488778610222899,0.0
1878,37344.60000000001,0.16098118467207792,0.0
1879,38238.34,0.1779733691425077,0.0
1880,38085.68,0.16766272012338207,0.016824378050441267
1881,37371.759999999995,0.18421726152884793,0.1947340212888402
1882,36535.64,0.2285399784169951,0.39184030294643496
1883,35757.08999999999,0.25764712008704116,0.5928300626891766
1884,35247.56,0.30936711273020573,0.7592100812279514
1885,34944.99999999999,0.366548780028408,0.8587472708023062
1886,35011.299999999996,0.3901443889727243,0.8914734812042291
1887,35349.01,0.4145970027543814,0.8547759312220212
1888,35782.76,0.43979859555354656,0.7433225263694311
1889,35844.8,0.5047132496160931,0.5744252759949214
1890,35854.60999999999,0.5642930901145852,0.3643747995659639
1891,36724.200000000004,0.6264240018968227,0.1205789193914712
1892,36357.0,0.6913696787589108,8.786149513906273e-06
1893,35418.469999999994,0.7072893607308971,0.0
1894,34094.68,0.6792353323095813,0.0
1895,32811.299999999996,0.7408272229497808,0.0
1896,32047.4,0.7847804361362435,0.0
1897,31699.88000000001,0.799371123535004,0.0
1898,31634.4,0.7476660883130469,0.0
1899,31875.079999999998,0.7025583838007806,0.0
1900,32519.010000000006,0.6495398654053686,0.0
1901,33685.81,0.6590932257285375,0.0
1902,35010.22,0.6587447732122559,0.0
1903,36121.84,0.634089957255014,0.0
1904,36730.969999999994,0.6569116581464767,0.020780341869077585
1905,36474.31,0.6358294499436051,0.19650333214720306
1906,36008.600000000006,0.5709219976023809,0.3789499233408454
1907,35588.299999999996,0.5792582670220994,0.5697697150212401
1908,35311.46,0.5695470228084055,0.7267353743558645
1909,35258.450000000004,0.5627840525083041,0.7775292029644466
1910,35520.86,0.6015193416075572,0.8060424546744509
1911,36128.76,0.6179259707366364,0.7722036980903302
1912,36761.47,0.6234264238911009,0.6111239242458184
1913,37029.22,0.6546785705580337,0.47200513111131576
1914,37409.26,0.6840350025815402,0.2996362534101241
1915,38533.4,0.7080616068480614,0.10590055835980156
1916,37799.12,0.8054105978315063,1.537576164933598e-05
1917,35889.6,0.9167863260363277,0.0
1918,33710.759999999995,0.9476656451301962,0.0
1919,31965.389999999992,0.9469144501984352,0.0
1920,30894.14,0.9312689876152555,0.0
1921,30284.450000000004,0.9088023869828333,0.0
1922,30322.399999999998,0.8839974428349522,0.0
1923,30996.800000000003,0.8627817257983389,0.0
1924,32679.440000000002,0.8298742911844285,0.0
1925,35426.01,0.849697306113043,0.0
1926,37276.38,0.8565694101901035,0.0
1927,37990.0,0.8318647361621696,0.0
1928,38624.27,0.7996669480877769,0.017053916206492076
1929,39336.67999999999,0.7479729924370846,0.12855564488140883
1930,39791.75,0.674916515430519,0.22849919387078185
1931,40005.590000000004,0.6740174082223713,0.3451770628780788
1932,40006.810000000005,0.6701473139795382,0.4436192785692633
1933,39927.54000000001,0.6302741529113789,0.6085385997513516
1934,39773.49999999999,0.5729141045158118,0.63483993832123
1935,39618.16,0.5107776529479416,0.6119564119122611
1936,39529.82000000001,0.44490018414247445,0.6376558992404372
1937,39700.85,0.5525310172597562,0.4941703897975228
1938,40043.77,0.5565368362505847,0.31511744885362697
1939,40316.30000000001,0.5937536701079816,0.12147510664188962
1940,39268.0,0.7809618618997919,2.416191116324225e-05
1941,37200.49,0.8748573505199643,0.0
1942,35004.77,0.8311622913439743,0.0
1943,33298.88999999999,0.780099871255382,0.0
1944,32169.22,0.757145769487304,0.0
1945,31544.879999999997,0.7440065059242468,0.0
1946,31321.510000000002,0.6821653249305869,0.0
1947,31892.84,0.552111101508816,0.0
1948,33536.810000000005,0.46043762090582147,0.0
1949,36478.91,0.4204259651968507,0.0
1950,38438.83,0.4074639747740322,0.0
1951,38574.01,0.4062995118340902,0.0
1952,38652.810000000005,0.2594669396673027,0.028311170271184485
1953,38845.600000000006,0.1876541445352231,0.2058891363654334
1954,39201.06,0.15350081213257372,0.4014666280076086
1955,39492.21,0.18029564727963293,0.6014481770936293
1956,39940.92,0.21433098224831096,0.7664575563082352
1957,40580.67,0.25409777943232714,0.8624539276284857
1958,41304.82000000001,0.25453209862591164,0.8958511801995329
1959,41987.119999999995,0.26096434372375527,0.8603386621330127
1960,42442.450000000004,0.29127306489748084,0.7446536280207876
1961,42010.26,0.27796760776545,0.5757607707210349
1962,41160.98999999999,0.25922817490654376,0.3667701235771928
1963,41342.479999999996,0.23509022094881016,0.1264250036242866
1964,39807.520000000004,0.17956384159758557,0.00019768836406289114
1965,37332.48,0.19914698380831455,0.0
1966,34587.009999999995,0.34731575226965017,0.0
1967,32684.640000000003,0.37289515844894866,0.0
1968,31560.82,0.41030920867486115,0.0
1969,30950.72,0.46129296380747264,0.0
1970,30912.989999999994,0.43723035093434026,0.0
1971,31571.479999999996,0.4427900797950722,0.0
1972,33359.85999999999,0.46006811720413676,0.0
1973,36258.130000000005,0.4828366361535275,0.0
1974,38086.810000000005,0.4991025547275422,0.0
1975,38380.63,0.523396176661548,0.0
1976,38754.71000000001,0.5628416662788819,0.031654300161225814
1977,39031.92,0.555139148335516,0.2032313261374768
1978,39031.5,0.5098320115404816,0.3697936572786656
1979,39080.32,0.45066654700729697,0.5535153384205136
1980,39306.27999999999,0.43803195791535654,0.7056134709244345
1981,39557.560000000005,0.43170386078740297,0.7882483053714119
1982,39772.52,0.4659574633099998,0.8195753214632452
1983,40121.520000000004,0.49720407019130014,0.7876135060690324
1984,40288.35999999999,0.48730004143759675,0.6408068321098613
1985,40131.84,0.4885653284760492,0.49602316907626776
1986,40434.50000000001,0.4437684059377638,0.3166429440629789
1987,40946.96000000001,0.38693906900578584,0.09820718619168736
1988,39953.549999999996,0.2747783531768455,0.0002734689036203327
1989,37628.14000000001,0.4418134155880704,0.0
1990,34939.96,0.6320468843137647,0.0
1991,32905.39,0.6160718044854535,0.0
1992,31618.85,0.6048803295507676,0.0
1993,31026.3,0.608662895180608,0.0
1994,30649.84,0.5771769695599857,0.0
1995,30968.34,0.4463593636780632,0.0
1996,32507.770000000004,0.2749860951380626,0.0
1997,35277.719999999994,0.21873400386898628,0.0
1998,37201.350000000006,0.20874244650229018,0.0
1999,37494.670000000006,0.23141180328886,0.0
2000,37934.170000000006,0.25185970603681523,0.03511823960708336
2001,38409.56000000001,0.3559716673203615,0.2099944647258061
2002,38779.73,0.3649477819806286,0.4103845697642234
2003,39215.270000000004,0.3881445263594081,0.6125824250651268
2004,39708.060000000005,0.43852499883664514,0.7803045279421515
2005,40078.88,0.4993568308880723,0.8860590165662843
2006,40505.45,0.4735419838193942,0.9181185778738388
2007,40940.32,0.433161378387302,0.880262354424485
2008,41109.61,0.33346961205989173,0.7652088248085711
2009,40660.16999999999,0.29499026105685805,0.5922490785525693
2010,40052.45,0.30050511765396737,0.3783272049940472
2011,40404.100000000006,0.34485331755602394,0.133842710351402
2012,39048.05,0.28000901877100975,0.0005337585829698061
2013,36661.22,0.24532940673327702,0.0
2014,34228.009999999995,0.25823489134264466,0.0
2015,32417.959999999995,0.28849818627418394,0.0
2016,31394.26,0.33645278662296885,0.0
2017,30837.919999999995,0.39995534932780247,0.0
2018,30777.320000000003,0.42028691657747613,0.0
2019,31399.85,0.4456857257451566,0.0
2020,33198.94999999999,0.4687040890265711,0.0
2021,36277.88,0.44494505640609733,0.0
2022,38108.05000000001,0.4338815505195211,0.0
2023,38305.29,0.4249508621014401,0.0
2024,38370.42000000001,0.532378939064574,0.040110969068360605
2025,38493.58,0.5932838962863495,0.21416459093884394
2026,38751.85,0.5249644899740961,0.4082121942969101
2027,39125.24,0.5429344466086541,0.6045903238135396
2028,39884.34,0.563034450818891,0.7651319460003246
2029,40925.21,0.6063516966147479,0.8565386524682487
2030,41997.09999999999,0.6192095390676763,0.8888079830954484
2031,43137.78,0.6195258608272894,0.8534898585869231
2032,43626.350000000006,0.6139871831519605,0.749116991973852
2033,42968.71,0.6263913171615911,0.58062719928305
2034,41446.76,0.62532601638447,0.37178811321832245
2035,41368.60999999999,0.5536965881568247,0.12961547416652383
2036,40264.34,0.5383342086194634,0.0007654932763990841
2037,38603.39000000001,0.5147507872035385,0.0
2038,36470.689999999995,0.4971359308280208,0.0
2039,34518.89,0.479895563961257,0.0
2040,33073.719999999994,0.4591280155823091,0.0
2041,32131.65,0.4369921401521446,0.0
2042,31570.43,0.40688506717544054,0.0
2043,31402.680000000004,0.3836467744044178,0.0
2044,31770.829999999998,0.3634553637312451,0.0
2045,32813.57000000001,0.29980267283577194,0.0
2046,33965.14,0.2792605937320651,0.0
2047,35307.12999999999,0.29831191652207834,0.0
2048,37028.65,0.21595857126712628,0.04317953178609239
2049,38487.76,0.20187809812511492,0.21639187984061914
2050,39820.420000000006,0.20721568158198556,0.40038373508001956
2051,40797.090000000004,0.23595775137885266,0.5924775184399306
2052,41889.72,0.3248186828162498,0.7500208671050952
2053,42970.240000000005,0.4296945805385115,0.8385687801749322
2054,44022.29,0.44461654711809284,0.8712082273504042
2055,44955.58,0.43300127858252396,0.8375858296980635
2056,45366.89000000001,0.4480800210955037,0.7271823697123848
2057,45012.719999999994,0.5028679470219223,0.5647901647842338
2058,44149.63000000001,0.5391507730216873,0.3628086684151101
2059,43967.33,0.5841271846144642,0.12608124552455502
2060,42725.259999999995,0.6805421677402772,0.001641911690411235
2061,40672.149999999994,0.7774463139374361,0.0
2062,38414.13,0.7606319565858081,0.0
2063,36243.78,0.7395131857977626,0.0
2064,34457.74,0.6840161673103899,0.0
2065,33110.50000000001,0.6275064760094047,0.0
2066,31979.369999999995,0.6226724590665244,0.0
2067,31438.92,0.6147361621694689,0.0
2068,31279.61,0.5934672631907838,0.0
2069,31578.15,0.5987167640560982,0.0
2070,31994.539999999997,0.575582065276402,0.0
2071,32780.33,0.4871105807689667,0.0
2072,34135.96000000001,0.4771627877087669,0.04094126019742476
2073,34931.35,0.47116264589025475,0.20110837276117924
2074,35325.42,0.41809371544558727,0.37487754304114973
2075,35433.12,0.4097541221544892,0.5568002600700254
2076,35306.64000000001,0.416290515222223,0.7064437620534985
2077,35343.83,0.45993682428464766,0.8002084513972172
2078,35486.08,0.44483813854339105,0.8306733265679975
2079,36011.420000000006,0.4570395163988735,0.7969059574486776
2080,36638.79,0.4379682503805833,0.7138647635866815
2081,36963.64,0.3508556752887891,0.5547322201281895
2082,37128.34999999999,0.3116744334461235,0.35699663051166114
2083,38057.08,0.32523195082443096,0.1328268118138565
2084,37174.86,0.33901881532792216,0.0024996595367063348
2085,35327.51,0.3469085780256648,0.0
2086,33180.990000000005,0.3488757559037495,0.0
2087,31487.659999999993,0.3614150606828118,0.0
2088,30672.91,0.38748584584770907,0.0
2089,30424.08,0.41628275952233745,0.0
2090,30543.89,0.4092178709052676,0.0
2091,31360.039999999997,0.40336453340601536,0.0
2092,33353.840000000004,0.39982184049406017,0.0
2093,36654.810000000005,0.41229189795271676,0.0
2094,38686.45,0.4389969885725302,0.0
2095,38904.72000000001,0.47551525546167467,0.0
2096,38787.369999999995,0.5068488369774043,0.050596140244518494
2097,38518.670000000006,0.5335744248040578,0.2240347316490284
2098,38483.79,0.4947709963415257,0.4099551467067312
2099,38442.200000000004,0.5291304087697023,0.601603032978812
2100,38608.28,0.5176442172393699,0.7572551629611075
2101,38898.47,0.5090204329453267,0.8345469202349413
2102,39241.22,0.5395612711370522,0.8648723152821883
2103,39718.47,0.5526290714654507,0.82948719638362
2104,40006.95,0.5448451186732878,0.7097616317636877
2105,39708.409999999996,0.5715961895138506,0.5527926776229949
2106,39653.01,0.5902469858026376,0.3569406188085102
2107,40387.23,0.6070652210042081,0.132289758424819
2108,39270.48999999999,0.7313702548966168,0.0032530718575237982
2109,37008.21000000001,0.8176540780577957,0.0
2110,34585.60999999999,0.858042439189773,0.0
2111,32742.8,0.8500557302434628,0.0
2112,31614.13,0.8246004152623313,0.0
2113,30990.050000000003,0.8004031855983303,0.0
2114,30755.630000000005,0.7849045273344105,0.0
2115,31140.16,0.7796760776544993,0.0
2116,32660.070000000003,0.7599500089744528,0.0
2117,35522.32,0.7460551186511288,0.0
2118,37203.45,0.7231043407544304,0.0
2119,37645.87,0.6878053806829892,0.0
2120,38327.21,0.6548359004699957,0.05275094341280403
2121,39166.37,0.6436466414495626,0.22128247031379725
2122,40095.42,0.6165354845428902,0.3784216561013216
2123,40827.649999999994,0.6269779804600681,0.5533945288646975
2124,41673.310000000005,0.6091005382455721,0.6954698613106295
2125,42419.1,0.5997349766553433,0.7430732193769736
2126,43162.41,0.5033349509507381,0.76904617560877
2127,43951.1,0.4400977439776992,0.7378114140868332
2128,44281.57,0.46096334656234145,0.6452339531961814
2129,43988.729999999996,0.4872795442307565,0.5017429524098207
2130,43941.09999999999,0.5091938282356226,0.3234719787726627
2131,44643.02,0.5575528329355768,0.1326477940175107
2132,43439.1,0.6293634121534034,0.004041628776396886
2133,40812.99,0.753136626625096,0.0
2134,37954.79,0.8468803251189394,0.0
2135,35517.94,0.8200350779226246,0.0
2136,33930.79,0.7990525858611375,0.0
2137,32940.69,0.7676309217538517,0.0
2138,32546.78,0.72655396526776,0.0
2139,32897.57,0.6896700725268736,0.0
2140,34187.340000000004,0.69114254754798,0.0
2141,36840.14000000001,0.736118959140757,0.0
2142,38508.0,0.7278558148913871,0.0
2143,39074.09,0.7196619179624226,0.0
2144,39958.57000000001,0.6511358776460787,0.05445435814981259
2145,40718.92,0.6075671255825086,0.21883113459941722
2146,41180.92,0.5597731790170648,0.37143007762563074
2147,41035.69,0.5788970729988633,0.5476560749634273
2148,40780.13999999999,0.5672945459702492,0.6950591088208541
2149,40184.700000000004,0.4813087632760964,0.8357154781202907
2150,39678.950000000004,0.5600479523844346,0.8649030668054872
2151,39505.54,0.5716870419982228,0.8289699118309893
2152,39378.75,0.5809152169047666,0.748020919821992
2153,38836.340000000004,0.6066358876176927,0.5823207296018554
2154,38683.93,0.6200310892769694,0.37634702654735047
2155,39411.09,0.5754502183783498,0.15896450834903847
2156,38353.27,0.6296681003631883,0.006373253203649763
2157,36295.670000000006,0.6007155187122881,0.0
2158,34046.96,0.513718725140212,0.0
2159,32447.159999999996,0.4708574037019064,0.0
2160,31533.75,0.4305288722547593,0.0
2161,31065.820000000003,0.4028753703346698,0.0
2162,31079.88,0.35990546909796794,0.0
2163,31765.09,0.3255100480631803,0.0
2164,33765.41,0.3068731012384746,0.0
2165,37210.67,0.2801613628759022,0.0
2166,39312.94,0.2622041477482988,0.0
2167,39385.68,0.2585894376231219,0.0
2168,38972.119999999995,0.2317890626904302,0.06865497230166359
2169,38468.369999999995,0.20696195940001905,0.260048060237841
2170,38067.1,0.19875864483547953,0.4732044405199641
2171,37568.02,0.21370110862190084,0.6763358242067201
2172,37330.46,0.28354949576871175,0.8292807218700433
2173,37126.94,0.361214520442917,0.9032622973145129
2174,37190.26,0.4063277647408157,0.9170719278129948
2175,37524.15,0.45208196223638947,0.871252158097974
2176,37661.3,0.5189300014846627,0.7335402471543853
2177,37410.47,0.5402160737988082,0.5732424406166117
2178,37215.479999999996,0.5556360671067474,0.3793376121881463
2179,38139.45999999999,0.5658663892342023,0.15638467519801777
2180,37435.02,0.5805473751387717,0.007415510189736894
2181,35876.06,0.5514961853036138,0.0
2182,34048.79,0.470296777395902,0.0
2183,32615.389999999996,0.47913993720099013,0.0
2184,31819.030000000002,0.4797476516848704,0.0
2185,31490.769999999993,0.478358827426814,0.0
2186,31427.69,0.43436849767661395,0.0
2187,31999.060000000005,0.396951123579322,0.0
2188,33433.73,0.3606405986513946,0.0
2189,35716.39,0.3689973652779532,0.0
2190,37353.31,0.3741892523726902,0.0
2191,38046.08,0.3733754578632825,0.0
2192,38220.479999999996,0.47260299015469304,0.06381929526294747
2193,38039.27,0.5772417850518856,0.2280994240678993
2194,37537.659999999996,0.6106228713373707,0.4045362889940296
2195,37034.840000000004,0.6754461189369817,0.5774521045024621
2196,36818.53,0.6814484766697467,0.7081241131480328
2197,36709.36999999999,0.6550685714665585,0.8053900830730433
2198,36831.380000000005,0.6664794219122896,0.8181299998682073
2199,37051.42999999999,0.6682549232074915,0.7773468903620332
2200,37206.79,0.663599287361976,0.7043427740509858
2201,36870.28999999999,0.6872691294337675,0.5513056218177663
2202,36697.310000000005,0.7023982839960026,0.3659958441512797
2203,37380.54,0.7134966905320632,0.13908364853644709
2204,36816.01999999999,0.8106850277321669,0.0078064938431057235
2205,35662.579999999994,0.9165719363323519,0.0
2206,34049.5,0.9526121197214155,0.0
2207,32507.370000000003,0.90989760260237,0.0
2208,31442.329999999998,0.8299950585112161,0.0
2209,30807.31,0.733864820366911,0.0
2210,30552.23,0.6468419898023627,0.0
2211,30521.049999999996,0.5513482730272271,0.0
2212,30944.280000000002,0.4321946857944386,0.0
2213,31982.26,0.40647346110294913,0.0
2214,32952.88,0.39213815782184486,0.0
2215,34266.92999999999,0.37430281797815557,0.0
2216,35566.42999999999,0.4377505368052277,0.0650910904050854
2217,36374.75,0.5265776755502668,0.2281565340397396
2218,36517.33,0.5654542291831476,0.35520205947344585
2219,36261.5,0.6177586692105362,0.5062107094376423
2220,35821.68,0.6521457805668751,0.6208293246526171
2221,35662.079999999994,0.6279358093959196,0.745794729188906
2222,35604.57000000001,0.6444416006878199,0.7570717520900051
2223,35618.42,0.6549461422040812,0.71866859083341
2224,35576.159999999996,0.6622636450459912,0.5978612315545767
2225,35450.79,0.6869832764951328,0.4688893428399469
2226,35696.6,0.7023982839960026,0.3126847837069641
2227,36541.68,0.713532145160111,0.1307488874538177
2228,36070.590000000004,0.8098296848305158,0.008615917867074338
2229,35024.36,0.8955129952291367,0.0
2230,33507.66,0.7576626314868121,0.0
2231,31927.210000000003,0.7113782765062125,0.0
2232,30799.890000000003,0.6645825993117371,0.0
2233,30019.100000000002,0.6167393486541646,0.0
2234,29586.630000000005,0.5201060979744329,0.0
2235,29425.620000000006,0.4403259831457563,0.0
2236,29683.539999999997,0.3713373707291024,0.0
2237,30443.629999999997,0.32091036405255263,0.0
2238,31357.19,0.2716372947232434,0.0
2239,32499.45,0.21995164875099993,0.0
2240,34004.19,0.2922248000691366,0.06936335560622231
2241,34847.14,0.4022150278872809,0.23534470261080428
2242,35303.22,0.5015622195483525,0.41445145872047273
2243,35599.219999999994,0.5446052459554025,0.5892123656268256
2244,35674.54,0.5516003332735037,0.7211847244004548
2245,35663.99,0.5431383107199286,0.8184935268043448
2246,35768.490000000005,0.6034349994792602,0.829812283915635
2247,36041.21,0.6429231454459637,0.7872664531632331
2248,36320.98,0.6513962475708038,0.6851373494822754
2249,36469.130000000005,0.678766112466512,0.5365218269919294
2250,36782.85000000001,0.6923197519948768,0.35704605260267697
2251,38157.47,0.6858647937759401,0.1367037002868677
2252,37727.26,0.7641491664838538,0.009982164116486763
2253,36010.85999999999,0.8267947243513466,0.0
2254,33678.43,0.7631065788278258,0.0
2255,31833.469999999994,0.8015687564953986,0.0
2256,30667.789999999997,0.8074902333579304,0.0
2257,30018.62,0.7914675113731802,0.0
2258,29897.960000000003,0.764815048716875,0.0
2259,30427.859999999997,0.7419517994331694,0.0
2260,31900.69,0.6795228471839057,0.0
2261,34610.60999999999,0.6358471772576287,0.0
2262,36092.57,0.5848396010467979,0.0
2263,37047.7,0.5116828539202848,0.0
2264,38263.35,0.5757809435806074,0.07820881162934747
2265,39191.8,0.6348300726155103,0.2523590811444837
2266,39993.68000000001,0.6198272251656953,0.4514784893094523
2267,40619.35999999999,0.6424566954957113,0.6383565946641708
2268,41196.43,0.6422356580489762,0.77834521660055
2269,42033.14000000001,0.6296138104639902,0.8485948750389882
2270,42793.33,0.6471583115619758,0.8594314921957024
2271,43763.299999999996,0.6223738646209346,0.8148736332046158
2272,43883.579999999994,0.6262085042357199,0.7020221323106253
2273,43338.66999999999,0.6546287124873414,0.5505939437071397
2274,42735.0,0.6697578670495766,0.3670216271070282
2275,43378.05,0.680891728213685,0.14060914374579903
2276,42167.60999999999,0.8137906315577212,0.01123858349697536
2277,39561.579999999994,0.9274044331580548,0.0
2278,36789.01,0.991226641493881,0.0
2279,34519.43,1.0,0.0
2280,33111.38,0.9803575820830037,0.0
2281,32302.84,0.9557310190324873,0.0
2282,31901.980000000003,0.9376857213133282,0.0
2283,32265.52,0.923109437357212,0.0
2284,33748.64999999999,0.8986739969110156,0.0
2285,36451.399999999994,0.8831520715474396,0.0
2286,37962.33,0.8518417571313663,0.0
2287,38696.73999999999,0.8016945096292555,0.0
2288,39869.770000000004,0.8116677857033644,0.08242945820209022
2289,41053.78,0.7595051641881666,0.25716400665990113
2290,42422.07,0.6841219772159698,0.44913478392661793
2291,43634.6,0.6797970665727119,0.6305731644635393
2292,45014.64,0.6549173353187925,0.7642720016166513
2293,46189.70999999999,0.5415533780504831,0.816227798498447
2294,47209.67999999999,0.4809303959173997,0.8271533754189888
2295,47956.96,0.5261970922773174,0.7848832101075858
2296,48025.46,0.451223849441922,0.6935237291932989
2297,47263.31999999999,0.5659749690325985,0.5439054873896784
2298,46453.4,0.5786782514663813,0.36259011294595167
2299,46659.600000000006,0.6076613019382603,0.1665930826644876
2300,45273.72,0.7999411674765833,0.014641019896235567
2301,42585.21,0.9274127428365033,0.0
2302,39575.509999999995,0.9491226087515319,0.0
2303,37123.52,0.949468291374997,0.0
2304,35518.04000000001,0.9359268393750236,0.0
2305,34583.969999999994,0.7895690268369375,0.0
2306,34080.76,0.8790576159864919,0.0
2307,34285.65,0.896266960053714,0.0
2308,35566.520000000004,0.8626432311575273,0.0
2309,38068.19,0.7916409066634761,0.0
2310,39458.46,0.6873738313822209,0.0
2311,40055.15000000001,0.626422893939696,0.0
2312,41041.25,0.5298217740166328,0.08999323466487423
2313,41779.22000000001,0.5840490736370467,0.2731262437892903
2314,42546.090000000004,0.6124083442467111,0.4770275138272023
2315,43685.72000000001,0.5862644339114654,0.6732255272787975
2316,44963.92999999999,0.5774450951845969,0.8212402967961301
2317,45843.20999999999,0.5582586016251516,0.9061177959065321
2318,46859.41,0.5712759899042947,0.9180065544675367
2319,47620.12000000001,0.5670790483091467,0.8712027360069583
2320,47571.24,0.58318597503551,0.760377540844612
2321,46715.53,0.5758346795012421,0.5954153871836437
2322,45172.74,0.49643957977402114,0.3968484081693614
2323,44634.67,0.38114057538429497,0.1581957202665717
2324,43051.25000000001,0.26658168635506485,0.015005645101062675
2325,39966.450000000004,0.19409580726864195,0.0
2326,36590.97,0.163788194052043,0.0
2327,34032.24,0.14088672024747334,0.0
2328,32385.840000000004,0.178520145984431,0.0
2329,31361.850000000002,0.28282322987229686,0.0
2330,30897.27,0.26304342527161567,0.0
2331,31230.4,0.26081255359742594,0.0
2332,32711.019999999997,0.2708090967711914,0.0
2333,35404.05999999999,0.25107305647700645,0.0
2334,36837.7,0.23474952413241423,0.0
2335,37581.170000000006,0.2217260420890754,0.0
2336,38732.04,0.14327824570500425,0.09566469417610075
2337,40018.26,0.10659544718257585,0.28012331360842757
2338,41710.86000000001,0.09721271225688652,0.4842705958327292
2339,43437.200000000004,0.12908032910758488,0.6758701582824831
2340,45560.4,0.25102098249206156,0.8160960062557379
2341,47524.090000000004,0.42813623884010193,0.8863258958577692
2342,49311.189999999995,0.3756789007292574,0.8975589880112983
2343,50786.55,0.3490818359292768,0.8516667325627878
2344,51162.87,0.34054724218391647,0.7389645962105331
2345,50306.76,0.3286815753377608,0.5792269067042711
2346,48921.69999999999,0.335146505170836,0.38667294876356895
2347,48340.27,0.3439857871259816,0.15484050942094868
2348,46396.74,0.34342737673422996,0.015976514622349315
2349,43350.34999999999,0.38888242580565113,0.0
2350,40143.95,0.4828371901320907,0.0
2351,37587.170000000006,0.5880443670351733,0.0
2352,35906.5,0.662793248552454,0.0
2353,34827.78,0.7405640831322395,0.0
2354,34243.340000000004,0.7356081909054448,0.0
2355,34358.82,0.7282341822500837,0.0
2356,35612.69,0.7184869294297789,0.0
2357,38041.84,0.7004194725680896,0.0
2358,39602.27,0.69972312151409,0.0
2359,40841.729999999996,0.6867832902338012,0.0
2360,42114.62,0.637041001061423,0.09404364959078501
2361,43689.75999999999,0.597782756198466,0.2688001634223806
2362,45094.83,0.5730127127000695,0.4615594976079704
2363,46723.11000000001,0.5420325695076903,0.6451691553435162
2364,48635.21,0.5910735218189997,0.7811106571600525
2365,50281.990000000005,0.6218536787500472,0.8702527335907668
2366,51823.049999999996,0.6265929653586124,0.8841666996147264
2367,52800.12,0.5966304807869154,0.8418591931678898
2368,52679.69,0.6030433366350455,0.7401748883060737
2369,51504.829999999994,0.6455556515785066,0.5822021165834178
2370,49812.869999999995,0.6488784150008531,0.3904323224868315
2371,48855.28999999999,0.6518460781641594,0.1578091296879598
2372,47050.79,0.7620407240721412,0.017599755745043504
2373,44353.86000000001,0.8245876737553766,0.0
2374,41037.30000000001,0.8186894639925014,0.0
2375,38333.84,0.8181454570433943,0.0
2376,36189.14000000001,0.82054806207219,0.0
2377,34676.94,0.7974604514703699,0.0
2378,33647.8,0.7626766914627472,0.0
2379,32946.13,0.6981110438950453,0.0
2380,32854.73,0.626050066366632,0.0
2381,33596.07,0.5900746984694683,0.0
2382,34250.45,0.5320892082759966,0.0
2383,35447.19,0.4507562915345427,0.0
2384,36720.42,0.5358662341202046,0.10425425359463339
2385,37776.38,0.6146569432349245,0.2906590051442904
2386,38654.45,0.6132952639264672,0.4997682653065705
2387,39536.44,0.5598756650512652,0.6997640918855511
2388,40430.03999999999,0.4947981412911246,0.849668981817063
2389,41375.31,0.41442249950695914,0.9311374549160697
2390,42351.969999999994,0.302336570784057,0.9417049962439202
2391,43198.780000000006,0.23531901409543066,0.8928441205283982
2392,43654.58,0.19933533651981808,0.7762343441798346
2393,42935.569999999985,0.1842610258353443,0.6082102174132693
2394,41392.99,0.18499172356026514,0.40655710338222795
2395,40782.42,0.2081397178254791,0.16493799174980553
2396,39378.28,0.18849951582273577,0.01940530947015124
2397,37493.579999999994,0.20099561027386484,0.0
2398,35480.90000000001,0.29275440357559934,0.0
2399,33653.39,0.3001688526660773,0.0
2400,32428.309999999998,0.33526007077630104,0.0
2401,31489.489999999998,0.4032011097298579,0.0
2402,31028.809999999998,0.3743205452921794,0.0
2403,30772.51,0.37213011405310664,0.0
2404,30999.430000000004,0.38860155867408563,0.0
2405,31649.41,0.36417055005639504,0.0
2406,32319.040000000005,0.3541080834336035,0.0
2407,33744.740000000005,0.3479910521382463,0.0
2408,35002.47,0.4269396451434917,0.10756882849875449
2409,36237.66000000001,0.5102330920202712,0.29073149087778005
2410,37296.73,0.5239623427531848,0.4946514314834092
2411,38629.229999999996,0.5048135197360405,0.6851109910337344
2412,40102.78,0.5116750982203994,0.8235609385364905
2413,42026.42,0.5126030123138355,0.8939259151872984
2414,44274.28999999999,0.5172985346159046,0.9042617218217198
2415,46155.44,0.47767577185833227,0.8577181930404902
2416,47454.57,0.4387305248836092,0.7453762888183062
2417,47044.32,0.42965690999621087,0.5852322398970259
2418,45296.380000000005,0.40285930495633543,0.39231365675149665
2419,44873.43,0.34679168854882003,0.16134775140468555
2420,43529.20999999999,0.33356932820127605,0.020285022690231108
2421,40824.41000000001,0.3716005105466439,0.0
2422,37673.64,0.45208805600058516,0.0
2423,35145.71,0.44948047890338827,0.0
2424,33378.66999999999,0.45034191556923514,0.0
2425,32476.53,0.46051074607617004,0.0
2426,32128.769999999997,0.4322190608512213,0.0
2427,32511.34,0.4268515625519355,0.0
2428,33862.78,0.42328006275469165,0.0
2429,36294.38,0.3863169510792612,0.0
2430,37636.66,0.3671094063344125,0.0
2431,38784.520000000004,0.37349123938300083,0.0
2432,40126.25,0.37739789621100833,0.10445853157083163
2433,41439.310000000005,0.3864210990491512,0.27672856508999194
2434,43049.18,0.38254768093493846,0.44228817691790645
2435,44818.51,0.4201982800073569,0.6166602967082687
2436,46882.37,0.4736621971676185,0.7471741546625896
2437,48988.509999999995,0.5286362598912874,0.8258079962746722
2438,50803.86,0.5466876513746426,0.8367061164779834
2439,52065.62,0.5588729638517909,0.7949345651514952
2440,52485.659999999996,0.5458328624515545,0.700127618821689
2441,51488.53,0.6052548190595216,0.5514538880908133
2442,49728.13,0.650994613112451,0.37118296717055216
2443,49167.37,0.6628154076949839,0.16262393962158045
2444,47237.270000000004,0.7530828907044612,0.02179184733186603
2445,44148.06999999999,0.8436578318165402,0.0
2446,40717.90000000001,0.8656413631418121,0.0
2447,37960.93,0.809527766513547,0.0
2448,36195.23,0.7636428300770474,0.0
2449,35015.409999999996,0.7202829279318209,0.0
2450,34431.7,0.6749835468366715,0.0
2451,34636.61000000001,0.6373290699143106,0.0
2452,35888.530000000006,0.6057489679379368,0.0
2453,38416.0,0.6308829753523857,0.0
2454,39649.100000000006,0.6386126382453503,0.0
2455,40116.85,0.641567005923139,0.0
2456,40934.340000000004,0.6203446411437663,0.07430117163303764
2457,41901.95999999999,0.6329349119506471,0.19176759755920755
2458,42757.61,0.6033325134450599,0.32901713738462657
2459,43873.799999999996,0.6083897837489282,0.4588863116183646
2460,45319.26000000001,0.5905793729405848,0.5566179474676121
2461,46663.67,0.5712405352762469,0.5971572413247752
2462,47926.13,0.6029630097433751,0.6046232718742174
2463,48906.049999999996,0.6106062519804732,0.5740968936568387
2464,48964.45,0.615887883602456,0.5373213665976951
2465,48099.45,0.6578899842891681,0.4222085304725629
2466,47350.840000000004,0.6758948415732106,0.28348621233487503
2467,47293.61,0.6689568140471237,0.12625367370876547
2468,45880.670000000006,0.7315647013723157,0.01785235754356831
2469,43114.23,0.7602192425561902,0.0
2470,39871.740000000005,0.6924460591072967,0.0
2471,37426.130000000005,0.770248470465187,0.0
2472,35640.36,0.8010746076169838,0.0
2473,34592.43000000001,0.7913877384600729,0.0
2474,33986.24,0.7616972573629289,0.0
2475,34216.700000000004,0.7434780103749106,0.0
2476,35463.77000000001,0.7153907432397997,0.0
2477,38032.79,0.7153453169976136,0.0
2478,39519.82000000001,0.6925247240632776,0.0
2479,40129.619999999995,0.6606332861343599,1.098268689238284e-06
2480,41015.22000000001,0.5715241723006288,0.07047480351973144
2481,41898.2,0.5096104201151833,0.18092329252166872
2482,42812.21,0.443745692816671,0.31894711177300095
2483,43696.10999999999,0.43882636317505064,0.444959166370134
2484,44808.15,0.4411325759338417,0.539833107089983
2485,45895.5,0.44969597656449095,0.6461048802667471
2486,46580.73,0.4761800297375693,0.6530272678150161
2487,46883.19,0.4874446298426036,0.6180803581234537
2488,46382.03,0.5094613998816702,0.66715210142731
2489,45665.700000000004,0.5642986299002174,0.5245496000105427
2490,45065.65999999999,0.6106007121948409,0.35353159279711444
2491,45181.170000000006,0.6414600880604324,0.15899525987233712
2492,43811.829999999994,0.6576866741564568,0.024117980415672723
2493,41257.75000000001,0.6104854846536858,0.0
2494,38458.61,0.5299763340357784,0.0
2495,36132.740000000005,0.514058867978045,0.0
2496,34591.22,0.48357398162120735,0.0
2497,33620.29,0.4597091390951536,0.0
2498,33067.48,0.47369765179566625,0.0
2499,33319.98999999999,0.5099195401534745,0.0
2500,34675.030000000006,0.5572398350473431,0.0
2501,37158.22,0.6124886711383818,0.0
2502,38509.48,0.7238605214932604,0.0
2503,39036.52,0.7778335449531446,5.491343446191421e-06
2504,39380.44,0.7123338895278111,0.08073043653983855
2505,40004.94999999999,0.6580827688291773,0.20437572211166313
2506,40250.96,0.5754480024640968,0.3521917049962437
2507,40344.8,0.5235656941019011,0.4890129200328598
2508,40599.3,0.4570550277986443,0.5913243363162306
2509,40859.83,0.4030022314256529,0.6596794812657325
2510,40959.76,0.40161340716759636,0.6674914664522842
2511,40998.74999999999,0.4167132008659794,0.6330761188063134
2512,41076.86000000001,0.45018513963583656,0.568433122026437
2513,41068.84999999999,0.5229147692900876,0.449029350132451
2514,40941.880000000005,0.5632183717018888,0.30431487802627927
2515,41177.670000000006,0.6119712551603104,0.14293966990436266
2516,40193.909999999996,0.6797156317239147,0.022914277932267562
2517,38088.880000000005,0.750406066286859,0.0
2518,35828.97,0.746960319623472,0.0
2519,34011.08,0.7145714089447596,0.0
2520,32657.289999999997,0.6734163414812501,0.0
2521,32194.469999999994,0.6112494210924014,0.0
2522,31968.690000000006,0.4597429317875115,0.0
2523,32426.640000000003,0.3438417526995377,0.0
2524,33818.12,0.26007354619405654,0.0
2525,36319.170000000006,0.1742251501835885,0.0
2526,37889.13,0.1252595389568805,0.0
2527,38783.24,0.10143236697312762,1.867056771705083e-05
2528,39733.32,0.10415295569722637,0.0897823670765405
2529,40429.87,0.1604626607368801,0.2211561694145349
2530,40924.29,0.23871933451663158,0.34802816839534123
2531,41238.86000000001,0.22784196542730595,0.4816797799948158
2532,41662.69,0.2760259129012743,0.5828182453180804
2533,41916.82,0.3526073555057713,0.5577810140095151
2534,41956.520000000004,0.4406539384551976,0.5651042696293559
2535,42001.17,0.46567327230705485,0.5379715416617243
2536,41875.59,0.5020364251984907,0.46647315172362275
2537,41424.549999999996,0.5172370429953844,0.36754000992834873
2538,41096.76,0.5515549070313178,0.24770132363342415
2539,41263.78,0.5931526033668602,0.142157702597625
2540,40251.1,0.6898163228675704,0.022860462766494886
2541,38525.450000000004,0.8049535655168291,0.0
2542,36561.46,0.8814989995147149,0.0
2543,34789.82,0.9162135122019321,0.0
2544,33461.63,0.9362176781207275,0.0
2545,32515.87,0.9530863253715532,0.0
2546,32047.010000000002,0.938321688703934,0.0
2547,31806.28,0.9195506790669229,0.0
2548,32287.360000000004,0.8892330942361856,0.0
2549,33330.15,0.8471495587006765,0.0
2550,34498.57,0.8014147504548164,0.0
2551,36025.09999999999,0.7416681624087874,4.7225553637246226e-05
2552,37489.64000000001,0.7082410959025531,0.053431870000131776
2553,38158.64,0.7023644913036445,0.12907292943404003
2554,37926.49,0.6249277057974965,0.16943100895747934
2555,37374.520000000004,0.6516549555598397,0.23508221639407628
2556,36645.95,0.6094556385046124,0.2856454085779175
2557,36202.07,0.5435111382929926,0.30986772451906786
2558,35896.17999999999,0.5435881413132838,0.31387750350347693
2559,35794.68,0.5221879494151095,0.29849075916724854
2560,35971.42999999999,0.502014820034524,0.3418284416445912
2561,35923.16,0.5118673287818455,0.26888473011145225
2562,36465.65000000001,0.5070244481819532,0.18202705255435322
2563,37308.88999999999,0.491414440226821,0.07373007191463375
2564,36809.469999999994,0.42303132637979457,0.012164424002003236
2565,35844.94999999999,0.3651477682419602,0.0
2566,34389.329999999994,0.32547237752087954,0.0
2567,33204.32000000001,0.2926618891555373,0.0
2568,32242.73,0.25847254814627696,0.0
2569,31681.19,0.23109049572217757,0.0
2570,31448.51,0.22653069816810376,0.0
2571,31580.400000000005,0.22481613451485888,0.0
2572,32045.88,0.24124381482934143,0.0
2573,32862.9,0.22905019267374424,0.0
2574,33635.01,0.22779321531374022,0.0
2575,34728.409999999996,0.226341791478037,8.127188300363301e-05
2576,35348.3,0.25822658166419593,0.07243631139871101
2577,35574.99,0.2858224698137082,0.1701811264722291
2578,35534.69,0.3226504107197068,0.2869095158392309
2579,35305.18,0.30395197227448106,0.3950933748039588
2580,34982.11,0.3253903886935191,0.47662774402431984
2581,34734.11000000001,0.357207039516399,0.5519579934191737
2582,34760.25,0.28726115214245657,0.5566992193506156
2583,35000.31999999999,0.2238970840784345,0.5289866055150657
2584,35532.76,0.19247874384252828,0.48142937473366954
2585,35795.47,0.15568348767176107,0.37836674266685966
2586,36238.61000000001,0.12421584334372601,0.2549586831319107
2587,37383.34999999999,0.1115995355443726,0.15532484591290277
2588,37098.44000000001,0.07162887424908208,0.027284289046746693
2589,35211.180000000015,0.05225292002100687,0.0
2590,33003.58,0.040456500495256835,0.0
2591,31495.3,0.044671169404428716,0.0
2592,30658.179999999997,0.07406084014172988,0.0
2593,30365.21,0.13312104874789765,0.0
2594,30585.090000000004,0.13967295321540235,0.0
2595,31345.929999999997,0.1511657924884938,0.0
2596,33369.29999999999,0.16873079079331946,0.0
2597,36600.189999999995,0.16529667767976053,0.0
2598,38104.13,0.17493756661592222,0.0
2599,38331.659999999996,0.19283606001582165,0.00021855546915841852
2600,38141.049999999996,0.1860398510019257,0.0965564883517622
2601,38081.65,0.19081791610991827,0.22315501842894847
2602,38144.189999999995,0.17595910308654694,0.3403534667949443
2603,38310.94,0.17645325196496198,0.4679173750499708
2604,38528.729999999996,0.19106776044194196,0.5634667510137018
2605,38709.18,0.19872152827174208,0.7590991560903387
2606,39114.700000000004,0.1895958393993986,0.7661214860893285
2607,39635.55,0.17864091331121848,0.7273778615390692
2608,39653.37,0.16780841648551573,0.7261829452051781
2609,39498.58,0.20953906767623723,0.5724989127139974
2610,39319.490000000005,0.2561425143092663,0.3886015085818715
2611,39913.07,0.3148653499704176,0.17350668406324252
2612,39092.17999999999,0.3167992891347078,0.0327262104019224
2613,36902.31999999999,0.32496881100688935,0.0
2614,34407.78000000001,0.3291136786170922,0.0
2615,32567.099999999995,0.3209668698660037,0.0
2616,31494.210000000003,0.329895896348395,0.0
2617,30885.61,0.356629793853497,0.0
2618,30758.55,0.3347465326481727,0.0
2619,31345.48,0.3207940285542711,0.0
2620,33055.44,0.28853585681648464,0.0
2621,36000.09,0.22062971851241248,0.0
2622,37401.869999999995,0.21789251043141633,0.0
2623,37908.35,0.2818293923298344,0.0003086135016759579
2624,38404.29000000001,0.30310826292265797,0.1363610404558254
2625,38922.450000000004,0.3304504288902037,0.31327235745570664
2626,39441.240000000005,0.38247510974315335,0.5092573067815891
2627,40001.299999999996,0.396034843035714,0.7011138641046248
2628,40661.74,0.41479754299427646,0.8444522055431813
2629,41401.219999999994,0.4390933808425349,0.8926574148512276
2630,42161.829999999994,0.48245051309494535,0.9067471038654663
2631,42773.829999999994,0.4934131948830111,0.8652479231739082
2632,43054.74,0.5252182121560625,0.7670517196691132
2633,42469.9,0.5804266078119841,0.608394726553062
2634,41570.71,0.6154391609662273,0.4151367783825576
2635,41939.07,0.6169459826582552,0.19117672900439742
2636,40826.659999999996,0.6863290278119398,0.036137432950696505
2637,38469.33,0.7465930318360404,0.0
2638,35866.659999999996,0.701945683509831,0.0
2639,33998.969999999994,0.6603230581389424,0.0
2640,33012.78999999999,0.5983555700328622,0.0
2641,32577.449999999993,0.5362939055710302,0.0
2642,32653.690000000002,0.4922437461359994,0.0
2643,33506.97000000001,0.5090536716591216,0.0
2644,35619.409999999996,0.47954600348784926,0.0
2645,38978.63000000001,0.4499934630529537,0.0
2646,40654.84,0.4262128252685134,0.0
2647,40764.810000000005,0.40834313875390293,0.00045248669996617307
2648,40617.4,0.44126442283189427,0.14508568692313425
2649,40355.97,0.47406660151878766,0.3299308969340728
2650,39789.21,0.49527234694126254,0.4455796881795536
2651,39163.67,0.4569879963924919,0.6111052536781014
2652,38706.19,0.46622115710610473,0.7343957984633022
2653,38400.79,0.5158786875583065,0.7346429089183806
2654,38296.13,0.5426945738907688,0.7412599777710414
2655,38566.91000000001,0.5763548653721294,0.7026316714331525
2656,38847.119999999995,0.6129108028035747,0.7018947331426736
2657,38925.829999999994,0.6363363403289749,0.5533198465938294
2658,38835.82,0.657050706765851,0.37603292170222846
2659,39770.09,0.6801754339314087,0.1839039937442615
2660,38846.35,0.6774720185427705,0.03631754901573157
2661,36803.58,0.6424672210884128,0.0
2662,34503.1,0.5802310533791587,0.0
2663,32931.380000000005,0.5307280829461024,0.0
2664,32101.769999999997,0.4747441173016371,0.0
2665,31630.809999999998,0.43245062389065797,0.0
2666,31704.309999999998,0.4465388527325548,0.0
2667,32328.87,0.47913550537248417,0.0
2668,34109.479999999996,0.5261821348561097,0.0
2669,37068.49999999999,0.5063840489628414,0.0
2670,38503.46,0.502357732765173,0.0
2671,38965.42999999999,0.5058477977136198,0.00040745768370740337
2672,39358.22,0.629684719720086,0.11077577307133032
2673,39728.130000000005,0.7128136349635814,0.25047225553637237
2674,39654.47,0.6921402629403853,0.41681383467102445
2675,39403.18,0.6918976203296838,0.5710766547614338
2676,39329.649999999994,0.6783799894079298,0.6860093748215307
2677,39231.82,0.6517701831009947,0.7188816549591217
2678,39049.14,0.659997872722317,0.7244740391247235
2679,39102.020000000004,0.652646577188049,0.6859698371487184
2680,39180.740000000005,0.6165665073424318,0.5979095553769036
2681,39073.759999999995,0.6616437430337195,0.4728101620605275
2682,39388.51,0.6880579949078292,0.32290087905425857
2683,39783.350000000006,0.7009662494100128,0.17711010363263346
2684,38930.619999999995,0.7931432965269976,0.03685240586739062
2685,37142.98,0.8446749364586588,0.0
2686,34975.530000000006,0.8113747310434077,0.0
2687,33315.73,0.8271354211677426,0.0
2688,32300.340000000004,0.8413654685218303,0.0
2689,31819.88,0.8254036841790374,0.0
2690,31724.749999999996,0.8066526177703028,0.0
2691,32192.28,0.7422387603289305,0.0
2692,33660.06,0.6670660852107669,0.0
2693,36234.17,0.624671767701277,0.0
2694,37803.899999999994,0.5833289015048273,0.0
2695,38783.05,0.5458982319220175,0.0004997122536034192
2696,39836.479999999996,0.6310065125719895,0.11173565990572457
2697,40740.850000000006,0.642066140608623,0.24633288084663332
2698,41422.85,0.6413797611687618,0.32330614020058746
2699,41849.81,0.6437978775973284,0.44120528399031755
2700,42298.22,0.6510838036611335,0.5288086859874092
2701,42328.89000000001,0.6181409144191755,0.8519588720341249
2702,42389.61,0.6287302146556137,0.8607032873378403
2703,42659.799999999996,0.6104694192753518,0.8172491883794385
2704,42824.920000000006,0.6022129227687405,0.737220545532023
2705,42598.090000000004,0.6034715620644345,0.5840955318036644
2706,42018.439999999995,0.5887872522884855,0.399597374698525
2707,42016.98,0.5684783981599048,0.18422908127627596
2708,41200.24,0.6051551029181376,0.03899952115485146
2709,39657.37,0.637632650166969,0.0
2710,37441.96,0.618423443486431,0.0
2711,35238.700000000004,0.554519246323244,0.0
2712,33543.03,0.5428242048745681,0.0
2713,32534.1,0.5879446508937889,0.0
2714,32097.42,0.5310604700840497,0.0
2715,32204.07,0.4815874144934088,0.0
2716,32672.15,0.44706790226045406,0.0
2717,33487.340000000004,0.41984871953394903,0.0
2718,34307.46,0.4079758509664708,0.0
2719,36111.11,0.4133294998016757,0.000796244799697756
2720,38097.63,0.46673192534141716,0.14851448177093632
2721,39485.17,0.5588219978239723,0.32344671859281027
2722,40651.020000000004,0.5461569399110534,0.5228571679604268
2723,41724.13,0.5368301568202519,0.7134133751554048
2724,42748.380000000005,0.5090619813375703,0.8544826934819948
2725,43742.579999999994,0.47905850235219316,0.9295120172559972
2726,44638.979999999996,0.3827404654749481,0.93823117237986
2727,45038.43000000001,0.29096339088062645,0.8905410510870657
2728,45115.83,0.21072845965152534,0.7774325553197935
2729,44381.29,0.15140898907775863,0.6145582104370668
2730,42840.66,0.12790478659637783,0.4190543027970707
2731,42124.96,0.155566044216353,0.1882707100526729
2732,40735.060000000005,0.1735564980577512,0.040352588179993036
2733,38812.35,0.24657475054345301,0.0
2734,36598.75,0.40471568712177114,0.0
2735,34524.880000000005,0.3924821785096205,0.0
2736,33018.479999999996,0.4127472683317047,0.0
2737,31991.760000000002,0.46000053181942085,0.0
2738,31319.289999999997,0.49980887739568025,0.0
2739,31043.79,0.5548544033540079,0.0
2740,31147.879999999994,0.6007005612910802,0.0
2741,31566.769999999997,0.5878682018520612,0.0
2742,32097.840000000004,0.5771653360101577,0.0
2743,33918.75,0.5633668379568386,0.0010927773457920927
2744,35688.31,0.6670444800468003,0.1511239681765664
2745,37271.89,0.6878868155317863,0.324401114083758
2746,38800.29,0.6577786345979558,0.5205804569676357
2747,40357.579999999994,0.6514028953135631,0.705593702088028
2748,41985.579999999994,0.6430588701939589,0.8399624831415751
2749,43750.94,0.6319017419301942,0.9086723688777005
2750,45495.310000000005,0.6533667493202683,0.9138803590020684
2751,46981.36,0.6623844123727787,0.8643835857154774
2752,47978.86,0.660498669343491,0.7527907007393542
2753,47795.71,0.6837690928711823,0.5955021504100932
2754,46452.57,0.6986002069663912,0.40657357741256667
2755,45947.420000000006,0.7115638593248996,0.18542399761016715
2756,44566.86,0.8096274826549312,0.04108403512702572
2757,41770.41,0.9198719866336053,0.0
2758,38474.33,0.9494693993321235,0.0
2759,35812.03,0.9388618178030983,0.0
2760,34194.18000000001,0.8987881164950443,0.0
2761,33179.729999999996,0.8635151934160757,0.0
2762,32779.66,0.848829221704437,0.0
2763,33004.17,0.8437126756943013,0.0
2764,34407.34,0.8274356775490218,0.0
2765,36863.33,0.8094502095146928,0.0
2766,38165.94,0.7783781058808152,0.0
2767,39310.63999999999,0.6919834870069871,0.0013387895321814681
2768,40781.85,0.7449355279748096,0.14887032082624946
2769,42239.4,0.7281677048224943,0.3164232903251313
2770,43905.36,0.6652446036948154,0.4730034573498335
2771,45569.799999999996,0.675259982139731,0.6403609350220312
2772,47313.799999999996,0.6848205441842221,0.7619678339066294
2773,48641.10999999999,0.6550685714665585,0.8172634658723984
2774,49743.770000000004,0.6664794219122896,0.8243978192776901
2775,50729.11,0.6682549232074915,0.7822693306271986
2776,50755.52,0.6088152392855004,0.6796317285431239
2777,49583.240000000005,0.6872691294337675,0.5384613694971241
2778,48217.58,0.7023982839960026,0.36847353831420115
2779,48021.100000000006,0.698685519665131,0.1935742495530046
2780,46593.05,0.8137906315577212,0.044186644174123886
2781,43735.52,0.9243675226743426,0.0
2782,40659.82,0.9388208233894183,0.0
2783,38223.69,0.9691600133841225,0.0
2784,36640.12,0.9510825849082946,0.0
2785,35578.4,0.9197185345715864,0.0
2786,35140.05999999999,0.8937867980260633,0.0
2787,35398.47,0.8529763052288929,0.0
2788,36782.56,0.8130521781329151,0.0
2789,39294.83,0.807431511630226,0.0
2790,40635.55,0.7814798318564266,0.0
2791,41409.75,0.7399608004768646,0.0010795981215212332
2792,42618.44000000001,0.6460221015287593,0.082797378212985
2793,44072.57,0.5759421513425118,0.1732584753394748
2794,45171.32,0.5408886037745886,0.25809643677706445
2795,45916.740000000005,0.5427161790547353,0.3513548242550442
2796,46395.44,0.5483124705006416,0.4212080076966668
2797,46718.76000000001,0.5790737921605386,0.7297819716998118
2798,47109.65,0.6119995080670358,0.7353479974168716
2799,47356.87999999999,0.6425818946510047,0.6964110775773068
2800,47271.020000000004,0.6582063060487809,0.6372495398254188
2801,46984.25,0.6840128434390103,0.5055374707311392
2802,46683.67,0.6989807902393409,0.3469903044840113
2803,47088.659999999996,0.6672871226575016,0.14330758991525752
2804,46372.69,0.8092092288396808,0.03321823477470112
2805,44021.509999999995,0.8801927180625818,0.0
2806,41262.94,0.8748573505199644,0.0
2807,38782.63,0.8984884140923285,0.0
2808,37193.68999999999,0.8957772430038048,0.0
2809,36363.450000000004,0.8390276789849339,0.0
2810,35942.24,0.7757799464191933,0.0
2811,36176.51,0.7243131219794321,0.0
2812,37471.48,0.6777534396528992,0.0
2813,39931.25,0.5668369596770084,0.0
2814,41174.32,0.4867410770672816,0.0
2815,42490.14,0.41163100152676496,0.0017122008865224849
2816,44298.01,0.36646679120104786,0.13982717643906137
2817,46360.38999999999,0.3207053919841519,0.2929950226463002
2818,48053.749999999985,0.3107382096742385,0.47156582363562044
2819,49399.91000000001,0.29144313631639723,0.6415031344588387
2820,50685.98,0.3220620854855401,0.766521255892211
2821,51523.62,0.3528583077949216,0.802306144593662
2822,52001.43,0.3520090586574663,0.8105486511063954
2823,52259.38,0.3767153946210897,0.7705672777433651
2824,52002.63,0.41115402598381057,0.564749528842732
2825,51074.09,0.4045960277521102,0.44844287465239774
2826,50384.38999999999,0.3999797243845853,0.307743672874081
2827,50065.130000000005,0.4343579720839124,0.11369826605339342
2828,48393.200000000004,0.44321165748170227,0.026097060593680107
2829,45535.11000000001,0.49696253553772474,0.0
2830,42572.439999999995,0.6711256401222299,0.0
2831,40115.61,0.732138623163838,0.0
2832,38171.72,0.7420304643891501,0.0
2833,36802.64000000001,0.7464811281662644,0.0
2834,36026.78,0.7403978895632654,0.0
2835,35956.69,0.7314422721098383,0.0
2836,37204.100000000006,0.7393719212641348,0.0
2837,39527.119999999995,0.7513589094156414,0.0
2838,40776.28999999999,0.746923757038298,0.0
2839,41776.47,0.7142977435345161,0.0018253225615140287
2840,43191.93000000001,0.692326399737636,0.07962008689501866
2841,44567.25000000001,0.6445623680146073,0.1639418620486664
2842,45375.969999999994,0.6005587427788897,0.3287689286608586
2843,45935.740000000005,0.5857281826622437,0.4473072648277253
2844,46396.44,0.5608013632304486,0.5369457587059755
2845,46858.340000000004,0.5385934705870623,0.54811295473815
2846,46849.53999999999,0.564259297422227,0.5539491545527625
2847,46760.02,0.5837017290778916,0.5259345168276726
2848,46346.81,0.5832956627910327,0.45251964802685024
2849,45550.66,0.6031834932115469,0.35960611691729133
2850,44908.62,0.5972775277487863,0.2473553689963141
2851,44929.88,0.5679233116395328,0.12234603371245562
2852,43961.04999999999,0.4911573941734751,0.029635682310405864
2853,41724.920000000006,0.4160617220756026,0.0
2854,39123.329999999994,0.3544327148716654,0.0
2855,36882.45,0.2989711510123404,0.0
2856,35457.030000000006,0.2739662206031276,0.0
2857,34534.22,0.2768408153678086,0.0
2858,34088.31,0.29593479450719185,0.0
2859,34234.43000000001,0.3856372193821588,0.0
2860,35312.759999999995,0.5361714763085528,0.0
2861,37625.520000000004,0.5924213516633762,0.0
2862,39053.950000000004,0.6445789873715049,0.0
2863,39662.15000000001,0.6336412346187854,0.0014046856535357654
2864,40430.009999999995,0.5996097775000498,0.11350387249539812
2865,41068.87,0.5557529565835923,0.2359498486585745
2866,41446.50000000001,0.4833246912677468,0.3287326857941142
2867,41465.14,0.45799900727041465,0.4463913087409006
2868,41545.42,0.4377156361557434,0.5352665058801304
2869,41372.39,0.4362248798420497,0.569233759900892
2870,41137.61999999999,0.4533533430390379,0.5745197271021957
2871,40993.09,0.4704009253657922,0.5455353181245084
2872,40669.930000000015,0.45827211870209483,0.40088454560231224
2873,40129.32,0.425999543521664,0.3183529484121228
2874,39899.66999999999,0.3872847516292511,0.21904529699381883
2875,40328.280000000006,0.3737588110290485,0.13535722287386154
2876,39731.21,0.23792769914975376,0.03460644639789833
2877,38289.13,0.15395562853299827,0.0
2878,36512.7,0.1180367664492855,0.0
2879,34695.549999999996,0.11724623903953414,0.0
2880,33312.24,0.12652593395245976,0.0
2881,32428.07,0.15884393537507674,0.0
2882,31845.44,0.1122266392779665,0.0
2883,31614.690000000002,0.09383178108539914,0.0
2884,31869.019999999997,0.08674196343298303,0.0
2885,32788.39000000001,0.07338443231600712,0.0
2886,33680.229999999996,0.07383370893079923,0.0
2887,35108.52000000001,0.09174494383765325,0.001751738559335063
2888,36718.88,0.09189507202829279,0.10506477588729123
2889,38083.25,0.10754108859003596,0.21582078012221523
2890,39032.4,0.14139693450422247,0.3467673559400958
2891,39755.17,0.13504612425517584,0.4696427551607643
2892,40310.56000000001,0.1502533897948285,0.5683957808910031
2893,40430.909999999996,0.1845097622102415,0.6654640624519504
2894,40223.12,0.15655101810180358,0.6770969244083623
2895,40157.79000000001,0.14178527347705755,0.639889777754348
2896,40323.19,0.15890542699559698,0.5914758973953459
2897,40081.43,0.16507785614727857,0.4627115814629813
2898,40035.780000000006,0.20032197234095828,0.31085287153331476
2899,40286.74,0.27589849783172793,0.18976765027610468
2900,39660.66999999999,0.21584777555447718,0.04939353602980259
2901,38399.28999999999,0.17774291406019752,0.0
2902,36650.91,0.17372712345523075,0.0
2903,34832.97,0.16778681132154913,0.0
2904,33416.3,0.16529169187269127,0.0
2905,32410.95,0.17932563081539002,0.0
2906,31918.51,0.15791657526020372,0.0
2907,31675.110000000004,0.15161340716759622,0.0
2908,31805.039999999997,0.15181339342892794,0.0
2909,32162.179999999993,0.16533047037211848,0.0
2910,32605.570000000003,0.18805411705788638,0.0
2911,34659.82000000001,0.22399403032700255,0.00318827400485874
2912,37007.99,0.23743299629277542,0.167115858560565
2913,39235.71,0.2595212295665007,0.33681594334690756
2914,41288.189999999995,0.2887796073843127,0.5303199037038009
2915,43339.81,0.3479993618166952,0.7109686290531602
2916,45278.57,0.4926680937154457,0.8521389880991598
2917,47283.16999999999,0.5730935935703031,0.9269157100746375
2918,49173.84,0.6042554417314268,0.9400499053292382
2919,50840.88,0.6366897786523255,0.8853418471122116
2920,51725.3,0.6411548458720839,0.7657887106764891
2921,51646.92,0.6441557477491853,0.6000336070218901
2922,49987.76,0.6374370957341436,0.4039443221705301
2923,48917.59,0.6164673451796111,0.20945301826201163
2924,47722.64,0.6769219178294678,0.05554493895822622
2925,44940.399999999994,0.7655618118201301,0.0
2926,41786.96,0.8494341662955012,0.0
2927,39343.509999999995,0.8317356591569335,0.0
2928,37714.840000000004,0.8007787830642106,0.0
2929,36729.27999999999,0.7762425185195032,0.0
2930,36135.619999999995,0.7173634609035168,0.0
2931,36375.32000000001,0.6921131179907865,0.0
2932,37702.090000000004,0.6746068414136647,0.0
2933,40125.61,0.6405720604235503,0.0
2934,41244.509999999995,0.5950571816672984,0.0
2935,42677.02,0.5533913459684764,0.0038999521154851444
2936,44953.920000000006,0.4946186522366332,0.17235899328298857
2937,47638.20999999999,0.45589832055858787,0.343624110951496
2938,50620.409999999996,0.4417707592387006,0.5336839006989381
2939,53506.759999999995,0.37237164870668166,0.7192385922831244
2940,56405.369999999995,0.34873559932724857,0.8673247492652583
2941,58611.710000000014,0.3626831176140809,0.948509869042441
2942,60294.32,0.3558979881714499,0.9664424002003235
2943,61215.94,0.36685623813100937,0.9142900132231545
2944,60634.17,0.3857463531591183,0.7653878426049171
2945,58796.670000000006,0.3931879471991952,0.600442162974287
2946,55923.64,0.361555217259313,0.4055192394708979
2947,53782.61,0.380242576133274,0.18851672223906218
2948,51305.70999999999,0.4689749845439982,0.05041931898555114
2949,47874.66,0.573090823677487,0.0
2950,44279.45999999999,0.598132316671874,0.0
2951,41252.94999999999,0.6138813732463809,0.0
2952,39283.159999999996,0.717515251029846,0.0
2953,37900.670000000006,0.5032823229872297,0.0
2954,36950.25,0.7477502930546601,0.0
2955,36770.8,0.799635925288235,0.0
2956,37840.350000000006,0.7841688438024201,0.0
2957,39911.700000000004,0.799913468548421,0.0
2958,40829.46,0.7881381002080747,0.0
2959,41839.69000000001,0.7508016069810163,0.0033596039203799117
2960,42909.68,0.6898451297528592,0.16442619854062046
2961,44183.9,0.6485050334492258,0.32859650047664846
2962,45580.05,0.5942583445790984,0.5244276921860375
2963,46541.799999999996,0.5985317352159741,0.7069149193211814
2964,47616.42,0.5873302886671498,0.8532295689075735
2965,48776.99999999999,0.575055785641319,0.9807846910130866
2966,49779.299999999996,0.5814381726684704,0.9962571003070754
2967,50121.100000000006,0.5730271161427138,0.939848922159108
2968,49658.92999999999,0.5437803718747299,0.8257816378261302
2969,48498.439999999995,0.5397014277135532,0.6479686422323847
2970,46812.73,0.5019466806712448,0.43786654717503304
2971,45956.740000000005,0.500276989281623,0.2209189433776594
2972,44674.579999999994,0.48522539171824225,0.061132930049070625
2973,41591.79,0.4523960680817496,0.0
2974,38194.33999999999,0.40533669709116943,0.0
2975,35609.51,0.3935535730509372,0.0
2976,33859.670000000006,0.3860050611481539,0.0
2977,32727.940000000002,0.39402888665820196,0.0
2978,32060.43,0.35983843769181506,0.0
2979,32035.449999999997,0.3314747352536446,0.0
2980,33258.82,0.3183122045909312,0.0
2981,35484.409999999996,0.30567207571335814,0.0
2982,36580.26,0.3025105200529161,0.0
2983,37474.009999999995,0.3082658033464738,0.004996024267344956
2984,38505.51,0.2775432601860039,0.18117150124543654
2985,39698.689999999995,0.2708716963488382,0.35627946105758856
2986,40897.99,0.29448669454286786,0.5598852968180956
2987,42203.62000000001,0.2822426603380157,0.7499494796402947
2988,43749.56,0.294482262714362,0.8996138487288633
2989,45376.49,0.2983855956709899,0.9868141861170047
2990,47029.520000000004,0.32548567300639736,1.0
2991,48457.75000000001,0.36298171205967017,0.9415193888354395
2992,49097.18,0.417438912783831,0.8155600511353895
2993,48417.939999999995,0.4675097112442139,0.6392703542136176
2994,46589.98,0.49759905690689404,0.4316097104524427
2995,45517.51000000001,0.5378943496402463,0.21633586813746802
2996,44025.29,0.4971652916918728,0.06078148406851435
2997,41136.92,0.46728701186178906,0.0
2998,37998.159999999996,0.44290475335766405,0.0
2999,35379.48,0.44939184233326906,0.0
3000,33530.81,0.4806589464214093,0.0
3001,32273.579999999998,0.514971824650273,0.0
3002,31568.760000000002,0.40066001006025076,0.0
3003,31700.26,0.3356545035133321,0.0
3004,33016.29,0.3401095991189526,0.0
3005,35308.88,0.2730094996244026,0.0
3006,36602.47,0.2777798090325097,0.0
3007,37991.99,0.3455108901105963,0.00600533319275494
3008,39453.31999999999,0.33233894181230766,0.1787366395613954
3009,41076.79,0.3251483000613808,0.34907591672487487
3010,42688.48000000001,0.3544681694997132,0.5494759061814953
3011,44531.189999999995,0.3472060645141276,0.7364901968536796
3012,46590.719999999994,0.35233812192403413,0.8845499953872711
3013,48734.10999999999,0.3887566726717944,0.971015591022312
3014,50638.509999999995,0.3759614297965126,0.9861134906932709
3015,52212.899999999994,0.3812358596971732,0.9306201703634388
3016,52589.369999999995,0.4015912480250666,0.8042050511573549
3017,51832.41,0.45081833713362646,0.6317219535124826
3018,49874.89000000001,0.517906803078348,0.427726232367296
3019,48320.4,0.5833388731189659,0.2146104880266746
3020,46444.17,0.5749981718707412,0.06156674618131975
3021,43224.26,0.5102214584704431,0.0
3022,39583.369999999995,0.4242423235190493,0.0
3023,36622.600000000006,0.3915592502232534,0.0
3024,34696.380000000005,0.3512911024394999,0.0
3025,33294.57000000001,0.3125801883970299,0.0
3026,32548.670000000002,0.26462503406968163,0.0
3027,32704.84,0.2295199664953765,0.0
3028,33834.37,0.20213459019989766,0.0
3029,35954.990000000005,0.19862347406604755,0.0
3030,37390.54,0.20229635194036533,0.0
3031,39181.62,0.21555139702314075,0.007586840105258068
3032,41167.99,0.2411812152516946,0.17196032174879516
3033,43288.45,0.29194282498044466,0.3319429251727575
3034,45331.13999999999,0.33816790425477694,0.4931259362740574
3035,47277.649999999994,0.4966517535637442,0.6607030676841024
3036,49587.939999999995,0.5808304581845902,0.7936430011729503
3037,51489.990000000005,0.6245709436027664,0.930838725832597
3038,53041.12999999999,0.660008952293582,0.9442914190070769
3039,53986.56,0.6682549232074915,0.8902203566298083
3040,53546.88999999999,0.6309588704155502,0.7843703186297113
3041,52069.13,0.6872691294337675,0.6170293149878531
3042,49722.950000000004,0.7023982839960026,0.4185161511393437
3043,48046.89,0.713532145160111,0.2139416423949285
3044,46209.11,0.8137906315577212,0.062234493544376615
3045,43729.270000000004,0.9262372003252964,0.0
3046,40940.79,0.9145831532903003,0.0
3047,38289.19999999999,0.9554595695364975,0.0
3048,36294.93,0.9401398463485058,0.0
3049,34996.6,0.9189673396398254,0.0
3050,34107.840000000004,0.8950952953924498,0.0
3051,33723.03,0.8740468798819362,0.0
3052,33949.98,0.8467434924138175,0.0
3053,34671.84,0.8528106656384825,0.0
3054,35716.34999999999,0.8464947560389204,0.0
3055,38091.14000000001,0.8213114445323423,0.008790542588663231
3056,40690.45999999999,0.7942185689182572,0.17855432695898163
3057,43315.549999999996,0.7542091291235395,0.3433748039590387
3058,45824.64,0.6782608840168322,0.5404481375559568
3059,48128.02,0.6739032886383428,0.7197679577913372
3060,50151.44,0.6728451895825437,0.8596654234265102
3061,51997.27999999999,0.6407077851715449,0.9401070153010788
3062,53350.049999999996,0.6449169142950844,0.9556848583892348
3063,54239.74,0.6339758376709854,0.9031261119970476
3064,54302.409999999996,0.6259010461331187,0.7830820494572353
3065,53507.79,0.6585730398576496,0.6163308161014971
3066,51718.009999999995,0.680349937178831,0.4187467875640837
3067,50819.45999999999,0.6914837983429394,0.21435239488470362
3068,49630.61,0.8137906315577212,0.06437282268232354
3069,47509.62000000001,0.9263324846381746,0.0
3070,45004.58,0.9600509438686762,0.0
3071,42750.3,0.9331286936520702,0.0
3072,40843.810000000005,0.9054015125830691,0.0
3073,39412.85,0.8855009406556004,0.0
3074,38419.59999999999,0.8724475437698463,0.0
3075,37764.22999999999,0.8480082254737071,0.0
3076,37648.43,0.7922862916896569,0.0
3077,37673.93,0.7237386462093464,0.0
3078,38304.08,0.6409260527254637,0.0
3079,40564.21,0.54151016772255,0.009959100474012763
3080,43002.38,0.4672604208907533,0.18319011909625652
3081,45395.64000000001,0.5147241962325025,0.35072331975873217
3082,47354.920000000006,0.5071274881947169,0.5487356730849484
3083,49242.78999999999,0.49685118584651267,0.7351250488729564
3084,50920.01999999999,0.5102546971842379,0.883770224617912
3085,52216.23,0.524052641258994,0.9718206219715235
3086,53250.69,0.500854788923088,0.9883649415062091
3087,53847.31,0.4836310414132216,0.9345354982405732
3088,53929.549999999996,0.47886516383362027,0.8047212374412969
3089,53051.990000000005,0.5236504528220777,0.6338284328584416
3090,51504.02,0.5810592513312105,0.43134392942964683
3091,50652.86,0.6376886020018571,0.21503551800940987
3092,49469.810000000005,0.7179290730165905,0.06561606283854128
3093,46853.26,0.8015809440237902,0.0
3094,43627.649999999994,0.8057103002342221,0.0
3095,40701.81,0.8764057206042355,0.0
3096,38737.85999999999,0.8765901954657963,0.0
3097,37431.26,0.8681364825906699,0.0
3098,36775.12,0.8358378704177664,0.0
3099,36868.009999999995,0.8024036021902097,0.0
3100,38037.71,0.7632949315393294,0.0
3101,40074.15,0.7574066933905924,0.0
3102,41253.88999999999,0.7222983019449079,0.0
3103,42677.39,0.6539462108974231,0.010739969512061175
3104,44300.1,0.6437502354408894,0.18028410014453192
3105,46132.299999999996,0.6098279120991134,0.34509029965162896
3106,47913.14000000001,0.5559263518738881,0.54163975908378
3107,49371.92999999999,0.5572304174117678,0.7245212646783606
3108,50474.02,0.5452007729108915,0.8700879932873813
3109,51073.0,0.5145341815853094,0.9580395464589616
3110,51498.090000000004,0.5572570083828038,0.9718656509877822
3111,51720.89000000001,0.5970620300876838,0.9166403082181244
3112,51196.770000000004,0.6140730498292638,0.7700137503239886
3113,50085.95999999999,0.6670566675751912,0.6078137424164545
3114,48469.73,0.7000604944591065,0.41487319389714034
3115,47953.1,0.713532145160111,0.22397213033374178
3116,46338.62,0.8036406363219368,0.07044295372774356
3117,43487.369999999995,0.8563954609212443,0.0
3118,40427.17,0.7001413753293403,0.0
3119,37983.02999999999,0.6691512605228227,0.0
3120,36356.15,0.6019702801580391,0.0
3121,35392.98000000001,0.588997764142519,0.0
3122,34972.46,0.5460444822627144,0.0
3123,35335.27000000001,0.4994316179941102,0.0
3124,36697.270000000004,0.4513285513903753,0.0
3125,39102.21000000001,0.4398179848032603,0.0
3126,40414.56,0.4458136947932663,0.0
3127,41648.84,0.4738156492296374,0.009845978799021217
3128,43360.10999999999,0.4113983305302018,0.15058142344408273
3129,45251.51,0.3905288500956169,0.2865053529615912
3130,46924.99,0.3719157243491306,0.480690239905812
3131,48097.11,0.40701082030929747,0.6425212295337626
3132,49025.89999999999,0.49901170224317,0.7713064125712225
3133,49748.780000000006,0.5107870705835169,0.9200800857528189
3134,50284.33,0.5648791994344987,0.9350483897184475
3135,50020.88,0.5944616547118092,0.8834319578616265
3136,48815.11,0.6006817260199299,0.7481614982142148
3137,47028.19,0.6350383685552903,0.5899954312022524
3138,45248.95,0.6682720965429522,0.4025978447575239
3139,44457.719999999994,0.6857479042990954,0.21223163804578454
3140,43029.35,0.787731479942652,0.06808277431457045
3141,40460.049999999996,0.8916578584075112,0.0
3142,37842.71,0.9574367190287206,0.0
3143,35526.439999999995,0.978934411154026,0.0
3144,33912.659999999996,0.9751629250954506,0.0
3145,32421.429999999997,0.9384158650596855,0.0
3146,31851.629999999997,0.9187014299294676,0.0
3147,32053.749999999996,0.8830944577768621,0.0
3148,33403.97,0.8331394408361974,0.0
3149,35926.689999999995,0.8496380304067755,0.0
3150,37181.74999999999,0.8540549014915321,0.0
3151,38097.85999999999,0.8074924492721831,0.010707021451384033
3152,38916.65000000001,0.752346653193908,0.12647991705874848
3153,39554.100000000006,0.7029118221241311,0.23859997100570654
3154,40074.920000000006,0.6376581331808785,0.32700401087725267
3155,40190.0,0.5778218006076039,0.4379983394177418
3156,40214.01,0.47746636796142544,0.5271843465960259
3157,40266.689999999995,0.3869030603991747,0.604341016821083
3158,40779.65,0.4160583982042232,0.6139245094033761
3159,41279.70999999999,0.45195676308109595,0.5804569676362181
3160,41408.60999999999,0.49185873103454386,0.5786667896727595
3161,41114.46,0.5115687343362563,0.45515768941840035
3162,40736.55,0.5352718151218421,0.30990506565450193
3163,40950.59,0.5532201665924336,0.19296910350523416
3164,40137.560000000005,0.5339361728058571,0.06230917581524479
3165,37835.01,0.47364446985359443,0.0
3166,35485.64,0.3992207737529389,0.0
3167,33488.78999999999,0.3662706827896587,0.0
3168,32280.63,0.350264026183243,0.0
3169,31605.57,0.3370992796062764,0.0
3170,31361.429999999997,0.28924827324881835,0.0
3171,31671.549999999996,0.25458805046079935,0.0
3172,33058.229999999996,0.24009652522485997,0.0
3173,35539.5,0.22224622795996282,0.0
3174,36742.45,0.2129294164832998,0.0
3175,37678.090000000004,0.21013127076034666,0.014680557569048142
3176,38557.2,0.1850022491529668,0.16491822291339925
3177,39377.44,0.18133047923577544,0.3093427520856119
3178,40296.63,0.20158781335797438,0.47389525152549494
3179,41220.56,0.1842432985213205,0.6327125918701753
3180,42135.92,0.18875102209044925,0.7596449956288904
3181,42836.12,0.19184277645192238,0.8899721479060406
3182,43326.950000000004,0.2289216696470714,0.9026384806990253
3183,43863.450000000004,0.28288527547138037,0.8514921078411983
3184,44011.88,0.35771725377314806,0.7537143447070033
3185,43644.86000000001,0.4377627243336191,0.594076597651462
3186,42880.869999999995,0.551718330707475,0.40574877762694844
3187,42985.759999999995,0.5661788331438729,0.22680456528328727
3188,42395.32,0.6057744509518459,0.0742770097218744
3189,39920.02,0.5760878477046454,0.0
3190,37100.49,0.49499203378826057,0.0
3191,34804.49,0.4881963787529275,0.0
3192,33389.08,0.4783261426915824,0.0
3193,32451.229999999996,0.4627238904363358,0.0
3194,32074.06,0.38813067689532693,0.0
3195,32252.399999999998,0.33091521690476666,0.0
3196,33572.409999999996,0.28491782281992817,0.0
3197,35762.79,0.2539831058697353,0.0
3198,37049.54,0.22367050684606718,0.0
3199,38219.89000000001,0.193193376189115,0.017536056161067685
3200,39716.76,0.3274955072338519,0.1866013416450306
3201,41122.439999999995,0.5129514648301171,0.3482631978948383
3202,42444.18000000001,0.5768772671572701,0.546132776291454
3203,43916.95999999999,0.6010113432650611,0.7260764131423223
3204,45675.50000000001,0.5986763236209812,0.8679903000909363
3205,47188.25,0.5937243092441296,0.9584953279649953
3206,48520.15,0.6299722345944101,0.971429638318155
3207,49317.93,0.6464265058799284,0.915864930523522
3208,49111.08,0.6579498139739984,0.7866217694426506
3209,47943.25,0.6853440539264893,0.6206986306785983
3210,46179.2,0.7020393058870195,0.42435015441657764
3211,45296.710000000014,0.713532145160111,0.2184148907661961
3212,44204.049999999996,0.8107769881736656,0.07164006659901327
3213,42126.98,0.9017480239584652,0.0
3214,39342.020000000004,0.9325115615326152,0.0
3215,36831.399999999994,0.9398080131891218,0.0
3216,35082.99999999999,0.9106094650561406,0.0
3217,33693.65,0.8597076987508891,0.0
3218,32901.91,0.80412758347903,0.0
3219,32509.64,0.752971541013249,0.0
3220,32731.670000000006,0.6800114562766881,0.0
3221,33378.62000000001,0.6630165019134421,0.0
3222,34485.03,0.6407277283998218,0.0
3223,36725.600000000006,0.5861968485267495,0.018877042230627625
3224,39239.43,0.6037441195175515,0.1703963871353198
3225,41407.4,0.5939037982986209,0.3154524208038447
3226,43179.44,0.597186675264414,0.4780027764232461
3227,44491.060000000005,0.6068580330215542,0.6361655486291407
3228,45586.34,0.6420755582441982,0.7615537866107864
3229,46307.69,0.6210770008043768,0.8405072244114372
3230,46475.590000000004,0.6396640895583903,0.8540236171698928
3231,46237.6,0.6493232597871392,0.8076173719748185
3232,45790.020000000004,0.6518383224642736,0.7116726192829621
3233,45136.5,0.6859102200181262,0.5623003896657306
3234,44190.509999999995,0.7004721005315979,0.38564826407650965
3235,43964.32000000001,0.7111328640026946,0.18449156749300397
3236,43253.49,0.8009964966395661,0.06157333579345516
3237,41463.119999999995,0.8863380022646644,0.0
3238,39234.189999999995,0.901206786902174,0.0
3239,37060.61,0.9132968150664442,0.0
3240,35448.81,0.8975117498853266,0.0
3241,34155.19,0.866636862619964,0.0
3242,33421.29,0.8238735953873528,0.0
3243,33092.74,0.7790982780130339,0.0
3244,33016.840000000004,0.6871472541498537,0.0
3245,33349.96000000001,0.6297694784402623,0.0
3246,33925.64,0.5791674145377271,0.0
3247,35817.46000000001,0.529872186065888,0.019478893472330214
3248,38007.07,0.6318147672957647,0.1798832320729601
3249,39840.280000000006,0.7081624309465722,0.3337814269585423
3250,41112.329999999994,0.6614426488152616,0.51789299348507
3251,41900.420000000006,0.6405499012810202,0.6883080511881066
3252,42442.840000000004,0.5986691218996592,0.8233786259340773
3253,42838.450000000004,0.558518971549877,0.9096739899222861
3254,43393.01,0.5611415060682813,0.9233781866266011
3255,44137.310000000005,0.5449110421223142,0.8718924487438001
3256,44862.12,0.4992626545323203,0.7681159420289845
3257,45091.57,0.5571705877269374,0.606437611748839
3258,44628.87,0.5931321061600201,0.41557828239563144
3259,44551.57000000001,0.6332418160746852,0.19497344386309398
3260,44221.95,0.7317602558051413,0.0661014975991846
3261,42070.469999999994,0.8496812407347086,0.0
3262,39333.59,0.9117484449821728,0.0
3263,36108.87,0.9375333772084357,0.0
3264,34699.479999999996,0.9276071893122022,0.0
3265,33879.59,0.8968608250735131,0.0
3266,33490.469999999994,0.8004691090473565,0.0
3267,33827.71,0.6885776268001534,0.0
3268,35159.27,0.5544333796459413,0.0
3269,37304.12,0.4859006915868385,0.0
3270,38785.48,0.4160999465964663,0.0
3271,40406.00999999999,0.3812502631398177,0.021451384038202157
3272,41905.29,0.39777876755281083,0.17935386656474722
3273,43484.219999999994,0.3901177980016886,0.3310236742798651
3274,45178.8,0.4276193768405938,0.5298794979594165
3275,46848.58,0.3403444860297688,0.7034597660248377
3276,48718.77999999999,0.3163638619839968,0.8405654326519673
3277,49851.689999999995,0.3650923703856356,0.9328902917440943
3278,49851.270000000004,0.38223135917532547,0.9477937978570571
3279,48814.89,0.4599883442910294,0.8962311811660093
3280,48137.57,0.5404753357664074,0.7529587358488073
3281,47403.16,0.5857392622335088,0.5953692598986955
3282,45944.91,0.6682122668581216,0.40883491264370814
3283,45293.76999999999,0.7039377904232618,0.1833416801753714
3284,44191.83000000001,0.793557118513742,0.06275726944045405
3285,41741.850000000006,0.8716581243172217,0.0
3286,38757.29,0.8417371881377682,0.0
3287,36306.899999999994,0.8381584866192017,0.0
3288,34583.32999999999,0.8271692138601003,0.0
3289,33206.759999999995,0.8218632071813349,0.0
3290,32340.39,0.7448862238826807,0.0
3291,32371.750000000004,0.6197967563447165,0.0
3292,33321.38,0.5262968084187015,0.0
3293,35382.97,0.412445350014736,0.0
3294,36632.14000000001,0.3303302155419794,0.0
3295,37933.37,0.3063468216033912,0.021913755156371482
3296,39427.09000000001,0.35613675293220864,0.17303882160162715
3297,41346.04,0.35747516514100985,0.3195138184166479
3298,42822.13,0.37007762347628204,0.5096999090633523
3299,43859.840000000004,0.40397834165409147,0.6782072740531822
3300,45041.20999999999,0.48925503178729,0.8126419512280838
3301,45727.22000000001,0.49429235886288153,0.9191553435164802
3302,45830.729999999996,0.5273803904884099,0.9328683263703093
3303,45601.56,0.5459946241920224,0.8810355355817083
3304,45241.469999999994,0.5455187566061944,0.707775961973544
3305,44533.71,0.5607498432240667,0.5597227530520885
3306,43706.91,0.5829366846820496,0.384557683268096
3307,43643.939999999995,0.6134631194311306,0.20735093199080962
3308,42695.64000000001,0.6920488564774495,0.07284486735110768
3309,39807.259999999995,0.7898809167680448,0.0
3310,36892.06,0.8421587658243976,0.0
3311,35318.59,0.7703847491917454,0.0
3312,33716.93000000001,0.6921131179907863,0.0
3313,32766.48,0.6318568696665714,0.0
3314,32274.100000000002,0.47759267507384545,0.0
3315,32445.329999999998,0.3991681457894306,0.0
3316,33610.64,0.3825399252350532,0.0
3317,35829.920000000006,0.34662327906559337,0.0
3318,37310.43000000001,0.3120095904768871,0.0
3319,38591.97000000001,0.29810860638936715,0.021113117281916772
3320,39753.78,0.31902406704470176,0.15924127205872657
3321,40725.09,0.3479201428821512,0.2926545593526363
3322,41507.47,0.3752844679922266,0.4247202709648507
3323,42324.9,0.30628699191856085,0.5653502818157451
3324,43270.579999999994,0.2853970142771356,0.6779480826425219
3325,43957.189999999995,0.2778540421599847,0.8356188304756372
3326,44479.04,0.25611869323104675,0.8493603683153873
3327,44928.24,0.24045051752677382,0.8037141250532656
3328,44793.469999999994,0.22549808212621406,0.6796756592906937
3329,44059.700000000004,0.24243653067600893,0.5375080722748655
3330,43223.03,0.2923372577174754,0.36829122571178774
3331,43055.61000000001,0.37258382249640476,0.20376837952651436
3332,42311.429999999986,0.3096285906120578,0.07104919804420308
3333,39991.67999999999,0.26277086781849895,0.0
3334,37181.44,0.25574475770085603,0.0
3335,34831.85,0.2730953663017055,0.0
3336,33286.37,0.29822217199483253,0.0
3337,32321.24,0.34268781535229714,0.0
3338,31828.84,0.2387204424737581,0.0
3339,32012.1,0.16834632967042712,0.0
3340,33247.03,0.11928321821658795,0.0
3341,35486.91000000001,0.10746796341968752,0.0
3342,36900.25,0.10022857155519513,0.0
3343,38285.840000000004,0.10015821627766296,0.028222210507356186
3344,39895.27999999999,0.08858283419864786,0.19577518000623806
3345,41514.47000000001,0.09993385495954844,0.35602685925906374
3346,43112.59,0.1336711494612004,0.5476582715008059
3347,44761.32,0.21465893755775234,0.7262389569083294
3348,46298.270000000004,0.308695136732989,0.8676970623509095
3349,47830.060000000005,0.417777393685974,0.9547864746014381
3350,49346.88999999999,0.41101442338587274,0.9689244874380023
3351,50760.24999999999,0.41338600561512684,0.9155793806643202
3352,51302.06,0.4195756081022689,0.7911444399049335
3353,50755.79000000001,0.4544740416724834,0.6260274303587822
3354,49408.41999999999,0.5039482052202509,0.4306289565129527
3355,48364.27,0.5561551450205084,0.23375770435485493
3356,47349.72,0.5671422018653565,0.08393847938110362
3357,44688.57,0.557377775709591,0.0
3358,41375.47,0.5260757709719664,0.0
3359,38566.80999999999,0.5608107808660237,0.0
3360,36636.73999999999,0.5837366297273764,0.0
3361,35429.48,0.5999371788309278,0.0
3362,34833.85,0.5245157673378672,0.0
3363,34944.880000000005,0.4654173342108355,0.0
3364,36044.17,0.41815742298036046,0.0
3365,38137.24,0.412705165960898,0.0
3366,39525.88,0.40159512587500923,0.0
3367,41179.270000000004,0.38188844644467645,0.03007718632347965
3368,43091.56,0.3947745418043305,0.19812767153858651
3369,45149.87,0.43083023659316483,0.3587626465639563
3370,47345.24,0.4533106866896679,0.5441679736064067
3371,49259.46,0.46944697427988336,0.7207146654014607
3372,51004.28,0.47206396901265507,0.8603419569390809
3373,52065.71,0.4893320348075811,0.9377468358879055
3374,52879.829999999994,0.5636499210026569,0.9515015529519258
3375,53403.119999999995,0.6564551798103623,0.8990076044124035
3376,53189.14000000001,0.6635300400415703,0.7712020770457447
3377,51834.09999999999,0.6872691294337675,0.6112029995914436
3378,50189.95999999999,0.7023982839960026,0.42161546538037414
3379,49124.78,0.713403622133438,0.22532959043364031
3380,48121.46,0.7984476412700734,0.08250304220426916
3381,45864.53,0.8692577352026788,0.0
3382,43262.30000000001,0.8840545026269665,0.0
3383,40807.100000000006,0.885156365989262,0.0
3384,38945.98,0.8618405162193845,0.0
3385,37496.41,0.8366549887985536,0.0
3386,36558.170000000006,0.7970150527055206,0.0
3387,36135.45,0.7831201623821966,0.0
3388,36169.34,0.7455116656805851,0.0
3389,36640.85,0.7252587633868924,0.0
3390,37330.28,0.6610155313429992,0.0
3391,39257.43000000001,0.5945408736463534,0.02728648558412516
3392,41478.02,0.5781314746244582,0.18059820498965418
3393,43432.33,0.592902205056273,0.32797927347329653
3394,44828.920000000006,0.5927637104154616,0.4721962298632432
3395,45529.35999999999,0.6357618645588892,0.6272970289635416
3396,45936.51999999999,0.6238662828703181,0.7515441657770687
3397,46182.98,0.609039600603615,0.8256564351955573
3398,46505.42,0.6528050150571373,0.839658262714656
3399,46691.229999999996,0.6623882902227215,0.7947841023410691
3400,46543.09,0.6613235434241634,0.7108082818245318
3401,45645.84,0.6807571114228164,0.5652580272458495
3402,44675.02,0.691645560083407,0.391720591659308
3403,44433.729999999996,0.6851141528227425,0.22222478484916355
3404,43895.1,0.7867537077785237,0.08251402489116151
3405,42308.24999999999,0.885984563941314,0.0
3406,40320.509999999995,0.9152750725157943,0.0
3407,38251.38999999999,0.9100372052003078,0.0
3408,36517.39000000001,0.8759027080688089,0.0
3409,35306.66,0.7336371351774176,0.0
3410,34579.74,0.5701170667499851,0.0
3411,34220.56,0.44084727697377035,0.0
3412,34134.060000000005,0.34891785827455624,0.0
3413,34221.48999999999,0.3131003742679174,0.0
3414,34791.44,0.2708445513992391,0.0
3415,36720.280000000006,0.25190347034331156,0.02905469817379881
3416,38869.45000000001,0.27945005440069504,0.18587538604144413
3417,40917.909999999996,0.3827399114963849,0.336420566618782
3418,42482.75,0.48242946190954195,0.5025611625833033
3419,43473.24999999999,0.5162149525461965,0.6657880517152754
3420,43963.04000000001,0.5342674519866781,0.7953947397322858
3421,44274.06,0.5396848083566559,0.850526729663358
3422,44632.36,0.617699393504269,0.8644527766429
3423,44958.090000000004,0.6458897006521436,0.8181343929429641
3424,45100.490000000005,0.6499614430919979,0.7224290628253615
3425,44795.23999999999,0.6729238545385248,0.5735763142981399
3426,44274.08999999999,0.6874995845160776,0.39725696412175826
3427,44404.369999999995,0.683466066597087,0.23452209936256477
3428,43998.450000000004,0.7956051772620607,0.0881734034468064
3429,41969.97,0.8770749267086363,0.0
3430,39320.04,0.8884863311329305,0.0
3431,37034.65,0.8752395957286039,0.0
3432,35515.93,0.8307384977430914,0.0
3433,34604.7,0.773310309984245,0.0
3434,34097.17,0.7015540206656166,0.0
3435,34494.810000000005,0.6324069703798746,0.0
3436,35887.65,0.5421926693124685,0.0
3437,38291.43,0.4593523769004236,0.0
3438,39778.810000000005,0.36928986595934693,0.0
3439,41255.76,0.3077683305966793,0.031656496698604306
3440,42804.81,0.3379983868144238,0.19105152637382405
3441,44241.69,0.4006361889820311,0.34391405388545493
3442,45412.16,0.4737142711525636,0.5193481994983108
3443,46418.5,0.5209110288268286,0.6875469509864646
3444,47583.55,0.5519365982613939,0.8210821461048796
3445,48470.340000000004,0.5791242042097939,0.8726601385575771
3446,49376.55999999999,0.6515142450047753,0.8867509258405047
3447,50229.89000000001,0.6609518238082259,0.8391904002530409
3448,50104.270000000004,0.659154163370494,0.6819062429985366
3449,49267.44,0.6842754292779887,0.5429126524946071
3450,48065.92,0.7010809229726048,0.37604829746387763
3451,47489.369999999995,0.679205971445729,0.16465573669667127
3452,46655.05,0.8088314154595475,0.061809463561641416
3453,44124.96000000001,0.919226047628861,0.0
3454,40984.189999999995,0.9612525233723557,0.0
3455,38585.5,0.9716639964899918,0.0
3456,37102.840000000004,0.9542507883114956,0.0
3457,36076.14,0.8789296469383822,0.0
3458,35467.689999999995,0.805679831413244,0.0
3459,35679.3,0.7435289764027294,0.0
3460,36995.39,0.6787528169809943,0.0
3461,39093.1,0.6174595207863838,0.0
3462,40557.29,0.5213170951136876,0.0
3463,42319.41,0.4406539384551976,0.031586207502493045
3464,44322.56,0.5381214808511768,0.18441578695344646
3465,46429.07,0.646008252064678,0.3314794557858988
3466,48034.66,0.6625755349770984,0.5280464875170776
3467,49320.83000000001,0.6294204719454175,0.6979837983402962
3468,50560.229999999996,0.580060981960242,0.8324009032161696
3469,51640.64,0.5595809484556186,0.917588114096937
3470,52376.44,0.6149533217662609,0.931700866753649
3471,53238.08000000001,0.6368482165214134,0.8812431083639746
3472,53773.939999999995,0.6247199638362793,0.7239073324810764
3473,53232.49,0.6599840232582359,0.5749667224587159
3474,51738.57,0.6700276546098771,0.3976688148802227
3475,50483.81999999999,0.6789899198060632,0.19780148573788267
3476,49262.94,0.7755229003658474,0.07465481415097239
3477,46468.04000000001,0.8738070071640508,0.0
3478,43092.58,0.9192094282719638,0.0
3479,40399.32,0.9249636036083949,0.0
3480,38660.659999999996,0.9107224766830421,0.0
3481,37541.03,0.8538045031809453,0.0
3482,36897.59,0.7566133960880249,0.0
3483,36875.99,0.6645848152259903,0.0
3484,37975.659999999996,0.5644315847553962,0.0
3485,40077.07,0.5373453568840701,0.0
3486,41716.409999999996,0.506662700180154,0.0
3487,43931.880000000005,0.48099631936642584,0.03571459950533974
3488,46409.33,0.5030496519906666,0.19809582174659854
3489,49274.92,0.5148294521595191,0.35354587029007445
3490,52308.34,0.5099145543464051,0.5391565735774122
3491,55015.23,0.5265250475867587,0.7120866665788046
3492,57578.37999999999,0.5518224786773651,0.8486135456067051
3493,59819.68,0.5841277385930275,0.9158715201356578
3494,61702.75,0.6154264194592727,0.9313735826842555
3495,62820.579999999994,0.6504888306842077,0.8825138052374233
3496,62683.12,0.6517723990152475,0.7707166422851014
3497,61164.340000000004,0.6794126054498195,0.6130491892580533
3498,58599.18,0.697581994367146,0.42527489665291623
3499,56454.15999999999,0.7127033932294956,0.23546111909186343
3500,54622.05,0.8083422523882016,0.09042265772236638
3501,51051.14,0.9117778058460252,0.0
3502,47270.33,0.9022117040159013,0.0
3503,43881.75,0.9273667626157542,0.0
3504,41605.979999999996,0.9281146336761356,0.0
3505,39934.54000000001,0.9234927905229782,0.0
3506,38905.5,0.8839614342283412,0.0
3507,38822.04,0.859303848378283,0.0
3508,39827.62,0.8394049383865047,0.0
3509,41777.26,0.8344634496023543,0.0
3510,43055.84,0.8071656019198685,0.0
3511,45229.94,0.7633929857450239,0.03656026639605325
3512,47928.65,0.7507185101965296,0.19772241039225746
3513,50582.560000000005,0.7212180437465793,0.3520511266040211
3514,53374.05,0.6620520252348318,0.533048003127869
3515,55927.22,0.651310380893501,0.704275779660942
3516,58402.700000000004,0.6341398153257062,0.8397779740017831
3517,60232.67999999999,0.60520163711745,0.9021508494010041
3518,61498.06,0.5637258160658216,0.9169895576613024
3519,62161.44,0.5301862919112484,0.8687898396967016
3520,61532.21000000001,0.4698807394949045,0.726514622349328
3521,59661.759999999995,0.44500377813380126,0.5775300815793979
3522,57384.149999999994,0.4308701230497186,0.40039691430429036
3523,55942.69,0.44931705522723103,0.18832232868106705
3524,54398.189999999995,0.422357688446888,0.07238249623293837
3525,51409.359999999986,0.4417269949322042,0.0
3526,47875.34,0.49088428274179496,0.0
3527,44500.4,0.4472484992720721,0.0
3528,41778.28,0.43357021456697725,0.0
3529,39770.46,0.48213474531389533,0.0
3530,38618.94,0.4821064924071697,0.0
3531,38395.630000000005,0.5005910951269829,0.0
3532,39396.259999999995,0.5199964102189103,0.0
3533,40970.35,0.4584100593643428,0.0
3534,42195.89,0.3942842707758582,0.0
3535,43886.78,0.3498546360250043,0.03654269409702542
3536,45877.31,0.39258743443663696,0.1950667967016794
3537,47938.270000000004,0.4679058059169342,0.34784146271817085
3538,49482.229999999996,0.4916609606874653,0.5261223207735324
3539,51056.59,0.5162332338387834,0.6967844889316472
3540,52553.520000000004,0.5348192146356706,0.8330368007872386
3541,53634.15,0.5422513910401723,0.9103472286287889
3542,54298.380000000005,0.5596712469614277,0.9260865172142625
3543,54513.920000000006,0.562835572514686,0.8779175507729611
3544,53753.119999999995,0.5651107624739353,0.768995655249065
3545,51634.329999999994,0.5995493938366561,0.6116752551278161
3546,49285.920000000006,0.620899173685575,0.4248300978337746
3547,47997.36,0.6432311575271284,0.20083600212624805
3548,46493.840000000004,0.6996544281722474,0.07842407229243813
3549,43923.869999999995,0.7266769485088006,0.0
3550,40695.740000000005,0.6693955650692142,0.0
3551,37854.549999999996,0.5595632211415946,0.0
3552,35795.43,0.4388568319960292,0.0
3553,34349.22,0.3943784471316099,0.0
3554,33667.369999999995,0.33044876695451403,0.0
3555,33228.09000000001,0.3175432823451464,0.0
3556,33094.770000000004,0.3717595023942955,0.0
3557,33381.61000000001,0.25559352155309,0.0
3558,34202.98,0.2247175263306011,0.0
3559,36303.759999999995,0.2601477793215314,0.03730818737342452
3560,38720.170000000006,0.2082178288028967,0.1970085357442526
3561,41238.579999999994,0.20811977459720216,0.35154702127566095
3562,43561.52,0.24103385695387133,0.5334115300640069
3563,45672.329999999994,0.30999033861385705,0.7051620824931575
3564,47945.88,0.37636306425486554,0.841818557226388
3565,50206.93,0.4148191481582428,0.9408988670260197
3566,52136.33,0.5262790811046776,0.9559780961292612
3567,53656.3,0.6099348299618197,0.9053490078240658
3568,54093.06999999999,0.6238945357770435,0.7846800304000766
3569,53332.32,0.6467622168892553,0.6249467339685717
3570,51230.58,0.6601031286493337,0.43487815807161573
3571,49185.780000000006,0.6649199722567535,0.24126217430842006
3572,47839.10999999999,0.7170222101085578,0.09565700629527607
3573,45290.38,0.7530817827473347,0.0
3574,42614.72,0.6072812726438739,0.0
3575,39893.12,0.5795895462029201,0.0
3576,37856.6,0.5591543849619197,0.0
3577,36248.26,0.5414641875018004,0.0
3578,35143.63999999999,0.4258388897383227,0.0
3579,34553.87999999999,0.331746184749635,0.0
3580,34312.6,0.25769974805054946,0.0
3581,34242.92999999999,0.2579994504532653,0.0
3582,34746.82,0.26569365871818224,0.0
3583,36364.27,0.2771826201413311,0.038120906203460835
3584,38350.229999999996,0.35327434569591903,0.19589489129336507
3585,40441.35,0.5009013231224004,0.3476086297560522
3586,42557.96,0.6083986474059404,0.4647280027764229
3587,44790.090000000004,0.6601402452130716,0.6154895422855409
3588,46658.090000000004,0.6687202652006178,0.7362969015643733
3589,48140.78,0.6437325081268654,0.7678391783192969
3590,49056.880000000005,0.664765412237608,0.7814818719770149
3591,49549.719999999994,0.6675286573110767,0.7412885327569616
3592,49503.3,0.663599287361976,0.5876802808053383
3593,48435.28,0.6872691294337675,0.46820292490917287
3594,46814.33,0.7023982839960026,0.3265756860884499
3595,46048.229999999996,0.713532145160111,0.1970315993867267
3596,45349.55,0.8131845790095307,0.07784638296189883
3597,43387.56999999999,0.9211372736720582,0.0
3598,41009.91,0.9674343701596124,0.0
3599,38658.5,0.9572079258821002,0.0
3600,36873.84,0.9313842151564103,0.0
3601,35608.92,0.8941917563557962,0.0
3602,34869.18,0.8633556475898607,0.0
3603,34695.82,0.8367824038681,0.0
3604,34951.87,0.7773410580104194,0.0
3605,35219.51,0.707781293695059,0.0
3606,35629.619999999995,0.5679382690607406,0.0
3607,37625.74,0.451253210305774,0.03056921069625839
3608,40248.880000000005,0.39551354920769993,0.15600577250023054
3609,42564.14999999999,0.35637440973584095,0.2775248098896896
3610,44662.72,0.3573848666352009,0.4193156907451094
3611,46444.3,0.3251521779113236,0.5566552886030459
3612,47855.579999999994,0.3069456724302597,0.6672059165930826
3613,48865.670000000006,0.3335549247586316,0.6892503657234731
3614,49628.41,0.31908943651516464,0.7009249618900758
3615,49880.21,0.3774444304103209,0.6644679327508113
3616,49643.560000000005,0.43949113745094526,0.5948409926591716
3617,48499.78,0.4295727052545977,0.4743872758982739
3618,47270.65,0.42801325559906145,0.3311510734478168
3619,46537.340000000004,0.4498366871195554,0.1934347694294713
3620,45610.119999999995,0.44652278735422063,0.07746418545804386
3621,43277.189999999995,0.36730939259574424,0.0
3622,40550.439999999995,0.2805253267919546,0.0
3623,38246.31,0.26175487113350665,0.0
3624,36533.6,0.2414116703340047,0.0
3625,35392.68,0.24585180851841776,0.0
3626,34894.7,0.2314710789951272,0.0
3627,35045.630000000005,0.21816949971303917,0.0
3628,36177.04000000001,0.21782049321819447,0.0
3629,38079.51,0.18620936844227887,0.0
3630,39263.30000000001,0.1746838444339558,0.0
3631,40653.009999999995,0.17888687979329954,0.03924443507255162
3632,42149.78,0.20239662206031275,0.19731385443986088
3633,43572.780000000006,0.240886498656048,0.3501851681010053
3634,44779.92,0.29151792342243527,0.529756491866222
3635,45750.979999999996,0.19290973916473322,0.6987536846914517
3636,46915.21,0.1262522685422165,0.8395539271891783
3637,47980.38999999999,0.08912019340499601,0.9269925888828843
3638,48946.65,0.09946629705216929,0.9453666240538409
3639,49734.939999999995,0.11519928824834194,0.8960269031898113
3640,49922.020000000004,0.1308054183535314,0.8197158998554671
3641,49374.81,0.1530099871255382,0.657985950946927
3642,48360.310000000005,0.1915159290996076,0.4635605431597627
3643,47566.23,0.2547409485442551,0.2637678962882909
3644,46488.16,0.2095169085337074,0.10645408577917763
3645,43872.37000000001,0.17801325559906134,0.0
3646,40581.380000000005,0.1508262036292244,0.0
3647,37676.37,0.14477897363283634,0.0
3648,35710.45999999999,0.15041127368535348,0.0
3649,34323.46000000001,0.1709173441824496,0.0
3650,33553.09,0.14844631172152156,0.0
3651,33619.770000000004,0.13945413168292037,0.0
3652,34612.69,0.1368171937218717,0.0
3653,36288.93,0.11317892842818555,0.0
3654,38007.649999999994,0.10144012267301306,0.0
3655,40242.14000000001,0.1041867483895843,0.04118178104036793
3656,42773.759999999995,0.08810862854850969,0.20177172704947904
3657,45497.619999999995,0.12657468406602543,0.35687911576191267
3658,48079.81000000001,0.2122446989791284,0.5442108060852867
3659,50395.580000000016,0.1775833682339828,0.7165456374571122
3660,52580.6,0.18130001041479699,0.8587977911620116
3661,54297.69,0.2613355093611298,0.8917129037784829
3662,55145.329999999994,0.20904270288356924,0.9101198870101166
3663,55481.24,0.1864060308322309,0.8637641621747474
3664,55131.49,0.19223665521039,0.7462955397111989
3665,53902.76,0.20050478526682936,0.5994097904064027
3666,51907.42999999999,0.21938382072367332,0.42258413836428227
3667,50218.15,0.2621891903270912,0.25028445159051255
3668,48307.369999999995,0.2532285870665949,0.10283858525420518
3669,44973.28,0.24309133333776525,0.0
3670,41321.78,0.2360159191279934,0.0
3671,38252.4,0.2126696005371377,0.0
3672,36165.00000000001,0.20619580704705048,0.0
3673,34733.17999999999,0.21301805305341917,0.0
3674,33937.4,0.16214730954770978,0.0
3675,33957.899999999994,0.13619341385965733,0.0
3676,34999.51000000001,0.13371214387488065,0.0
3677,36753.130000000005,0.13097936762239049,0.0
3678,38330.420000000006,0.14139804246134896,0.0
3679,40336.310000000005,0.1586926992273107,0.03932021561210905
3680,42843.99,0.12324693483660959,0.18897689681985316
3681,45437.23,0.11488518240298176,0.3342657634504965
3682,47251.94,0.12106425929742222,0.48418712741234693
3683,48780.55,0.152815540649839,0.6390627814313514
3684,49796.59999999999,0.19671114006572407,0.7682005087180563
3685,49651.99999999999,0.23389750510214255,0.7528719726223577
3686,49200.649999999994,0.2196414207555825,0.7709769319644512
3687,48763.06999999999,0.2195007102005181,0.7341805378002114
3688,47923.600000000006,0.2441444465864949,0.6454931446068414
3689,46771.42999999999,0.24494439163182144,0.5196502233878509
3690,45846.24,0.2500476421564391,0.36776405674095347
3691,45452.26,0.2465575772079924,0.23874933554744296
3692,44619.350000000006,0.21506500384461122,0.09950533978236704
3693,42289.81999999999,0.19270698301058542,0.0
3694,39470.28999999999,0.17938933835016316,0.0
3695,37045.7,0.1700326404169464,0.0
3696,35313.38,0.17771909298197802,0.0
3697,34293.27,0.19779583009255877,0.0
3698,33722.78999999999,0.1483510274086434,0.0
3699,33901.719999999994,0.11545024053749217,0.0
3700,34793.14,0.09318030229502239,0.0
3701,36605.770000000004,0.0829870967313049,0.0
3702,38152.24,0.07770435715219565,0.0
3703,39965.25000000001,0.07661080346834903,0.04248542597449379
3704,41843.1,0.06421941096567328,0.20406271553523006
3705,43649.99999999999,0.06708957390184826,0.35998392134638935
3706,45288.46000000001,0.08282921284077993,0.5310381714265628
3707,46529.06999999999,0.08568275642005757,0.7009194705466298
3708,47962.32,0.09716396214332092,0.8426400622059381
3709,49195.25,0.11659420627059415,0.9086987273262424
3710,50100.44000000001,0.1534143914767074,0.9289431140749717
3711,50497.54000000001,0.20624843501055884,0.8827038057206615
3712,50018.32000000001,0.28487849034193774,0.797180524620987
3713,48829.27000000001,0.3580695841393723,0.6417194933906186
3714,47451.189999999995,0.4517866916621795,0.4540868774463932
3715,46586.56999999999,0.5101139866291735,0.26454986359502863
3716,45801.5,0.4663048078691547,0.11048033879392517
3717,43828.779999999984,0.3547606701811068,0.0
3718,41435.060000000005,0.24517761660694776,0.0
3719,38897.79,0.2303736474613379,0.0
3720,36972.37000000001,0.22422116153793306,0.0
3721,35680.59,0.22665700528052374,0.0
3722,34738.64000000001,0.18890170425965197,0.0
3723,34309.33,0.1645344031767347,0.0
3724,34527.51,0.1474347468650353,0.0
3725,34959.42,0.12995450728038627,0.0
3726,35817.66,0.1146447557065332,0.0
3727,38257.71,0.10079362968970554,0.04342993704723869
3728,41305.66,0.12046596244911707,0.2056914480013705
3729,44400.45,0.1554369672111168,0.36141935852322393
3730,47265.48999999999,0.1889332810377569,0.5353093383590107
3731,49708.71,0.19166550331168386,0.7045020230109253
3732,51487.87,0.21258262590270813,0.8441732452961145
3733,52711.119999999995,0.24816799289134706,0.9043023577632214
3734,52775.45,0.31427425484343463,0.9241832175758129
3735,52488.979999999996,0.39685085345937454,0.8779801520882478
3736,52636.61,0.4842969236462428,0.7878068013583385
3737,51489.149999999994,0.5504425180763206,0.6344797061911601
3738,49266.090000000004,0.6091880668585651,0.4492863450057328
3739,47550.64000000001,0.6606199906488417,0.2634889360412244
3740,46282.63000000001,0.620190081124621,0.11085924149171239
3741,44443.38,0.5278185875319368,0.0
3742,41911.979999999996,0.41507120840451955,0.0
3743,39293.509999999995,0.4777162122934493,0.0
3744,37159.05,0.5629840387696355,0.0
3745,35650.05,0.629558966586229,0.0
3746,34570.09,0.5887822664814162,0.0
3747,33959.54,0.5542250837061613,0.0
3748,33946.89,0.5183544177574504,0.0
3749,34180.31,0.4520952577219073,0.0
3750,35086.99,0.38090125664497293,0.0
3751,37833.270000000004,0.3205790848717318,0.043380514956222985
3752,41118.1,0.38896773850439087,0.20342352315809348
3753,44213.630000000005,0.4810035210877481,0.35756443542399735
3754,47431.51000000001,0.5208988412984372,0.5389479025264567
3755,50558.28,0.4603966264921414,0.7073223770048892
3756,53417.799999999996,0.4318085627358564,0.8452089126700665
3757,55766.65,0.4346997768574348,0.9296339250805029
3758,57373.060000000005,0.46993558337266594,0.9475247220281938
3759,58612.76,0.49565403817133896,0.8978060984663772
3760,59199.14000000001,0.5053287197998586,0.8019612882252416
3761,58538.77,0.5428807106880192,0.6450197908017795
3762,56839.42,0.5788688200921379,0.4560560732061977
3763,54932.41,0.6329725824929479,0.2598075393948977
3764,53694.22000000001,0.7083884542003761,0.10934472896925278
3765,50800.92999999999,0.7871115779303803,0.0
3766,47652.28,0.8085372528424642,0.0
3767,44598.1,0.8745305031676495,0.0
3768,42411.85,0.8901809515578984,0.0
3769,40951.82,0.8858083987582017,0.0
3770,40191.34,0.7878284261912203,0.0
3771,40297.78,0.6728374338826586,0.0
3772,41497.93,0.5927869775151181,0.0
3773,43292.21000000001,0.4866862331895206,0.0
3774,44866.27,0.43700820553047887,0.0
3775,46495.93000000001,0.45481695440313247,0.04343103531592796
3776,48226.17,0.3851076158756962,0.20213635225430623
3777,50273.02,0.35385436125163705,0.35428939819268873
3778,52085.009999999995,0.36854642672747134,0.527821342435784
3779,53348.81,0.30583882326089523,0.6926132644499207
3780,54451.9,0.29085979688929964,0.8274543010398405
3781,55414.3,0.2859842315541758,0.9081430033694883
3782,56518.91,0.26423392520403033,0.9276438622156028
3783,57310.2,0.3089139582654709,0.8809959979088955
3784,57731.74,0.3981587968471973,0.7942778004753304
3785,57400.0,0.44409137544013594,0.640128102059912
3786,56118.96000000001,0.5150532594990705,0.4536585526575904
3787,54821.24,0.5905926684261027,0.2577867250066993
3788,53827.229999999996,0.6251210443160693,0.10891310937438213
3789,51092.41,0.6246235715662748,0.0
3790,47884.61,0.6032693598888498,0.0
3791,45090.689999999995,0.6399083941047817,0.0
3792,43055.31,0.6863716841613097,0.0
3793,41764.69,0.739713172059094,0.0
3794,41012.52,0.5973550847476408,0.0
3795,40975.719999999994,0.5130932833423079,0.0
3796,42059.7,0.47488427387813814,0.0
3797,43649.68,0.4382463476193326,0.0
3798,44974.28,0.4447262348736155,0.0
3799,46647.31,0.5003296172451311,0.04433710698454951
3800,48732.28,0.4334860098253639,0.20524335437616129
3801,51430.11,0.4095607836359166,0.3596467528587933
3802,54242.420000000006,0.4494461322324674,0.535980380528135
3803,57070.200000000004,0.40683299319049554,0.7021143868805213
3804,59809.32,0.4151360238964193,0.8373749621097302
3805,61849.57,0.5025643667692635,0.9145667769328428
3806,63003.42,0.48091045268912275,0.9331780381406745
3807,63951.969999999994,0.4539261568734337,0.8853429453809009
3808,63839.58,0.44168877041134014,0.7980767118714057
3809,62721.740000000005,0.4383072852612896,0.6434481683074798
3810,60902.530000000006,0.48163782654266435,0.4563910451564152
3811,59214.38,0.5425937497922582,0.25785042459067503
3812,57847.21,0.5486121729033574,0.10998282307770026
3813,54715.71,0.5843127674331516,0.0
3814,51031.17,0.6018927231591847,0.0
3815,47760.36,0.6403970031975645,0.0
3816,45488.99999999999,0.6857434724705895,0.0
3817,43974.93,0.6989447816327302,0.0
3818,42977.34,0.6841014800091298,0.0
3819,42704.70999999999,0.6809759329552986,0.0
3820,43587.27,0.6744262444020469,0.0
3821,45092.22,0.6551621938437471,0.0
3822,46488.30999999999,0.609995767603777,0.0
3823,48487.259999999995,0.5417262193622158,0.04469624084593046
3824,51215.39,0.5726182799630389,0.2038815012015058
3825,54295.060000000005,0.5854932957514276,0.35652876805004574
3826,57302.81,0.5700234443727966,0.528075042502998
3827,60260.02,0.4997573573892985,0.6916423949286339
3828,62681.71,0.4440692162976064,0.8247833115876131
3829,64147.78,0.4331563925802328,0.8988274883473686
3830,64811.47000000001,0.4292430880094665,0.9180175371544295
3831,65573.90999999999,0.42893673786399167,0.87183424050327
3832,65627.46999999999,0.43884353651051117,0.7866437348164348
3833,64907.409999999996,0.48711445861890934,0.6348223660222022
3834,62923.23,0.5309297311431238,0.45073935448159497
3835,60639.58,0.5603742457581864,0.2500933528385852
3836,58768.55,0.6204366015852649,0.1071130469927206
3837,55298.55,0.7085230709912451,0.0
3838,51233.97,0.7307359494417007,0.0
3839,47849.66000000001,0.7333485123459663,0.0
3840,45352.049999999996,0.7082532834309444,0.0
3841,43640.29,0.6818401395139614,0.0
3842,42468.57,0.6396507940728725,0.0
3843,42042.020000000004,0.6030477684635515,0.0
3844,42799.22,0.5593471695019291,0.0
3845,44251.01,0.5375253999171249,0.0
3846,45758.04,0.5016076457905385,0.0
3847,48133.99999999999,0.45563850461242555,0.044672078934767205
3848,51099.810000000005,0.469407641801893,0.2034960088915832
3849,54491.52,0.48123009832011543,0.35604223502071336
3850,57827.42,0.46728756584035225,0.5290041778140938
3851,60916.979999999996,0.4549737303365309,0.6928944212343653
3852,63604.05,0.4622014886511952,0.8263066102595864
3853,65609.41,0.4993086347530698,0.9025857638019421
3854,66801.29000000001,0.48640370412226536,0.9217340783988116
3855,67283.39000000001,0.4904505175267738,0.8752696249632078
3856,67079.47,0.5189128281492018,0.7862999767167037
3857,66324.11,0.5395330182303265,0.6343643879787898
3858,64456.17999999999,0.5809307283045376,0.4504153652182696
3859,61953.159999999996,0.6344561370853192,0.26111118432902364
3860,59927.04000000001,0.7052280064970606,0.11263184715614298
3861,56431.41,0.7845062167474367,4.063594150181651e-05
3862,52345.85,0.8029847257030546,0.0
3863,48788.52,0.8166076125518247,0.0
3864,46205.100000000006,0.8153168424994627,0.0
3865,44476.50000000001,0.8177820471059053,0.0
3866,43222.76,0.7780268834717173,0.0
3867,42809.770000000004,0.7425307070317609,0.0
3868,43475.08000000001,0.6997591301207009,0.0
3869,44497.340000000004,0.7062645003888933,0.0
3870,45860.24,0.7013573582756643,0.0
3871,48387.85,0.672766524626563,0.04510260026094861
3872,51439.51999999999,0.7084615793707248,0.20468763041940674
3873,54741.71,0.7163081317405342,0.3575402735128344
3874,58092.40000000001,0.6504112736853537,0.528281517016575
3875,61093.75,0.6277873431409698,0.6926242471368129
3876,63893.89,0.6052703304592927,0.8268919874709504
3877,66105.25000000001,0.5813572917982366,0.9071227117571856
3878,67197.70000000001,0.581721255714289,0.9262457661742027
3879,67931.29999999999,0.5733268185454297,0.87953420228352
3880,67724.29999999999,0.563909736948819,0.7921372748000053
3881,66584.95999999999,0.5874571497581329,0.6395438231172375
3882,64158.979999999996,0.614044242943975,0.45459867065557824
3883,61331.25,0.647117871126859,0.2611287566280515
3884,59182.01,0.7467032735701258,0.11343907464273309
3885,55914.89000000001,0.8213557628174022,0.00015485588518259806
3886,52191.82000000001,0.8280677670896848,0.0
3887,48731.6,0.8088109182527076,0.0
3888,45953.37,0.7829074346139102,0.0
3889,43745.28,0.7558367181423551,0.0
3890,42252.100000000006,0.7165995244648014,0.0
3891,41473.29000000001,0.676668195647501,0.0
3892,41061.579999999994,0.6299312401807302,0.0
3893,41059.700000000004,0.49015524695256396,0.0
3894,41629.729999999996,0.3471983088142422,0.0
3895,43983.55999999999,0.24238279475537414,0.04479728156534038
3896,47319.22,0.2181091160496454,0.20446248533811276
3897,51235.60999999999,0.21729642949736425,0.35808721132007487
3898,54942.61,0.23118356412080288,0.5285022690231118
3899,58232.83999999999,0.22621714630130674,0.693411705786997
3900,60670.26,0.23849441921995393,0.828559159341214
3901,62488.36999999999,0.26051063528045726,0.913383941554533
3902,63814.670000000006,0.28959783372222625,0.933432836476578
3903,65061.92999999999,0.3478691768543325,0.8871342216130486
3904,65551.59,0.40787945869646625,0.8000953297222259
3905,64763.59,0.4244378779518748,0.6462959790186749
3906,62895.03999999999,0.4584444060352642,0.4597956780930538
3907,60353.81,0.5076714951438241,0.2656635080459163
3908,58231.32,0.5111438327782472,0.11580145059328464
3909,54972.21000000001,0.4758099720573213,0.00021526066309070368
3910,51413.27999999999,0.40178957235070833,0.0
3911,48028.280000000006,0.3760677936806557,0.0
3912,45278.649999999994,0.35140522202352853,0.0
3913,43167.6,0.3330469264161354,0.0
3914,41596.06,0.26457074417048354,0.0
3915,40571.1,0.21311832317336657,0.0
3916,40080.0,0.17647873497887126,0.0
3917,39688.13,0.14521606271923704,0.0
3918,40677.31,0.11863340136190088,0.0
3919,43979.77,0.09773289812777404,0.043584792932421304
3920,48151.52,0.053433448339283054,0.19865154570335317
3921,52664.51,0.0368412363915166,0.3478941796152544
3922,57499.7,0.02969602088277593,0.5082238359450161
3923,61555.840000000004,0.0366733808868532,0.6678044730287169
3924,64502.15,0.045941442249950705,0.7990409917805564
3925,66527.24,0.06634170284146687,0.9011031010714706
3926,67483.28000000001,0.07174022394029443,0.9213749445374306
3927,68363.84000000001,0.10219741136896969,0.8763964486383657
3928,68634.38,0.15502646909575188,0.7956089021266868
3929,68107.43000000001,0.1719388806530743,0.6428485136031558
3930,66706.49999999999,0.2009219311249532,0.4576079268640911
3931,64304.70999999999,0.24622740598429815,0.26291344324806376
3932,62174.53,0.2214822915212473,0.11501728674916852
3933,58398.76000000001,0.20297109783039832,0.0002811567844450007
3934,54104.49,0.18722813502008726,0.0
3935,50258.78,0.19891209689749847,0.0
3936,47369.43,0.21570651102084965,0.0
3937,45302.68000000001,0.23807062561907102,0.0
3938,43912.63,0.18591852969657482,0.0
3939,43482.770000000004,0.15083728320048934,0.0
3940,44173.030000000006,0.12762724333619188,0.0
3941,45338.590000000004,0.09747419013873837,0.0
3942,46806.810000000005,0.07504802994143342,0.0
3943,49991.97,0.06512128806663697,0.037413621167591386
3944,54214.41,0.05579616691152521,0.17232494695362224
3945,58427.32,0.06021082208202873,0.3021128493043564
3946,62967.24999999999,0.07873475727983231,0.4517310911079772
3947,66310.19000000002,0.06820805662104099,0.595603191129503
3948,68825.52,0.06771944752825844,0.7150541885771268
3949,70001.21,0.08106312918115322,0.8370388918908229
3950,70042.58,0.10327988548155144,0.857323914581054
3951,69432.37000000001,0.1683967417196824,0.8173842754282147
3952,68463.73,0.2650161429353331,0.777139317579767
3953,67120.59999999999,0.28559644655990396,0.6282547192605571
3954,64761.16,0.31532958400641736,0.4476191731354689
3955,62129.3,0.35098198240120915,0.26017765594317105
3956,59843.91,0.317476804917557,0.11489537892466307
3957,55838.28,0.2796987907755922,0.0003426598310423447
3958,51443.189999999995,0.2474694259230945,0.0
3959,47603.420000000006,0.23758866426904746,0.0
3960,44761.91000000001,0.22854995003113365,0.0
3961,42749.659999999996,0.22224788989565258,0.0
3962,41542.40000000001,0.17789248827227389,0.0
3963,41085.53,0.1464109944801576,0.0
3964,41778.04000000001,0.12406460719595994,0.0
3965,42949.979999999996,0.0964653951750683,0.0
3966,44808.61,0.07811485526756057,0.0
3967,48202.219999999994,0.0670458095953519,0.0443107485360078
3968,52394.25000000001,0.05176375694966109,0.20227363584046096
3969,57035.439999999995,0.04913069683855515,0.35417188344294026
3970,61301.86,0.04675579073792161,0.526405674095356
3971,64790.95,0.05115216461583804,0.6936643075855217
3972,67555.65000000001,0.05927127443876433,0.8326688807763438
3973,69047.18000000001,0.06789672066849704,0.9063242704201093
3974,69529.85,0.10505981860525927,0.9283610316696753
3975,69616.27,0.1686355064804413,0.8843610931727218
3976,68870.26999999999,0.2768291818179805,0.7941438116952428
3977,66794.39000000001,0.31482712544955366,0.6421071822379197
3978,63884.04000000001,0.3598528411344596,0.45776937236140913
3979,60733.990000000005,0.40992917938047463,0.2659732198162815
3980,58184.26,0.3812884876606816,0.11796613817977337
3981,54260.31,0.3689281179575475,0.00040306460895045025
3982,49940.33,0.3523093150387454,0.0
3983,46096.65,0.33683613978873483,0.0
3984,43308.09,0.3347238195270796,0.0
3985,41160.06,0.348204333885096,0.0
3986,39815.85,0.2697232987872303,0.0
3987,39366.13999999999,0.22120973406813055,0.0
3988,40011.100000000006,0.19037085540937917,0.0
3989,41208.35,0.1519413624770376,0.0
3990,43111.39000000001,0.12885652176803367,0.0
3991,46301.310000000005,0.12120496985248663,0.04456115379715413
3992,50202.71999999999,0.11882729385903684,0.2041209237757598
3993,54479.75,0.12878782842619124,0.35720859636868413
3994,58688.99999999999,0.1379539577336516,0.5318267283454358
3995,62426.060000000005,0.12431001969947773,0.7005570418791812
3996,65866.5,0.12573097471420244,0.8404413282900831
3997,67957.14000000001,0.13190506580157368,0.9172904832821535
3998,69444.20000000001,0.19028609668920252,0.9386111733463366
3999,70013.43000000001,0.2972920419871434,0.893239497256524
4000,69856.08000000002,0.426195651933053,0.8051473656927212
4001,68760.98,0.4757562361366865,0.6521200978777051
4002,66136.55999999998,0.515250475867586,0.46579112686760565
4003,63120.92,0.5553269470684564,0.2723168197653219
4004,60744.869999999995,0.5051115602030664,0.12093585671547372
4005,56739.97,0.4363417693188943,0.0004491918938984582
4006,52345.00999999999,0.35781918582878514,0.0
4007,48438.65,0.3261559870679245,0.0
4008,45417.06999999999,0.30162083048034377,0.0
4009,43296.81,0.2783637024381705,0.0
4010,41821.18,0.19334738222969722,0.0
4011,41308.38,0.14061804064429922,0.0
4012,41823.25,0.10759704042492374,0.0
4013,42876.73999999999,0.1086252246383074,0.0
4014,44676.86,0.11903115797031119,0.0
4015,48152.240000000005,0.14127228932749222,0.04477641446024486
4016,52399.14000000001,0.1358322198364212,0.20599017708484332
4017,56802.869999999995,0.14689129389449154,0.3604880266747496
4018,60756.24999999999,0.15838579510327266,0.5346910130869694
4019,64140.94,0.1544087829977331,0.7050467642807874
4020,67056.81999999999,0.18694172810288934,0.8466992632813628
4021,68856.99,0.23717041045379708,0.9196177146346496
4022,69259.95000000001,0.29141432943110845,0.941867540009928
4023,69642.76999999999,0.37920996009138436,0.8972328022105945
4024,69269.30999999998,0.4889846902484261,0.8052154583514542
4025,68090.83,0.570046711472453,0.652643972042472
4026,65860.97,0.6493941690432348,0.46664008856438693
4027,63227.240000000005,0.6547555735783248,0.2719236395745745
4028,60891.58,0.6032283654751694,0.12126204251617742
4029,57046.689999999995,0.46746705489484375,0.0005074001344280872
4030,52783.30000000001,0.31710009949455,0.0
4031,48934.92999999999,0.3147373809223079,0.0
4032,46005.03,0.3119248317567105,0.0
4033,43869.020000000004,0.30891118837265474,0.0
4034,42460.82,0.2633453435885845,0.0
4035,41832.080000000016,0.22836325925531986,0.0
4036,42103.46,0.2018193763974109,0.0
4037,42796.86,0.1773041630381071,0.0
4038,44320.009999999995,0.16075349948258405,0.0
4039,47547.45,0.14912438148293414,0.044397511762457625
4040,51276.3,0.19577325435814932,0.20557063844555437
4041,55296.66999999999,0.27076976429320093,0.36001137806362044
4042,58900.32,0.32197067902260457,0.5353433846883767
4043,62029.329999999994,0.251085244005398,0.7053147418409614
4044,64723.759999999995,0.1999375112180659,0.8461951579530025
4045,66675.84999999999,0.1805698666684395,0.9279546722546574
4046,68003.73,0.20969251973825617,0.9508832276798851
4047,68659.69,0.27084732129205524,0.906327565226177
4048,68199.51,0.3619784568816325,0.8179070513242921
4049,66465.48000000001,0.4278631274084219,0.6627227838036116
4050,63852.40999999999,0.49728328912584413,0.4736426497269701
4051,60821.049999999996,0.5852689344333133,0.2731009836094378
4052,58569.64000000001,0.5216040560094487,0.12196603274597921
4053,55121.240000000005,0.4501746140431349,0.0005557239567545718
4054,51265.95,0.34583607552722145,0.0
4055,47699.39,0.32835251207119287,0.0
4056,44738.98,0.31563205630194935,0.0
4057,42371.840000000004,0.30456134869405105,0.0
4058,40674.08,0.26331819863898553,0.0
4059,39643.3,0.22951498068830734,0.0
4060,39253.57,0.20746497193544602,0.0
4061,39021.060000000005,0.1707583523347981,0.0
4062,40233.20999999999,0.139852442269894,0.0
4063,43671.98,0.11445252514508694,0.04372427305595457
4064,48112.89000000001,0.10615503422479568,0.2039737557714018
4065,52441.280000000006,0.11966213955384784,0.35777310647495253
4066,56286.19,0.14430421400413498,0.5322539548655495
4067,59546.959999999985,0.11832095745223042,0.7010743264318124
4068,62165.909999999996,0.11410573456449531,0.8408542773172366
4069,64209.52999999999,0.1282515771769696,0.9208884115080983
4070,65793.14,0.16707384091065214,0.9430877165236716
4071,66791.09,0.22421395981661094,0.8983673137665779
4072,66782.35,0.31794159293212004,0.8122575571868499
4073,65465.26,0.36983110301563776,0.6580661245612415
4074,63079.8,0.4255491589497454,0.47035553154008003
4075,60317.79000000001,0.5038584606930052,0.2750471157267684
4076,58275.67,0.5315679144479826,0.12311262525754392
4077,55383.39,0.5783957223991262,0.000587573748742482
4078,52229.219999999994,0.5694905169949545,0.0
4079,49138.509999999995,0.5775935614395467,0.0
4080,46479.920000000006,0.5597803807383871,0.0
4081,44462.67,0.5484725703054195,0.0
4082,42889.2,0.5279964146507388,0.0
4083,41916.58,0.551411980562,0.0
4084,41453.33,0.6075361027829669,0.0
4085,41065.55,0.5850844595717525,0.0
4086,42086.520000000004,0.5678158397982631,0.0
4087,45427.4,0.5452545088315265,0.041807794193233765
4088,49249.799999999996,0.5363426556845957,0.19606072986544001
4089,53211.27999999999,0.5532722405773786,0.3441666556839796
4090,56917.93000000001,0.5593626809016998,0.5072957989026093
4091,59768.579999999994,0.48542593195813705,0.6670433728270749
4092,62183.01,0.43819870546289347,0.7993759637307744
4093,63609.079999999994,0.4055034446387062,0.8841161792550218
4094,64464.26,0.3760893988446223,0.9042946698823966
4095,65213.780000000006,0.3733455430208672,0.8602837486985512
4096,65377.66999999999,0.3735239241182324,0.7787065469993099
4097,64466.280000000006,0.43484214934818893,0.6305720661948498
4098,62778.590000000004,0.5097533465845007,0.4506866375845114
4099,60809.68,0.5960770562022333,0.2681763468068935
4100,59708.37,0.6681236302880025,0.12051192500142767
4101,56987.07,0.7224140834646264,0.0006194235407303922
4102,53681.02,0.7294069548684746,0.0
4103,50609.530000000006,0.735881302337125,0.0
4104,48313.81,0.7361405643047234,0.0
4105,46858.37,0.7249850979766488,0.0
4106,46106.130000000005,0.686543417515916,0.0
4107,46071.69999999999,0.6797294811879963,0.0
4108,47053.380000000005,0.6866702786068992,0.0
4109,48302.47,0.6393278245705006,0.0
4110,49580.13999999999,0.5933503737139387,0.0
4111,52029.420000000006,0.5027477336736976,0.037179689936783625
4112,54850.86,0.3586113751742263,0.1792879704433929
4113,57826.11,0.349180998092098,0.3163903422644541
4114,60270.92,0.43507149647337245,0.4204842486304586
4115,62786.33,0.4612320261655156,0.555820604399225
4116,65014.51999999999,0.5928224321431659,0.6682360926235877
4117,64983.62,0.4987718295252847,0.847898572690011
4118,64824.53999999999,0.4910898087887591,0.8707678216060201
4119,64820.8,0.6369856032050984,0.8321043706700755
4120,63997.85,0.5965761908877174,0.7682060000615026
4121,62293.18,0.6604022770734862,0.62454476762831
4122,59927.4,0.7019190925387953,0.4484483659958437
4123,58027.86,0.7118835049558923,0.26106395877538646
4124,56365.31,0.7875342635741367,0.11778162903998131
4125,52888.619999999995,0.8552503872310159,0.0006984988863555487
4126,49050.700000000004,0.86935357349412,0.0
4127,45755.659999999996,0.8625307735091884,0.0
4128,43403.03,0.7951038266623236,0.0
4129,41879.37000000001,0.7029915950372385,0.0
4130,40910.079999999994,0.6158873296238929,0.0
4131,40641.88999999999,0.4659558013743101,0.0
4132,41251.81999999999,0.3586484917379638,0.0
4133,42287.219999999994,0.33011084003093427,0.0
4134,43443.26,0.28821510322836547,0.0
4135,45186.240000000005,0.27465758585005806,0.03335661662954516
4136,47203.560000000005,0.22734670859176437,0.16052295161906754
4137,49724.340000000004,0.20908535923293917,0.28442852687024156
4138,52440.4,0.2076699440038468,0.470152351832571
4139,55070.770000000004,0.1993896264190161,0.6199265477900635
4140,57719.060000000005,0.21555693680877328,0.7443581937433825
4141,59886.06,0.23410413910623318,0.8984881233223944
4142,61653.259999999995,0.3069584139372143,0.9172212923547315
4143,63020.91,0.4147615343876653,0.8708655675193617
4144,63110.62,0.48762467287565836,0.7872247189530418
4145,61782.58999999999,0.56331587192902,0.6373384995892469
4146,59599.20000000001,0.6334207511506135,0.45570462722564103
4147,57442.18,0.6822539615007058,0.2666706204339477
4148,56005.92999999999,0.7179612037732589,0.12080955581621125
4149,53076.09,0.669094754709372,0.0006974006176663104
4150,49455.1,0.5770057901839432,0.0
4151,46351.090000000004,0.5824314562323696,0.0
4152,44109.69,0.5962221985858036,0.0
4153,42581.049999999996,0.5954660178469738,0.0
4154,41741.170000000006,0.5293353808381033,0.0
4155,41714.37,0.46051296199042296,0.0
4156,42715.299999999996,0.40733434379023264,0.0
4157,44220.229999999996,0.43811339276415356,0.0
4158,45855.799999999996,0.47525876338689216,0.0
4159,48550.42,0.5059297865409802,0.03991987031643316
4160,51555.840000000004,0.6363042095723063,0.19355008764184128
4161,54713.22,0.6937384910953487,0.34132653285360937
4162,57842.090000000004,0.6937501246451767,0.515247264212695
4163,61053.32,0.6859988565882456,0.6786246161550924
4164,64365.22999999999,0.6577952539548529,0.813676520333346
4165,67535.69,0.6167188514473244,0.8956820468213905
4166,69608.73,0.6381544979735464,0.917625455232371
4167,70218.85,0.6525069745901112,0.8744393338341433
4168,70056.47,0.6588555689249046,0.793054329155519
4169,69135.58,0.6826827409086578,0.6430593811914894
4170,66862.82,0.6954552706628465,0.46027342497287255
4171,64060.56999999999,0.7095584569259509,0.27081768300451153
4172,62356.259999999995,0.7800865757698641,0.12282707539834196
4173,58908.56999999999,0.7995373171039776,0.0007259556035865059
4174,54870.95,0.6873555500896339,0.0
4175,51399.450000000004,0.7813524167868802,0.0
4176,48709.34999999999,0.8450067696180431,0.0
4177,46732.990000000005,0.8433653311351464,0.0
4178,45626.28,0.8143905903417162,0.0
4179,45381.52,0.7941626170833694,0.0
4180,46001.05,0.7657335451747358,0.0
4181,46949.75,0.7279477753328857,0.0
4182,48367.62000000001,0.6603518650242312,0.0
4183,51321.200000000004,0.5829854347956153,0.04008900369457585
4184,54703.18000000001,0.6577193588916885,0.19786738185923697
4185,58378.68999999999,0.7366275114618163,0.3500138381854841
4186,61724.99,0.6982567402571792,0.5121962737939906
4187,64451.22000000001,0.6991807765006726,0.675194723038602
4188,67123.72,0.6813559622496848,0.8101247193923494
4189,68940.72000000002,0.6515341882330521,0.8845851399853264
4190,69681.78,0.6634558069140957,0.907457683707403
4191,70089.32999999999,0.6658163095720846,0.8659398324481283
4192,69913.77,0.6617911013315427,0.7876629281600481
4193,69196.5,0.6866880059209229,0.6392505853772108
4194,67182.38,0.7023982839960026,0.4580505291458542
4195,64456.23,0.713532145160111,0.26837074036488856
4196,62407.130000000005,0.8134482728056355,0.12109949875017018
4197,59039.26,0.9035124456824022,0.0005249724334558998
4198,55317.25,0.8376914826903862,0.0
4199,51954.54,0.8933707601250663,0.0
4200,49455.34,0.9233581737321093,0.0
4201,47563.670000000006,0.9309011458492602,0.0
4202,46303.5,0.9025147302899968,0.0
4203,45763.25000000001,0.8682494942175719,0.0
4204,46162.75000000001,0.833449668831615,0.0
4205,46972.450000000004,0.8747991827708235,0.0
4206,48252.84,0.8780621165083398,0.0
4207,51276.509999999995,0.8598040910208941,0.038584375590319395
4208,54977.18,0.8128544077858364,0.19206522837399115
4209,58654.00999999999,0.7607804228407578,0.34051161748619463
4210,61992.979999999996,0.6996560901079374,0.5132912476771615
4211,65001.99999999999,0.69171092955387,0.6767476749651846
4212,67484.31999999999,0.6681230763094389,0.8119094060123617
4213,68980.18,0.633814629909081,0.8850178578488861
4214,69588.13,0.6489426765141897,0.9069261216618116
4215,69728.92000000001,0.650191898174308,0.8645538173623095
4216,69404.88,0.6469594332577704,0.7758905860801028
4217,67821.19000000002,0.6738556464819038,0.6294232771459065
4218,65579.52,0.6939767018775442,0.4506163483884002
4219,62887.1,0.710750064815492,0.2559185699663049
4220,61093.74,0.8094718146786591,0.11554445572000296
4221,58034.91,0.9131494567686211,0.0007204642601403143
4222,54787.08000000001,0.9774957288252776,0.0
4223,51534.78,0.9771118216809485,0.0
4224,49106.34999999999,0.9591645781674834,0.0
4225,47123.340000000004,0.9386346865921678,0.0
4226,45544.0,0.9118398514451086,0.0
4227,44493.409999999996,0.8966591768764915,0.0
4228,44206.57000000001,0.8898280672131113,0.0
4229,43987.899999999994,0.8917127022852723,0.0
4230,44690.01,0.8799024332954412,0.0
4231,47531.749999999985,0.8491361258284751,0.037443274422200835
4232,51251.73999999999,0.7958411721300033,0.19094060123621118
4233,54769.2,0.7419024953410401,0.33986693376561145
4234,57913.299999999996,0.6736695096846533,0.5180434562954954
4235,60365.98999999999,0.6561571393433359,0.6831659571850932
4236,62285.40000000001,0.6211540038246681,0.8196939344816826
4237,63698.28999999999,0.5704356044238512,0.8958819317228319
4238,65105.35,0.5685432136518046,0.9185963247536577
4239,66093.44,0.5491340207099348,0.8760757541811085
4240,66128.13999999998,0.5093550359975271,0.7421298065729178
4241,64730.15,0.597495795302705,0.6031153489638932
4242,62360.50000000001,0.6503946543284561,0.4329397138351102
4243,59830.53,0.6930249667058884,0.18805764592696064
4244,58030.10999999999,0.784676288166353,0.08382096463135512
4245,55036.049999999996,0.8922373199846659,0.0005161862839419936
4246,51772.69,0.9378347415468413,0.0
4247,48763.579999999994,0.9156501160031114,0.0
4248,46240.72,0.8678450898664026,0.0
4249,44169.26,0.8225529104925757,0.0
4250,42732.79000000001,0.7852025678014363,0.0
4251,41831.80999999999,0.7534917268841363,0.0
4252,41256.590000000004,0.7213271775235386,0.0
4253,40699.59999999999,0.7022381841912247,0.0
4254,41253.47,0.6151006800640844,0.0
4255,43994.990000000005,0.5047359627371862,0.024813184495960556
4256,47532.219999999994,0.39255751959422186,0.12198580158238546
4257,50741.479999999996,0.3340834203079678,0.2170750029653254
4258,53843.8,0.3007477602646688,0.32648343151855397
4259,56475.28,0.24587064378956788,0.43316595718509315
4260,58660.97,0.22876212382085667,0.5226528899842289
4261,60024.60999999999,0.2284651913109571,0.6649852173034425
4262,60504.979999999996,0.23428252020359833,0.6824301171633035
4263,60167.48999999999,0.26509646982700363,0.6524418906036522
4264,59308.39,0.31637604951238807,0.6610611032767941
4265,58171.67,0.3507133027980351,0.5354521132886119
4266,56527.219999999994,0.44379555088736294,0.38273236070658184
4267,54916.88000000001,0.5695835853935798,0.24749375085115807
4268,53653.17,0.5257760685692507,0.11282184763938122
4269,50952.600000000006,0.4400296046144198,0.0006040477790810563
4270,47583.21,0.31380725091461864,0.0
4271,44524.35999999999,0.26742761162114076,0.0
4272,42457.159999999996,0.249361262716578,0.0
4273,41049.64,0.2521776897321182,0.0
4274,40296.200000000004,0.1948237351007466,0.0
4275,40311.060000000005,0.15690944223222336,0.0
4276,41239.19,0.13415975855398307,0.0
4277,42615.979999999996,0.12282092532147376,0.0
4278,43808.56999999999,0.11563471539905293,0.0
4279,45574.18,0.11379938441902054,0.023171272805549304
4280,47466.07999999999,0.1132415280058323,0.12045701156696575
4281,49406.020000000004,0.12104819391908815,0.2154089293637509
4282,51628.58,0.13898103398990874,0.3355079053380249
4283,53755.17,0.13708254945366638,0.44617824461518824
4284,55751.49999999999,0.15403207757472615,0.5392213714300773
4285,56613.26,0.18452084178150638,0.6033459853886329
4286,55503.84,0.2514890943780039,0.6201835426633451
4287,54380.119999999995,0.3334590864671902,0.5940579270837448
4288,53394.26,0.41921219816477984,0.5455056648698984
4289,52303.84,0.4927927388921759,0.44259239734482536
4290,51008.42999999999,0.5568714393027848,0.3174545646243261
4291,50204.09,0.610302671727815,0.2006888341218901
4292,49637.39,0.5679427008892464,0.09036664601921526
4293,47393.86,0.49101502168272115,0.00038439404123339943
4294,44456.229999999996,0.4040880294096139,0.0
4295,41935.87,0.42416255060594193,0.0
4296,40231.259999999995,0.45413666872746705,0.0
4297,39061.69,0.5059779826759824,0.0
4298,38481.87,0.38155938317810845,0.0
4299,38582.240000000005,0.2941304863267012,0.0
4300,39703.82,0.22941748046117608,0.0
4301,41323.34000000001,0.206837868201852,0.0
4302,42740.70000000001,0.18924960279737016,0.0
4303,44904.200000000004,0.17909739164733288,0.021063695190901052
4304,47599.91,0.14296136996682776,0.11495688197126042
4305,50468.4,0.13718669742355652,0.20706867693767533
4306,53140.69,0.16147034774342375,0.396264129226687
4307,55158.82000000001,0.1379334605268115,0.527287583852814
4308,56678.04,0.14174760293475688,0.6380534725059412
4309,57376.64000000001,0.15740414508920164,0.7157834389867807
4310,57492.6,0.1969271917053898,0.7354248762251183
4311,57693.26000000001,0.2643208998384599,0.7021769881958075
4312,57349.649999999994,0.35900913178263666,0.5861295254161337
4313,56422.469999999994,0.3706903237672315,0.476029187588685
4314,54673.29,0.3970896182201335,0.34103000030751496
4315,53179.420000000006,0.4311360327600764,0.18958863247975877
4316,52045.350000000006,0.43021365845227283,0.08553316551787758
4317,49435.65,0.4069504366459036,0.00035474078662396576
4318,46013.02999999999,0.3513714293311706,0.0
4319,43186.56,0.3197891114405438,0.0
4320,41150.64,0.28990861569620713,0.0
4321,39771.61,0.2734255375254,0.0
4322,39088.78,0.2387592209731854,0.0
4323,39181.350000000006,0.22555015611115908,0.0
4324,40174.62999999999,0.22711182168094823,0.0
4325,41643.97,0.17525721224691487,0.0
4326,43226.14,0.13573970541635919,0.0
4327,45516.259999999995,0.10813329167414538,0.028978917634241347
4328,48296.619999999995,0.11069211865777642,0.15647253669315692
4329,51559.560000000005,0.13542393763530927,0.2808745293918666
4330,54765.86,0.18036655653572833,0.38282461527647804
4331,57706.07,0.15980065635380178,0.5090596184175266
4332,60414.689999999995,0.1567720555485385,0.6161660757981114
4333,62619.15,0.17444507967319692,0.6926593917348685
4334,63930.43000000001,0.18645533492435984,0.7107401891657987
4335,64334.09,0.2280269942674299,0.6792583171887836
4336,63985.420000000006,0.27306434350216385,0.6796734627533151
4337,62796.31999999999,0.28947208058836954,0.5515549288102234
4338,60790.950000000004,0.3226077543703369,0.3948759176034898
4339,58517.22000000001,0.38871844815093054,0.2556319218384139
4340,56747.560000000005,0.30757222218529046,0.11654278195852051
4341,53323.119999999995,0.23752329479858456,0.00047774687981865356
4342,49527.52999999999,0.163447497235647,0.0
4343,46160.969999999994,0.15420713480071171,0.0
4344,43662.50000000001,0.1501835884958596,0.0
4345,41862.6,0.15308477423157638,0.0
4346,40804.83,0.11870818846793911,0.0
4347,40440.36000000001,0.10106230929287961,0.0
4348,41085.34,0.09533971073455341,0.0
4349,42222.23,0.08734801598117359,0.0
4350,43930.45,0.08104041606006016,0.0
4351,47275.57,0.0787380811512118,0.026336483167934053
4352,51132.840000000004,0.08488890513892675,0.1491306105055989
4353,54996.770000000004,0.10376904855289718,0.26848935338332636
4354,58625.759999999995,0.13061928155628091,0.45599017708484313
4355,61845.96000000001,0.054599573214914876,0.5968431364796533
4356,64424.94,0.027252421440299948,0.6978124684247747
4357,66177.19,0.029729259596570648,0.8323042555715168
4358,67431.55,0.04572594458884819,0.8516107208596365
4359,68284.66,0.07756586251138427,0.8248887453817795
4360,68132.85,0.12536978069096638,0.7046810408072711
4361,66818.12,0.1504788590700695,0.5790116460411804
4362,64572.45000000001,0.18786410241069315,0.41803840425952515
4363,61690.6,0.24340156133318266,0.2648540840219477
4364,58949.96,0.22247834497796273,0.1212873026960299
4365,54997.37,0.2094448913204854,0.0006282096902442985
4366,51010.95999999999,0.19208209519124456,0.0
4367,47475.7,0.20383419643193493,0.0
4368,44879.51,0.22330432701576186,0.0
4369,43097.530000000006,0.24881226996040162,0.0
4370,41953.86,0.21147134490483757,0.0
4371,41622.08,0.18967450435537947,0.0
4372,42150.340000000004,0.18205120534655794,0.0
4373,43175.56,0.14713947629082544,0.0
4374,44475.189999999995,0.12422581495786439,0.0
4375,47107.75,0.11116300043653514,0.03139620701925481
4376,50292.009999999995,0.08314110277188717,0.18573261111184314
4377,53403.77999999999,0.0736569897691239,0.3351476732079548
4378,56065.43,0.06925119825563233,0.5169616616365956
4379,58457.700000000004,0.062334221914948786,0.6758185396540889
4380,60882.850000000006,0.06489526481283281,0.7891455908905197
4381,62736.62,0.07819352022354144,0.8268436636486238
4382,64093.979999999996,0.13257537986310083,0.8475130803800884
4383,64698.57000000001,0.21430882310578117,0.8222188541982415
4384,63810.46,0.32671051960973313,0.6339701095193535
4385,61715.16000000001,0.3575444124614154,0.521249302599382
4386,59507.240000000005,0.3960919028277283,0.37655130452354885
4387,57445.89,0.45001894606686316,0.2272954913873768
4388,55748.079999999994,0.36904556141295564,0.10385448379175063
4389,52935.50000000001,0.29062989578555276,0.0008566495776058616
4390,49785.56,0.20967423844566913,0.0
4391,46777.49999999999,0.21921928909038935,0.0
4392,44350.21,0.22766912411557325,0.0
4393,42553.490000000005,0.24081392746426292,0.0
4394,41250.52,0.18050948300504563,0.0
4395,40557.810000000005,0.13587487618579114,0.0
4396,40415.17,0.10769786452343443,0.0
4397,40403.02,0.10201847629304138,0.0
4398,41103.44,0.10234144579541352,0.0
4399,43541.880000000005,0.11276178257006168,0.02320422086622646
4400,46322.91,0.09680719994859083,0.14070688965914116
4401,49023.52,0.09205295591881779,0.25515746976466286
4402,51343.469999999994,0.08378537984094171,0.44617165500305284
4403,53163.99,0.08007649336001295,0.5852585983455674
4404,54173.4,0.0867114946120045,0.6855964257943776
4405,54533.08000000001,0.08918445491833249,0.8363436878105348
4406,54602.33000000001,0.15762185866455716,0.8566792308604712
4407,54613.43,0.2548583919996632,0.8302373138983702
4408,54176.090000000004,0.35179466895349026,0.6569821333649629
4409,53045.75000000001,0.37814798318564286,0.5400538590965196
4410,51679.659999999996,0.3964553127652173,0.38964266729926916
4411,50580.54,0.44757036081731794,0.25165838572074956
4412,49586.31,0.3912977723414016,0.11487451181956759
4413,47815.100000000006,0.3436755591305639,0.0008149153674148068
4414,45582.89000000001,0.2882062395713535,0.0
4415,43278.55,0.2674774696918328,0.0
4416,41293.12999999999,0.2537908753082891,0.0
4417,39836.13,0.2514896483565673,0.0
4418,38871.81,0.20698522649967546,0.0
4419,38329.75000000001,0.1814639880695177,0.0
4420,38181.14000000001,0.16086097132385369,0.0
4421,38170.38,0.14566533933402914,0.0
4422,38452.89,0.131072989999579,0.0
4423,40303.130000000005,0.11634103806719094,0.028761460433772184
4424,42964.46000000001,0.11896412656415847,0.17393171404597782
4425,46014.270000000004,0.13910401723094926,0.31471438424467646
4426,49398.100000000006,0.16649714922631353,0.4954981966428119
4427,52597.42,0.15648509465277732,0.6484617648738525
4428,54995.21,0.16197169834316094,0.7579426791605709
4429,56505.97000000001,0.14809287339817098,0.8569505032267128
4430,57559.89,0.23615385979024153,0.8785106158651499
4431,57951.31000000001,0.34912006045014093,0.8522784682226935
4432,57254.799999999996,0.4552845123105117,0.7477276820819654
4433,55417.00000000001,0.5065031543539392,0.6153950911782662
4434,53186.39000000001,0.5524612159607871,0.4452875487082161
4435,51292.01999999999,0.5890005340353349,0.272538670040548
4436,49699.600000000006,0.5020724338051015,0.12454916070306755
4437,48018.87,0.39417181312751925,0.0004931226414679896
4438,46065.130000000005,0.3095859342626878,0.0
4439,43560.969999999994,0.2666404080827689,0.0
4440,41495.45,0.24242101927623816,0.0
4441,40160.89,0.23398337177944561,0.0
4442,39339.490000000005,0.18787795187477432,0.0
4443,39147.97999999999,0.16267248122566652,0.0
4444,39529.619999999995,0.14933323140127774,0.0
4445,39815.420000000006,0.13552143786244047,0.0
4446,40421.21,0.1274959504167027,0.0
4447,42646.09,0.1275962205366501,0.02375445347953487
4448,45789.96000000001,0.1266677524646506,0.1516643163716717
4449,49517.23000000001,0.14412472494964332,0.2759191410660232
4450,52818.43,0.17358198107166048,0.3767720565300857
4451,54905.270000000004,0.20405080205016388,0.4948491198474721
4452,56111.189999999995,0.2479829640512232,0.5803482390359833
4453,57417.450000000004,0.30328553606289654,0.7770964851008866
4454,58705.98,0.341105652575668,0.7964238174941015
4455,59361.57,0.38512811308253625,0.7721652586862066
4456,58760.159999999996,0.4291173348756097,0.7510960721518591
4457,56911.20999999999,0.44518049729547665,0.618256081113732
4458,54778.52,0.468085294971426,0.4474225830400954
4459,53240.53,0.4854774519645189,0.27035311534896367
4460,51910.46,0.4469659702048171,0.12394181811791889
4461,49230.42999999999,0.4110631734994383,0.0007896551875623263
4462,46101.759999999995,0.3738524334062369,0.0
4463,43269.88,0.32807053698250094,0.0
4464,41302.52,0.29225360695442526,0.0
4465,39966.909999999996,0.26634569148712217,0.0
4466,39245.77999999999,0.21717400023488698,0.0
4467,39154.83,0.18921193225506955,0.0
4468,40199.62,0.17767034286841235,0.0
4469,41616.99,0.12928086934747973,0.0
4470,42945.1,0.1042000438751022,0.0
4471,44824.56999999999,0.09843977477447537,0.026614345146311346
4472,47058.94,0.0945824220385968,0.177993111658781
4473,49691.58,0.10801584821873737,0.3254455676072238
4474,52618.91,0.12703282433782942,0.5072496716176617
4475,55568.46,0.1384226235981572,0.6657287452060567
4476,57998.51,0.15891872248111488,0.7798663187351456
4477,59946.03,0.18317744376563605,0.7967159569654391
4478,61140.34,0.25089412140107825,0.8174842178789353
4479,61675.759999999995,0.345911416611823,0.7934387231967523
4480,61313.48,0.4341325028086715,0.7274865901393043
4481,59842.899999999994,0.4256488750911295,0.5989331417952736
4482,57437.07000000001,0.4195401534742211,0.4332889632782879
4483,55261.51,0.4093203569394678,0.2573770707856134
4484,53780.72000000001,0.3587315885224506,0.11774538617323643
4485,50700.060000000005,0.3061629007203938,0.0006358975710689665
4486,47177.23,0.2665562033411554,0.0
4487,44084.560000000005,0.2241629937887925,0.0
4488,41859.85999999999,0.1636840460821528,0.0
4489,40353.39000000001,0.12253784227565537,0.0
4490,39452.89,0.07858684500344573,0.0
4491,39384.0,0.052327707127045014,0.0
4492,40193.54000000001,0.04003824668000647,0.0
4493,41458.18,0.041085266164540515,0.0
4494,42654.280000000006,0.053133745936567243,0.0
4495,44403.33,0.08110578553052311,0.026797756017414128
4496,46854.47000000001,0.09668310875042378,0.18247624444825175
4497,49755.40000000001,0.12121494146662502,0.33381876809397654
4498,52530.219999999994,0.15296511486191536,0.4200723978719943
4499,55119.25,0.09775394931317738,0.5523248151613792
4500,57828.840000000004,0.08143207890427474,0.6482574868976541
4501,59829.55,0.07748664357684018,0.7042329471820612
4502,61473.94,0.06550851908234559,0.7212132793863749
4503,62276.21999999999,0.06975421079105927,0.6981573247931954
4504,62503.54,0.08635417843871114,0.742393391058335
4505,61490.87,0.08833132793093439,0.6101135170517192
4506,59347.729999999996,0.10733279265025564,0.4405342418211926
4507,56888.71,0.16037956395239328,0.2651176685073648
4508,55249.9,0.14597224345806717,0.12153551141979775
4509,52167.979999999996,0.14038038384066698,0.0007435279026143183
4510,48667.81999999999,0.13578457767998214,0.0
4511,45510.740000000005,0.12788318143241134,0.0
4512,43098.21,0.1369002905063586,0.0
4513,41359.91,0.16330567872345614,0.0
4514,40323.759999999995,0.12095013971339365,0.0
4515,40097.979999999996,0.10029227908996835,0.0
4516,40960.840000000004,0.09881315632610281,0.0
4517,42305.31999999999,0.08670484686924558,0.0
4518,43646.50000000001,0.10174093303285536,0.0
4519,45831.090000000004,0.14035213093394147,0.026221164955564043
4520,48587.07,0.09714900472211327,0.18673972349987472
4521,51698.619999999995,0.06408922600331059,0.34252913706832555
4522,54683.47,0.052758148470686786,0.5275731337120161
4523,57567.18,0.04972123798697486,0.6932052312734203
4524,60025.42,0.08553595210079752,0.8125529914642553
4525,61734.71,0.15623691225644334,0.8782096902442982
4526,62519.4,0.17563834949842777,0.9009383607680846
4527,62765.15000000001,0.20916845601742598,0.8744514147897248
4528,62033.829999999994,0.2703803173632392,0.7952816180572941
4529,60525.35,0.29253059623604805,0.6546702777741163
4530,58726.74,0.3301158258380034,0.47367230298157953
4531,56859.729999999996,0.37375437920054255,0.2719236395745744
4532,55222.479999999996,0.391960330703043,0.12466008584068072
4533,52314.0,0.4196132786445696,0.0007050884984909784
4534,48944.509999999995,0.42800549989917597,0.0
4535,45981.28999999999,0.43493521774681404,0.0
4536,43705.69,0.4049345086542532,0.0
4537,42057.58,0.38863313545219064,0.0
4538,41188.26,0.31410473740308154,0.0
4539,41122.49,0.25880271936997123,0.0
4540,41909.91999999999,0.23013986850764828,0.0
4541,42919.479999999996,0.2296285462937728,0.0
4542,43572.99,0.23501709577846192,0.0
4543,44981.090000000004,0.23903122444773886,0.02340740057373555
4544,46745.75000000001,0.2685915205825196,0.1795471618540532
4545,48509.92,0.29237714417402894,0.3313904960220706
4546,50175.63,0.3011444089159526,0.5042678721263799
4547,51918.52999999999,0.3474271019608626,0.6620484468284193
4548,53285.49999999999,0.40835588026085734,0.7753502378849978
4549,53227.670000000006,0.45806049889093503,0.857586400797782
4550,53171.46000000001,0.5043731067782602,0.8811541486001462
4551,53706.48999999999,0.517179429224807,0.8564211377185
4552,53990.07,0.5412996558685166,0.8086618254982842
4553,53597.28,0.5794499436049823,0.666085682530059
4554,52466.04,0.6019387033799342,0.48223550395157044
4555,51467.759999999995,0.6119114254754798,0.2843165034639395
4556,50893.08,0.6674876628973966,0.12941778580246094
4557,49065.509999999995,0.6242285848506807,0.0006523716014075409
4558,46655.939999999995,0.5044046835563651,0.0
4559,44392.26,0.5523199514271595,0.0
4560,42524.2,0.6272339185562877,0.0
4561,41288.45999999999,0.68657998010109,0.0
4562,40493.14,0.6493243677442657,0.0
4563,40146.329999999994,0.5976265342436311,0.0
4564,40318.85999999999,0.5461015420547288,0.0
4565,40701.990000000005,0.5350563174607396,0.0
4566,41426.69,0.5160288157489459,0.0
4567,43702.93,0.4920138450322528,0.023884049184864965
4568,46763.33000000001,0.50889467981147,0.18746348256608278
4569,49987.97000000001,0.5276402064345719,0.34644226840808123
4570,53098.87,0.516726274760072,0.5363966243613565
4571,56201.049999999996,0.5688157711049213,0.7024845034287943
4572,58598.61000000001,0.5779990737478422,0.8204868844753126
4573,60474.04,0.5896038166907093,0.9058102806735457
4574,61989.16999999999,0.604181208603952,0.9278382557735978
4575,62615.369999999995,0.6036482812261098,0.8990789918772044
4576,62621.299999999996,0.599962107866274,0.8335738541762759
4577,61751.31,0.6178606012661735,0.6854228993414777
4578,60161.52999999999,0.6235200462682896,0.4949238021183403
4579,58011.479999999996,0.5985782694152867,0.28635708668854404
4580,56365.08,0.6291772753561526,0.12964732395851164
4581,53771.149999999994,0.6096556247659441,0.000602949510391818
4582,50847.18,0.5096165138793793,0.0
4583,48195.03999999999,0.44956800751638115,0.0
4584,45898.87000000001,0.3944975525227076,0.0
4585,43980.990000000005,0.3614388817610314,0.0
4586,42337.78,0.3056089221571482,0.0
4587,40770.579999999994,0.2692263800159989,0.0
4588,40119.630000000005,0.25144034426443834,0.0
4589,39673.22,0.23674717083147762,0.0
4590,39728.439999999995,0.22900642836724794,0.0
4591,41353.95,0.22472638998761307,0.022722080911650854
4592,44042.59,0.24300325074620913,0.18675290272414552
4593,47147.689999999995,0.2514536397499564,0.3457415729843473
4594,50720.24999999999,0.25913344457222887,0.535131418831354
4595,54137.27,0.21964862247690467,0.7027250242717376
4596,57125.979999999996,0.23588850405844702,0.8226482772557338
4597,59588.340000000004,0.2702639818649578,0.8997588201958429
4598,61283.31,0.2854884207400711,0.9217121130250266
4599,62554.51,0.31594228429736687,0.8932669539737554
4600,63153.01999999999,0.35003523303662243,0.7286584428307215
4601,62383.38,0.3448267265849882,0.598177532937078
4602,60315.310000000005,0.35006293196478483,0.43092219425297923
4603,58078.16,0.378020014137533,0.23140740935988505
4604,56312.5,0.37836791267525133,0.1034206676595015
4605,53130.11,0.39138031514732513,0.0005535274193760952
4606,49355.21000000001,0.3645444855865859,0.0
4607,46142.9,0.3435813827748122,0.0
4608,43825.299999999996,0.3388105193881418,0.0
4609,42355.259999999995,0.3523497554738621,0.0
4610,41449.48000000001,0.334401957981834,0.0
4611,41404.44,0.3272417850518856,0.0
4612,42237.630000000005,0.33311617373654107,0.0
4613,43555.31,0.2786960895761178,0.0
4614,44744.03,0.236502312306523,0.0
4615,47033.15,0.1929368841143323,0.020925313336057013
4616,49923.329999999994,0.16323809333874018,0.17865756421577011
4617,53269.04,0.15873701751237035,0.33224385079360863
4618,56537.740000000005,0.17587822221631313,0.5410379078420776
4619,59314.56,0.18750180043033057,0.7120603081302631
4620,61278.29,0.2482167430049127,0.8352629914203248
4621,62247.560000000005,0.2906841856847508,0.8532713031177646
4622,61550.450000000004,0.3376056160130828,0.87539592586247
4623,60209.340000000004,0.41700570154737293,0.8494658021095539
4624,59062.16,0.5154737292285738,0.6650851597541632
4625,57759.86999999999,0.5696561565853647,0.5468565353576614
4626,56041.850000000006,0.6054952457559704,0.39470568595665767
4627,54310.30000000001,0.6483970076293928,0.2660149540264725
4628,52950.68,0.6384503225263195,0.11946637320927284
4629,49852.03,0.5193787241208916,0.0005084984031173256
4630,46313.369999999995,0.36606404878556825,0.0
4631,43311.69,0.3450898664025297,0.0
4632,41134.57,0.3219573835370867,0.0
4633,39679.509999999995,0.30665427970599246,0.0
4634,38809.049999999996,0.2890305596734629,0.0
4635,38713.29,0.2764907009158375,0.0
4636,39680.8,0.2687106259736174,0.0
4637,41166.969999999994,0.25096669259286347,0.0
4638,42540.28,0.23769281223893757,0.0
4639,45202.58,0.22919865892869407,0.021057105578765625
4640,48873.66,0.29121600510546647,0.1909329133553864
4641,52925.88,0.3933114844187988,0.35575888169888964
4642,56861.72000000001,0.4819956966945208,0.5478076360425422
4643,60221.04000000001,0.5457608452383329,0.7205312545303578
4644,63212.9,0.5681925452212703,0.8444082747956118
4645,64651.65000000001,0.5737051859041264,0.9111379820850409
4646,63946.409999999996,0.6335492741772865,0.9348704701907906
4647,63185.73,0.6543461834200862,0.9072676832241648
4648,62044.83000000001,0.6544503313899763,0.8265021020862703
4649,60185.06,0.676503110035654,0.680498262538933
4650,57919.32,0.6877804516476431,0.49188818746128565
4651,55865.899999999994,0.6861971809138873,0.2860913056657483
4652,54313.34,0.7481613451485885,0.128878535876045
4653,51313.5,0.6656063516966151,0.0004601745807908411
4654,47593.43,0.4990504807425972,0.0
4655,44224.53999999999,0.5326265674823447,0.0
4656,41856.689999999995,0.5726060924346474,0.0
4657,40066.95,0.5857220888980483,0.0
4658,39059.700000000004,0.5866012528779188,0.0
4659,38801.50000000001,0.6147106791555597,0.0
4660,39643.06,0.6419431573675827,0.0
4661,41007.06,0.587741340761078,0.0
4662,42450.950000000004,0.5105743428152305,0.0
4663,45187.729999999996,0.4173347648139408,0.01917906612016815
4664,48805.22,0.5255616788652747,0.18752718215005848
4665,52482.76,0.5964177530186292,0.35090892716721356
4666,55865.96000000001,0.5854694746732082,0.5489739973905133
4667,58873.98999999999,0.6015320831145119,0.7223071550008561
4668,61378.69,0.5927343495516099,0.8465136558728816
4669,62789.840000000004,0.5876936986046389,0.9203974854040089
4670,63633.52,0.6330567872345612,0.9438103773211904
4671,63958.619999999995,0.6582456385267716,0.9151148130087725
4672,63256.350000000006,0.6510782638755009,0.8288315299761451
4673,61487.44999999999,0.6823193309711687,0.681685490992
4674,59236.37000000001,0.7023982839960026,0.49210454639306545
4675,57075.64,0.713532145160111,0.28431211038918247
4676,55140.54,0.8008142376922582,0.127329977024219
4677,51902.15000000001,0.8806364548917417,0.00037121481696254
4678,48421.66,0.8248197907733763,0.0
4679,45331.96,0.7896161150148137,0.0
4680,43093.759999999995,0.7503512224090979,0.0
4681,41568.81,0.7070029538136996,0.0
4682,40721.04,0.6785805296478248,0.0
4683,40624.6,0.652170155623658,0.0
4684,41536.649999999994,0.6283590490182394,0.0
4685,43077.340000000004,0.6440792987074574,0.0
4686,44304.94999999999,0.6507636040515777,0.0
4687,46856.16,0.6335647855770573,0.017898484828516324
4688,50173.0,0.6724252738316039,0.18703515777727975
4689,53566.63,0.6877161901343068,0.35119667356379386
4690,56872.78999999999,0.6616891692759058,0.5464984997649704
4691,59937.92,0.6551721654578854,0.7184632145885218
4692,62687.48,0.6285961518433084,0.8411057808470718
4693,64427.72000000001,0.5872881862963432,0.9128468881654952
4694,65279.350000000006,0.5850894453788218,0.9353097776664859
4695,65836.67000000001,0.5770229635194035,0.906017853455812
4696,65409.86,0.5694578322597228,0.8208306425750443
4697,64038.85,0.6113962254116614,0.6741974950687731
4698,61930.60999999999,0.6577010775991012,0.48576424125009315
4699,59736.3,0.6863140703907322,0.2810568419942801
4700,58219.909999999996,0.7469569957520924,0.1246534962285453
4701,55087.19,0.7105905189892776,0.0002537000672140436
4702,51675.17,0.6285352142013513,0.0
4703,48466.56,0.6761053534272438,0.0
4704,46117.310000000005,0.7217897496238485,0.0
4705,44299.159999999996,0.7411806612731314,0.0
4706,43116.68,0.6962280707585741,0.0
4707,42752.94,0.6561017414870116,0.0
4708,43369.689999999995,0.6214924847268111,0.0
4709,44493.58,0.6615301774282543,0.0
4710,45572.63,0.6939240739140355,0.0
4711,47976.98,0.6923718259798218,0.014270903347962265
4712,51418.89,0.6738645101389158,0.16646678176522517
4713,55031.18,0.6568401949118176,0.3146177366000237
4714,57998.48999999999,0.6194455339356189,0.49598582794083396
4715,60388.32,0.5923365929431996,0.6526933941334878
4716,62414.37999999999,0.5328060565368364,0.764523505146487
4717,64021.1,0.47416520970304543,0.8583540906115592
4718,65260.01,0.41349181552070674,0.8792398662748041
4719,65864.54000000001,0.36655764368541993,0.851930317048205
4720,65379.84999999999,0.34440681083404795,0.8119137990871188
4721,63988.05999999999,0.3590562199605125,0.6668621584933505
4722,61950.87,0.3942770690545359,0.48042995022646257
4723,59791.77,0.452976637616031,0.2802298456712835
4724,58178.770000000004,0.46569376951389485,0.12375840724681604
4725,55280.469999999994,0.49679966584013074,0.0002438156490108991
4726,52125.02,0.5280507045499367,0.0
4727,49148.03,0.5405722820149752,0.0
4728,46739.67999999999,0.5490431682255626,0.0
4729,44971.14000000001,0.5657982498709229,0.0
4730,43606.99,0.5700300921155557,0.0
4731,42691.19,0.588718558946643,0.0
4732,42359.030000000006,0.6147311763623994,0.0
4733,42332.23,0.5932429018726696,0.0
4734,42792.35,0.5576769241337437,0.0
4735,45598.63999999999,0.5041321261032485,0.014758534645984065
4736,49588.36,0.49015690888825364,0.18138786017721653
4737,53432.34,0.4983973400165307,0.3435988507716434
4738,57046.18000000001,0.5034219255851676,0.5386920059218645
4739,59987.42999999999,0.38893560774772273,0.7088918029618108
4740,62404.06,0.32095357438048583,0.8301296835668249
4741,64196.31999999999,0.29212951575625834,0.9115553241869512
4742,65535.240000000005,0.28668723035093435,0.9345728393760073
4743,66356.33,0.3097681932099956,0.9057729395381117
4744,66381.32,0.36142724821120326,0.7788877613330343
4745,65057.23,0.35580325783713485,0.6388815670976267
4746,62622.68,0.3599747164183736,0.45941348058919906
4747,60039.54000000001,0.3878409461067496,0.26437523887343983
4748,57992.11,0.3909454419751774,0.11547087171782394
4749,54888.33000000001,0.3949983491438816,9.774591334220729e-05
4750,51795.66999999999,0.36214354249347974,0.0
4751,48830.51,0.3511487299487458,0.0
4752,46323.520000000004,0.3363009964966397,0.0
4753,44417.759999999995,0.3331128498651616,0.0
4754,43043.79000000001,0.2973734768359405,0.0
4755,42105.07,0.301185957308196,0.0
4756,41518.01999999999,0.3324491835463936,0.0
4757,41127.21,0.26696559349939397,0.0
4758,41460.920000000006,0.209389493464161,0.0
4759,44096.929999999986,0.15985328431731008,0.013011189161405949
4760,47584.53999999999,0.17974388463064034,0.17628750038439406
4761,51394.70999999999,0.21826921585442327,0.3359318370520707
4762,55233.12,0.2802677267600453,0.5106103738067306
4763,58975.689999999995,0.1817431932653934,0.6739240261651528
4764,61992.590000000004,0.15798360666635647,0.7912674459981281
4765,64043.59,0.17568155982636094,0.8074108974612415
4766,65255.6,0.19601977481879365,0.8286261537312577
4767,65591.04,0.23362882549896857,0.8037020440976835
4768,65190.14000000001,0.28280993438677915,0.6358898831881419
4769,64262.079999999994,0.28536266760621437,0.5217852577197304
4770,62747.74,0.3019221948187494,0.37512575176491747
4771,60685.340000000004,0.35476177813823334,0.20946619748628253
4772,58831.189999999995,0.328943607198176,0.09112005834003277
4773,55558.22,0.3041890750995499,9.115630120677758e-05
4774,51850.32,0.2583268517841434,0.0
4775,48501.37,0.2721735459724651,0.0
4776,45994.990000000005,0.30088403899122723,0.0
4777,44272.590000000004,0.3378072642101042,0.0
4778,43315.4,0.2864889060252924,0.0
4779,43180.32,0.2550894010605367,0.0
4780,44116.2,0.23871711860237851,0.0
4781,45284.8,0.16569166439535457,0.0
4782,46326.310000000005,0.11956242341246368,0.0
4783,48665.71000000001,0.09439905513416254,0.010969507668111982
4784,51582.770000000004,0.08018618111553558,0.16878852177427495
4785,54434.70999999999,0.08803494939959804,0.32353787489401686
4786,57140.13000000001,0.10485318460116873,0.46657309417434334
4787,59692.58000000001,0.09459904139549416,0.6172149223963344
4788,62014.48000000001,0.15456777484538464,0.7259402278248565
4789,64075.75,0.2721436311300498,0.8236663723306572
4790,64971.67,0.3125835122684092,0.8456877578185744
4791,64321.799999999996,0.3717938490652167,0.8212413950648191
4792,62847.24,0.4470717801103969,0.7283333552987066
4793,60808.060000000005,0.4706696049689662,0.5982500186705675
4794,58599.639999999985,0.4828349742178377,0.43047519889645947
4795,56386.189999999995,0.49591939390313355,0.27101427309988535
4796,54545.9,0.4903851480563107,0.11905562071949771
4797,51457.07000000001,0.395340153917404,1.537576164933598e-05
4798,47860.11000000001,0.2855992164527203,0.0
4799,44877.630000000005,0.23550736680693404,0.0
4800,42749.490000000005,0.2024913523946278,0.0
4801,41308.14,0.18643649965320938,0.0
4802,40376.61,0.18036821847141815,0.0
4803,40255.189999999995,0.18274090865779863,0.0
4804,41158.67,0.1956735382167652,0.0
4805,42652.86,0.1570313175161375,0.0
4806,43654.979999999996,0.12812582404311287,0.0
4807,45567.840000000004,0.10916092190896584,0.009739446736165098
4808,48085.40000000001,0.070741954569326,0.17226783698178172
4809,51258.30999999999,0.05071341359374759,0.3322416542562302
4810,54747.21,0.04380862478145548,0.5130320562665012
4811,57536.21000000001,0.030898154365018696,0.6782808580553611
4812,60167.700000000004,0.022912553375834567,0.7971113336935651
4813,62072.820000000014,0.026583769314462605,0.8831760612570337
4814,63699.9,0.06352859969730612,0.906201264326915
4815,64571.53999999999,0.14246888302410246,0.8789312527731277
4816,64369.170000000006,0.2873614222624042,0.7838881786751362
4817,62972.15,0.3760827511018634,0.6445189802794871
4818,60333.240000000005,0.4984322406660153,0.4644973663516829
4819,57820.38,0.5822397796494867,0.25846545505664853
4820,55676.01,0.4886944054812856,0.1131370507531926
4821,52139.840000000004,0.3581044847888567,0.0
4822,48443.65,0.26463334374813025,0.0
4823,45184.49999999999,0.22244787615698425,0.0
4824,42710.63999999999,0.20136622193267611,0.0
4825,41111.659999999996,0.19322329103153027,0.0
4826,40161.67999999999,0.15181837923599711,0.0
4827,40007.1,0.12676026688471265,0.0
4828,40793.479999999996,0.10947391979719955,0.0
4829,42153.200000000004,0.0869624469011547,0.0
4830,43214.64,0.07302490022846077,0.0
4831,45636.35,0.0667245020286695,0.009642799091512135
4832,49088.52999999999,0.04349008710758928,0.1751991161133588
4833,53129.820000000014,0.0452257019462375,0.3387027689550192
4834,56551.85999999999,0.06919192254936501,0.5357596285215984
4835,59028.98000000001,0.07987927699149752,0.7091257341926183
4836,60913.520000000004,0.1085509915108325,0.8341526417755049
4837,61744.439999999995,0.1534708972901585,0.9051798744459231
4838,61798.64,0.18407987484516303,0.9303532910719536
4839,62359.28,0.23989376907071217,0.9036346104001646
4840,62453.86999999999,0.30890010880138974,0.8095832729285547
4841,61239.35,0.28175682113804923,0.6649951017216454
4842,58810.39,0.2594785732171307,0.4786694255176138
4843,56657.91999999999,0.25446949904826477,0.2776082783100716
4844,54671.579999999994,0.22594403486962672,0.12060088476525604
4845,51288.020000000004,0.20494547742980537,0.0
4846,47596.490000000005,0.18586922560444608,0.0
4847,44359.450000000004,0.18197032447632408,0.0
4848,42049.27,0.17899933744163837,0.0
4849,40351.23,0.1819742023262669,0.0
4850,39407.59,0.14989607362153515,0.0
4851,39213.07,0.13668756273807223,0.0
4852,40141.34999999999,0.13803483860388543,0.0
4853,41605.310000000005,0.1298669786673935,0.0
4854,42819.579999999994,0.1243609857272963,0.0
4855,45309.310000000005,0.12127089330151285,0.00940996612939362
4856,48708.87999999999,0.13198650065037087,0.1764225874331703
4857,52851.49,0.1615141120499201,0.341638441161353
4858,56814.84,0.2126540891373668,0.535782692164072
4859,60220.52,0.2715359166461695,0.7099582218590611
4860,63049.26,0.3438085139857428,0.8358231084518357
4861,65049.740000000005,0.435977251424279,0.8666075798111852
4862,65893.62,0.4622325114507372,0.8904817445778475
4863,66225.87000000001,0.49822172881198196,0.8649261304479611
4864,65211.65000000001,0.5373276295700462,0.707353128528188
4865,63267.009999999995,0.5440540372849733,0.5804240195755411
4866,60880.67,0.5576176484274767,0.4174574201229181
4867,58841.32,0.5797152993367768,0.24328628350268625
4868,57175.200000000004,0.58186141229079,0.10449477443757656
4869,54118.75999999999,0.5609426277640761,0.0
4870,50549.64000000001,0.5170021560845683,0.0
4871,47571.47,0.5557103002342224,0.0
4872,45199.159999999996,0.582804837783997,0.0
4873,43623.990000000005,0.5946084590310693,0.0
4874,42749.270000000004,0.5527775377204005,0.0
4875,42408.95,0.5308205973661645,0.0
4876,43192.170000000006,0.5254337098171652,0.0
4877,44379.369999999995,0.534036996904368,0.0
4878,45635.06999999999,0.5367293327217411,0.0
4879,48397.67,0.5283055346890297,0.008194182690406837
4880,52315.079999999994,0.5690451182301052,0.1653597269264729
4881,56271.2,0.6101209667590703,0.32127983446894287
4882,59705.97,0.614245337162433,0.47306056732167395
4883,62722.41999999999,0.5951413864089117,0.6249533235807067
4884,65429.19999999999,0.5737085097755058,0.7334271254793936
4885,67440.68000000001,0.5771741996671697,0.7924371021521667
4886,68670.32,0.5994674050092959,0.8116622955572833
4887,69275.06000000001,0.6289263230670025,0.785841998673291
4888,69104.91,0.6284338361242772,0.7662236250774273
4889,67772.34,0.6535933265526356,0.6269796293123515
4890,65260.97999999999,0.674844498217297,0.4486218924487437
4891,62434.72,0.6813332491285918,0.27160843646076316
4892,60323.34,0.7101224071033347,0.11518202705255431
4893,57169.840000000004,0.7034375477806512,0.0
4894,53823.03,0.6360599050259151,0.0
4895,50521.43000000001,0.6711123446367118,0.0
4896,47978.090000000004,0.6999181219683526,0.0
4897,46078.56,0.7049449234512423,0.0
4898,44670.36000000001,0.7047133604118055,0.0
4899,43750.229999999996,0.7046490988984689,0.0
4900,43435.01999999999,0.7088111398441328,0.0
4901,43295.97,0.6687385464932053,0.0
4902,43756.22,0.6005343677221067,0.0
4903,46562.21000000001,0.5099671823099133,0.007318862545083927
4904,50628.240000000005,0.5578724785665695,0.1732947182062196
4905,54809.71000000001,0.6078313733571766,0.33850178578488854
4906,58788.15,0.6050681282837079,0.5365734456203236
4907,62284.07,0.5648165998568521,0.7095222091894331
4908,65071.310000000005,0.5130212661290859,0.8329851821588445
4909,67294.53000000001,0.4582765505306007,0.9181855722638824
4910,68735.3,0.4266249853195683,0.9416017589871319
4911,69695.49,0.40045614594897644,0.9121780425337491
4912,69757.32999999999,0.3823881351087238,0.7897199854149914
4913,68746.89000000003,0.3929309011458493,0.6468022808844132
4914,66347.15000000001,0.41422528313844376,0.4630476516818884
4915,63314.35999999999,0.45839842581451484,0.25613273236070633
4916,60708.420000000006,0.47865686789384015,0.10735576437304231
4917,57213.46,0.4993180523886447,0.0
4918,53828.82,0.46420190524307486,0.0
4919,50382.78999999999,0.4804318152104786,0.0
4920,47464.46000000001,0.5029416261708338,0.0
4921,45317.04,0.5394022792894005,0.0
4922,43602.36000000001,0.4885115925554146,0.0
4923,42328.32000000001,0.46295434551864595,0.0
4924,41500.58,0.45048761193136894,0.0
4925,40867.71,0.40536273408364193,0.0
4926,41025.29000000001,0.34392097163408153,0.0
4927,43932.29,0.284425335877203,0.006242559229630406
4928,48144.119999999995,0.3064969497940308,0.17076430714621463
4929,52486.53,0.3597287499362925,0.33504773075723404
4930,56895.090000000004,0.3837902548522983,0.5323890419143259
4931,61059.45,0.30439792501789353,0.7039693626966447
4932,64579.82000000001,0.2420653650386345,0.8261286907319296
4933,67249.56999999999,0.21662112962876792,0.9099496553632845
4934,69084.65000000001,0.2155768800370501,0.9340654392415786
4935,70213.27,0.23988656734938993,0.9056718988187016
4936,70642.18,0.28953966597308567,0.8245416924759803
4937,69755.81999999999,0.28395334614131773,0.6755571517060504
4938,67390.59,0.2907456773052711,0.4838126177893165
4939,64515.08999999999,0.31970269078467745,0.2629419982339838
4940,62071.259999999995,0.3478664069615161,0.1093721856864838
4941,58206.26,0.3458399533771641,0.0
4942,54078.060000000005,0.32524580028851213,0.0
4943,50347.939999999995,0.33026706198576944,0.0
4944,47482.37,0.34169120791701857,0.0
4945,45425.420000000006,0.367257318610799,0.0
4946,44070.05,0.33714581380558895,0.0
4947,43585.09999999999,0.3280982359106634,0.0
4948,44145.060000000005,0.32973635052218025,0.0
4949,45231.06999999999,0.287189688907798,0.0
4950,46215.71,0.24605955047963454,0.0
4951,48985.97000000001,0.20588945690157567,0.005237643378977379
4952,52675.84,0.15275183311506577,0.16978355320672478
4953,56913.26,0.12150578021232891,0.3347555912858967
4954,61394.259999999995,0.11155909510925566,0.5310930848610246
4955,65737.0,0.08722392478300661,0.7032642741981535
4956,69377.05,0.09298807173357622,0.8262066678088654
4957,71364.03999999998,0.13036888324569393,0.9123570603300952
4958,72623.03,0.15612113073672498,0.9367518044554559
4959,73098.06999999999,0.21903813810020814,0.9084021947801484
4960,73014.59,0.3123624748216744,0.8339999824277006
4961,72219.90000000001,0.3242442070461643,0.6828858986693372
4962,70045.00999999998,0.339070335334304,0.4886109536925987
4963,67059.33,0.35542101262849546,0.2676140332380035
4964,64340.30000000001,0.29616746550375495,0.11058137951333513
4965,60069.23999999999,0.23357675151402335,0.0
4966,55622.65000000001,0.1862813856555007,0.0
4967,51943.280000000006,0.19059798662030977,0.0
4968,49048.05,0.20011367640117803,0.0
4969,46877.74,0.22119422266835959,0.0
4970,45458.89,0.17382406970379877,0.0
4971,44916.42999999999,0.15101067849078514,0.0
4972,45448.52,0.14228939396961096,0.0
4973,46471.5,0.11104389504543734,0.0
4974,47336.29000000001,0.08833742169513008,0.0
4975,49870.88,0.07679749424416271,0.004610531957422317
4976,53481.389999999985,0.06486978179892351,0.16858534206676587
4977,57822.29,0.06766017182199117,0.33455131330969845
4978,62089.19,0.0806869777367095,0.5262288528363883
4979,66077.69,0.05411871982201776,0.6979805035342281
4980,69427.94,0.05143136981171376,0.8210019724905651
4981,71323.94,0.0661766172296197,0.8985254644578281
4982,72325.91,0.07812427290313573,0.9228982432094045
4983,72374.15000000001,0.11130426497016271,0.895251525495209
4984,72012.3,0.1795981882685067,0.8174402871313663
4985,70642.87,0.20119725847088624,0.6693519336118536
4986,67916.02,0.22068899421867977,0.47884844331395965
4987,65094.26,0.23724575153839855,0.26768102762804696
4988,62414.26999999999,0.23034982638311832,0.11017941317307388
4989,58182.369999999995,0.23910933542515628,0.0
4990,53964.92,0.26000873070215674,0.0
4991,50338.009999999995,0.25278817410881466,0.0
4992,47528.77,0.25294771993502935,0.0
4993,45517.62000000001,0.25794183668268783,0.0
4994,44054.280000000006,0.20305142472206894,0.0
4995,43613.61,0.16857733873130043,0.0
4996,44271.85999999999,0.146770526567704,0.0
4997,45466.590000000004,0.12805048295851143,0.0
4998,46419.66999999999,0.11637150688816947,0.0
4999,49044.420000000006,0.1046559682326533,0.004173421019105479
5000,52807.92,0.09231498777923292,0.13826543836296454
5001,57222.08,0.08391999663181034,0.275686308103905
5002,61817.00000000001,0.07894083730535963,0.3785995756289781
5003,65654.95,0.09187845267139547,0.5038098940829673
5004,68727.23999999999,0.12934069903231024,0.5945982752788501
5005,70821.13999999998,0.1655443060975313,0.825482908742658
5006,71909.31999999999,0.21877721419691942,0.8468189745684899
5007,72036.26999999997,0.29585114374414173,0.8203045718728991
5008,70979.48999999999,0.3985454738843427,0.728168614995321
5009,68794.48,0.4602071658235114,0.5966915754005381
5010,66236.56999999999,0.5166226807687451,0.4270156525253589
5011,63861.69,0.5748004015236626,0.19467910785437828
5012,61467.79000000001,0.465260558277437,0.0786041883574732
5013,57768.420000000006,0.33180435249877577,0.0
5014,53737.78,0.21138381629184474,0.0
5015,50239.64,0.20690766950082104,0.0
5016,47529.11,0.21488329887586669,0.0
5017,45635.21,0.23456172539947387,0.0
5018,44350.3,0.19746565886886452,0.0
5019,43892.63,0.1740877634999036,0.0
5020,44540.23,0.156283446455756,0.0
5021,45761.5,0.13179039223898198,0.0
5022,46769.399999999994,0.11492617681666191,0.0
5023,49644.86,0.10597111334179812,0.0038505300244694243
5024,53699.94,0.06970546067749363,0.16307532805285735
5025,58304.47,0.05870677028281716,0.3279935509662567
5026,62790.46,0.05932833423077859,0.5235402910851329
5027,66441.08999999997,0.04694912925649429,0.6975422943272224
5028,69505.46,0.061879959493087486,0.8235675281486262
5029,71367.84999999999,0.09643437237552656,0.8940247593693297
5030,72280.56,0.13570535874543802,0.9180691557828234
5031,72283.04999999999,0.20059729968689133,0.8900226682657453
5032,71335.85999999999,0.2825307291909033,0.7835224552016196
5033,69131.22,0.29408506008451507,0.641264810153274
5034,66786.5,0.288479904981597,0.4584052699324781
5035,64419.52,0.2882483419421602,0.2570179369242325
5036,62108.84,0.24261435779481078,0.10398847257183774
5037,58433.49,0.2071403404973841,0.0
5038,54420.229999999996,0.17930679554423962,0.0
5039,50884.27,0.1816030366888923,0.0
5040,48207.24,0.1902816648606965,0.0
5041,46209.630000000005,0.20521415703297952,0.0
5042,44819.54,0.16781063239976868,0.0
5043,44290.95999999999,0.1431896091348849,0.0
5044,44780.560000000005,0.12703171638070293,0.0
5045,45825.920000000006,0.1204709482561863,0.0
5046,46650.63,0.12004493874105052,0.0
5047,49633.54,0.12278491671486284,0.0036067143754585245
5048,53843.21,0.0774484190559762,0.16004959781400596
5049,58530.54,0.05651301517236489,0.3235170077889215
5050,62993.96,0.045997948063401746,0.5166662273591907
5051,66552.93,0.03345254952014378,0.6885375893441573
5052,69453.65000000001,0.0358285635779038,0.8128967495639866
5053,71351.13000000002,0.05394200066034244,0.8669271759997534
5054,72233.63999999998,0.11300331722363671,0.890411455381736
5055,72055.34999999999,0.2063110345882056,0.8633314443111877
5056,70753.49,0.31633671703439764,0.7617448853627132
5057,68774.04,0.35694389969885726,0.6224942999855027
5058,66570.84000000001,0.39588360688794794,0.44386089768089576
5059,64118.030000000006,0.4486063007305872,0.2545687977472312
5060,61813.80999999999,0.4379111905885691,0.10196216684019303
5061,58381.64000000001,0.41673868387988866,0.0
5062,54897.13,0.3429614807625405,0.0
5063,51555.27,0.3227340614827569,0.0
5064,48801.69,0.31127335296633385,0.0
5065,46782.94,0.31001360571351344,0.0
5066,45245.30999999999,0.28225540184497033,0.0
5067,44270.659999999996,0.26692459908571387,0.0
5068,43857.219999999994,0.26169116359873335,0.0
5069,43829.61000000001,0.2251125130461952,0.0
5070,44180.49,0.19698148160458784,0.0
5071,47558.24,0.17065309640778142,0.0034057312053279187
5072,52211.759999999995,0.16437097950057725,0.15932034740435166
5073,57017.409999999996,0.17964361451069294,0.3236575861811437
5074,61273.61,0.20972852834486722,0.5198501082892926
5075,64790.099999999984,0.15926274316889039,0.6928219355008759
5076,67473.5,0.12773139130608202,0.817640172032807
5077,69368.26,0.10788954110631736,0.888826653663165
5078,70331.89,0.13007804449999005,0.9132257908632825
5079,70696.34999999999,0.15066776576013619,0.8856284952401028
5080,70515.58,0.19431075095118114,0.7866876655640046
5081,69456.43000000001,0.20781342445172746,0.6425915187298739
5082,67325.21999999999,0.22450147469093537,0.4577825515856799
5083,64883.15,0.2709049350626328,0.22958098852968156
5084,62498.71000000001,0.2872932828991251,0.09104098299440759
5085,59095.560000000005,0.3186002734438189,0.0
5086,55660.479999999996,0.3212327795763617,0.0
5087,52437.63,0.3303712099556595,0.0
5088,49666.23,0.34975325794793044,0.0
5089,47368.07,0.3809206458946865,0.0
5090,45556.119999999995,0.3062083269625798,0.0
5091,44316.36,0.2486156075704495,0.0
5092,43644.07000000001,0.21027973701529645,0.0
5093,43198.76,0.16981991264866017,0.0
5094,43245.23,0.14427817701166237,0.0
5095,46231.32,0.13418247167507605,0.0030048631337559455
5096,50583.909999999996,0.14392086083836897,0.13338253577061115
5097,55027.02000000001,0.17664105069790217,0.2728703471846978
5098,59316.13999999999,0.20990524750654244,0.42472466403960774
5099,62783.5,0.1532127432796861,0.5666045046588554
5100,65478.729999999996,0.18273315295791315,0.6745500393180185
5101,67013.39000000001,0.22593794110543097,0.5920206386652078
5102,67146.62000000002,0.27792218152326376,0.6048572031050249
5103,65936.87999999999,0.34884085525426517,0.5880328250545839
5104,64092.37999999998,0.4188931065123505,0.5272359652244201
5105,62228.950000000004,0.45592712744387653,0.42804473028717493
5106,59869.62,0.4597623210372253,0.29987787252175657
5107,58273.49,0.4755185793330543,0.1879719809692001
5108,56558.28,0.485863575023101,0.07329076443893842
5109,53591.240000000005,0.51951500284745,0.0
5110,50432.59,0.5240570730874999,0.0
5111,47403.88,0.5271876059484004,0.0
5112,45210.48,0.5519537715968543,0.0
5113,43762.28,0.5827671672416966,0.0
5114,42980.270000000004,0.6064525207132584,0.0
5115,42827.33,0.6166889366049091,0.0
5116,43715.89000000001,0.6252335019644082,0.0
5117,45082.35,0.5226255924800733,0.0
5118,45961.92999999999,0.4119888716786217,0.0
5119,47879.46,0.318569250644277,0.002088907046931217
5120,50174.409999999996,0.3915021904312391,0.10188309149456788
5121,52745.979999999996,0.47615676263791307,0.21080388874977476
5122,54936.53,0.5158947529366403,0.3209580417429961
5123,56911.200000000004,0.5007057686895747,0.4300962961986722
5124,59061.42999999999,0.4455355975545171,0.5137206707346537
5125,60956.740000000005,0.3940161451512472,0.5754851052800359
5126,62227.48,0.39183069971924367,0.5850773840118434
5127,62931.280000000006,0.378337997832836,0.5656468143618397
5128,62568.009999999995,0.37647275201038827,0.6061685359199753
5129,61054.909999999996,0.3886951810512741,0.4916257012445578
5130,58821.39,0.4107374341042499,0.34414578857888417
5131,57206.12,0.4327902127499277,0.2128851079158812
5132,55507.189999999995,0.3937302922126126,0.08311367959548564
5133,52228.520000000004,0.3352279400196329,0.0
5134,48601.08000000001,0.25973838916329306,0.0
5135,45587.81,0.24512609660056603,0.0
5136,43361.79,0.23991426627755216,0.0
5137,41795.21000000001,0.23813931896091356,0.0
5138,40931.340000000004,0.19924891586395174,0.0
5139,40850.08,0.17115056915757587,0.0
5140,41897.06,0.15664685639324497,0.0
5141,43540.65,0.13767253662352283,0.0
5142,44492.82,0.12728765447692234,0.0
5143,46043.850000000006,0.12103988424063947,0.001817634680689361
5144,48661.39,0.09943195038124808,0.1461070768041259
5145,51911.700000000004,0.0861408966918616,0.30396233377703374
5146,55329.240000000005,0.07037909861040019,0.5067257974528949
5147,58686.770000000004,0.09782652050496256,0.6775219543910977
5148,61761.899999999994,0.13324901779600737,0.8074658108957036
5149,64040.92,0.15879075343300517,0.8970944203557504
5150,65295.41,0.13638952227104614,0.9158770114791035
5151,65892.79000000001,0.1214176976207729,0.8913680474100625
5152,65637.48,0.139820865491789,0.811602989048064
5153,63973.73,0.15428358384243962,0.660595437352557
5154,61497.36000000001,0.18231157527128328,0.4627730845095788
5155,59279.700000000004,0.223128715811213,0.24392767241720137
5156,56970.53,0.22073109658948645,0.0940183894109326
5157,53281.88999999999,0.2232107046385733,0.0
5158,49518.06000000001,0.22237752087945212,0.0
5159,46305.81000000001,0.22859870014469927,0.0
5160,43899.729999999996,0.24060507754591937,0.0
5161,42272.75,0.266374498372411,0.0
5162,41242.009999999995,0.22005081091382084,0.0
5163,41105.38999999999,0.1888108517752798,0.0
5164,42073.32,0.16639466319211313,0.0
5165,43595.030000000006,0.1634990172420288,0.0
5166,44438.770000000004,0.16245199775749486,0.0
5167,46337.60999999999,0.167215659422843,0.001748443753267348
5168,49438.88999999999,0.14955039099806985,0.13763063906058487
5169,53085.97,0.142934778995792,0.28779252386537857
5170,56670.189999999995,0.13740441099891204,0.46503441974072035
5171,59793.46,0.12985922296750807,0.622169212453488
5172,62130.71,0.1416384691577975,0.7418288809520669
5173,63955.5,0.15803845054411778,0.772306935347118
5174,65338.799999999996,0.23169987214174764,0.7898396967021182
5175,65836.03000000001,0.3245566509558347,0.7708967583501362
5176,65269.81,0.39648024180056346,0.6566328839217849
5177,63771.97,0.4384413480735949,0.5342637865668559
5178,61232.49999999999,0.486653548454289,0.37320817463350736
5179,59328.34000000001,0.5207653324646948,0.20633064037850724
5180,57312.560000000005,0.44637875292777685,0.07791227908325313
5181,53975.83,0.3171754405791514,0.0
5182,50298.729999999996,0.23197630744480718,0.0
5183,47137.14000000001,0.22972106071383463,0.0
5184,44792.26,0.23971483399478374,0.0
5185,43104.8,0.2629835955867852,0.0
5186,42000.979999999996,0.2286790270363698,0.0
5187,41728.770000000004,0.2074954407564245,0.0
5188,42552.18000000001,0.1960225447116099,0.0
5189,44082.94,0.19593667803430684,0.0
5190,44938.6,0.19834205295591878,0.0
5191,46779.65,0.1997048402215029,0.0015968826741524647
5192,49471.52,0.14039367932618485,0.13136831099454813
5193,52559.88,0.1342633525453099,0.27622775456769927
5194,55575.36000000001,0.15220007046607323,0.4430317048205206
5195,57797.299999999996,0.12510608689486152,0.5936724347738221
5196,59511.939999999995,0.11010711729498913,0.7085776981166881
5197,60567.80999999999,0.10426485936700196,0.7292932421331008
5198,61685.049999999996,0.10906785351034058,0.7448875592515953
5199,62222.579999999994,0.12458146919546807,0.724916641406486
5200,62065.049999999996,0.1508555644930764,0.6559947898133378
5201,60685.71,0.16908533707379664,0.5315082304255567
5202,58482.03,0.2122519007004505,0.3704987457771566
5203,56830.59,0.28508844821740786,0.19168632567620392
5204,54951.369999999995,0.27802909938597015,0.07066919707772668
5205,51812.13,0.2805541336772432,0.0
5206,48365.82,0.2899241270959779,0.0
5207,45251.649999999994,0.2796794015258786,0.0
5208,42997.59,0.28158453380487986,0.0
5209,41503.409999999996,0.28485079141377545,0.0
5210,40670.619999999995,0.25302029112681457,0.0
5211,40565.06999999999,0.23756650512651764,0.0
5212,41549.07000000001,0.23861961837524742,0.0
5213,43122.12000000001,0.21875117720444698,0.0
5214,44139.759999999995,0.20595648830772847,0.0
5215,46590.60000000001,0.19603473224000123,0.0017550333654027786
5216,50070.030000000006,0.2109943693618832,0.14355909344509307
5217,53991.51,0.2608313888685765,0.302635625200434
5218,57667.54,0.31856149494439157,0.48261221011197913
5219,61368.42000000001,0.2933643339737325,0.6459093884400627
5220,64397.91,0.2753123885118142,0.7697831138992489
5221,66197.35,0.270781397843029,0.8470045819769711
5222,66597.86000000002,0.3198927054318707,0.8645307537198358
5223,66350.16,0.38944526802590856,0.8408059534949102
5224,65522.100000000006,0.4726877488748696,0.7724310397090024
5225,63540.479999999996,0.5101256201790016,0.6280229845671278
5226,60974.66,0.5548394459328003,0.43867157812424457
5227,58855.47,0.5988635683753581,0.22478265262639963
5228,57009.21999999999,0.5904270288356921,0.08291269642535501
5229,54042.59999999999,0.5726980528761461,0.0
5230,50894.54,0.4826294481708736,0.0
5231,47887.21,0.5059098433127034,0.0
5232,45604.59,0.5276014279351446,0.0
5233,43791.200000000004,0.5543397572687528,0.0
5234,42603.9,0.5817605881922795,0.0
5235,41864.31,0.6230868350318318,0.0
5236,41846.24000000001,0.6679485730620169,0.0
5237,42187.13999999999,0.6087426680937157,0.0
5238,42700.159999999996,0.5465114861915303,0.0
5239,45657.08,0.48422989224009,0.0015035298355672107
5240,49977.9,0.6602864955537682,0.14428504904867953
5241,54311.92,0.7131803687724501,0.3061720503797813
5242,58445.1,0.6764538059435253,0.4943098699210562
5243,61977.46,0.6667364679656355,0.6608502356884604
5244,64613.229999999996,0.6473704853516989,0.786058357605071
5245,66052.43999999999,0.6278172579833851,0.8524772548554456
5246,67055.52,0.6322623819748671,0.8695190901063559
5247,67856.19,0.624516099725005,0.8447772930751959
5248,67916.51,0.6095304256106504,0.7743343393474523
5249,66748.76999999999,0.6349242489712618,0.6282470313797325
5250,64180.130000000005,0.6633655084082866,0.4376446968998068
5251,61658.10999999999,0.6945794305543553,0.22063668832452513
5252,59500.68000000001,0.7690513227900133,0.07963326611928945
5253,56620.950000000004,0.8286599701737942,0.0
5254,53501.72,0.8550243639772117,0.0
5255,50633.59000000001,0.9230712128363481,0.0
5256,48248.88,0.9613760605919593,0.0
5257,46503.82,0.938050793186507,0.0
5258,45207.950000000004,0.9265330248780694,0.0
5259,44271.6,0.9156213091178224,0.0
5260,43740.92,0.9010793718326277,0.0
5261,43375.26999999999,0.8960376129285301,0.0
5262,43393.00000000001,0.8778815194967218,0.0
5263,46311.78,0.841403693042694,0.00126081245524555
5264,50682.75,0.7932263933114845,0.14116486770255357
5265,54992.33000000001,0.7388351160363498,0.3019239470898073
5266,58929.060000000005,0.6728008712974842,0.4915444293615543
5267,62179.790000000015,0.6608582014310374,0.6570172779630187
5268,64840.46000000001,0.6387622124574267,0.7808624484362845
5269,66951.15999999999,0.6108029143704254,0.8611338086640217
5270,68164.18,0.6041673591398706,0.8768555249504676
5271,69021.05999999998,0.5847276973770225,0.85032245168716
5272,69043.74,0.555791181104456,0.770520052189728
5273,68120.93000000001,0.5826247947509423,0.6242350558579454
5274,65839.94000000002,0.6141699960778318,0.4338886179826118
5275,63697.18,0.6479998049995458,0.21407782771239398
5276,61670.630000000005,0.7373177687516204,0.07554441178925536
5277,58178.28,0.8056947888344513,0.0
5278,54629.63999999999,0.845686501315145,0.0
5279,51528.76,0.900982979562623,0.0
5280,49198.29,0.9283777734936768,0.0
5281,47629.06,0.9052236854642672,0.0
5282,46653.96000000001,0.8901599003724953,0.0
5283,46447.05,0.8745382588675348,0.0
5284,47252.36,0.8550686822622713,0.0
5285,48712.78999999999,0.8581122404887422,0.0
5286,49569.79,0.8308725605553968,0.0
5287,52105.53,0.7846136885887065,0.0011411011681185773
5288,55904.3,0.7884189673396398,0.1411044629246456
5289,59910.549999999996,0.7487197555403395,0.30339782367076507
5290,63728.30999999999,0.6817038607874032,0.4918662220875009
5291,67129.32,0.6680305618893769,0.6580815003228907
5292,70120.77999999998,0.6479998049995457,0.7825614700985363
5293,72084.02,0.620380095771814,0.8594260008522562
5294,72750.76,0.630481894872596,0.8748500863239186
5295,72797.45999999999,0.6259708474320878,0.8479633705426758
5296,72323.22,0.6181176473195191,0.7773446938246543
5297,71062.31999999999,0.6592616352117638,0.6298186538740328
5298,68628.57000000002,0.6932548678096353,0.43737342453356515
5299,66249.27999999998,0.7106331753386471,0.21611731266830947
5300,63813.45,0.8095061613495804,0.07487336962013079
5301,59910.99999999999,0.9201113053729275,0.0
5302,55919.34,0.9683800115670724,0.0
5303,52519.350000000006,0.9923301667918658,0.0
5304,49840.899999999994,0.9817857388190508,0.0
5305,47993.49,0.9547288718115763,0.0
5306,46909.270000000004,0.9323215468854217,0.0
5307,46601.909999999996,0.9098133978607565,0.0
5308,47308.84,0.8846777285106178,0.0
5309,48701.659999999996,0.8850549879121881,0.0
5310,49335.909999999996,0.8688245239662208,0.0
5311,51928.87000000001,0.8307745063497024,0.0010060141193422682
5312,55516.54,0.8059246899381982,0.13937468973909523
5313,59406.49999999999,0.7567280696506168,0.30175371544297563
5314,63194.810000000005,0.6936232635541936,0.48690314588083305
5315,66632.63999999998,0.6839962240821129,0.6523957633187041
5316,69790.95,0.6660412248687624,0.7766692585807726
5317,72032.84999999998,0.639755496021326,0.8524047691219558
5318,72533.11,0.6503215291581075,0.868407642192847
5319,72560.7,0.6530997316527839,0.8424950907389585
5320,71983.71,0.6296038388498518,0.7726814449701488
5321,70622.22,0.6785589244838581,0.6252904920683026
5322,67951.7,0.6985425931958138,0.43332630441372183
5323,65376.39000000001,0.7127094869936913,0.21483014176452223
5324,62858.15,0.809521118770788,0.07285914484406776
5325,59039.11,0.9059787582459713,0.0
5326,54940.87,0.8650402964006907,0.0
5327,51493.75,0.9126181913264687,0.0
5328,48992.950000000004,0.9162860833937172,0.0
5329,47083.61,0.8811023508634311,0.0
5330,45787.36,0.8507720245257392,0.0
5331,45179.35999999999,0.8289225560127726,0.0
5332,45889.31,0.7949442808361087,0.0
5333,47409.77999999999,0.7812355273100353,0.0
5334,48068.52000000001,0.7395602739756386,0.0
5335,50598.14,0.6809316146702389,0.000862140921052053
5336,54365.01,0.7024243209884751,0.13610404558254363
5337,58345.02,0.6768022584598065,0.2965984422156911
5338,62410.64,0.6388220421422574,0.4615594976079705
5339,66078.49000000002,0.6540226599391511,0.6190874705114852
5340,69098.64000000001,0.6470076293927729,0.7373567308494886
5341,71014.18000000001,0.618358627994531,0.7957582666684236
5342,71159.26999999999,0.6351369767395479,0.8099303258343542
5343,71001.18,0.6431170379430997,0.7847755797760407
5344,70570.81,0.6422672348270809,0.7150926279812501
5345,69593.37999999999,0.6677447089507423,0.5774718733388684
5346,67275.49,0.6888728973743632,0.39899552345682243
5347,65080.92,0.7081796042820329,0.21662910587749457
5348,62792.97000000001,0.8019881182677755,0.07201896929680049
5349,58980.01,0.8089726799931751,0.0
5350,55041.4,0.7060069003569839,0.0
5351,51631.259999999995,0.8047751844194635,0.0
5352,49118.15,0.8390564858702226,0.0
5353,47204.06,0.82496548713551,0.0
5354,46010.96000000001,0.8091205922695618,0.0
5355,45624.689999999995,0.8120744059687869,0.0
5356,46360.17,0.7837461581586641,0.0
5357,47877.450000000004,0.7646338977266935,0.0
5358,48469.71000000001,0.7135171877389035,0.0
5359,50964.47,0.6197258470886212,0.0007369382904788887
5360,54725.36,0.6653033254225196,0.1358316749476125
5361,58794.090000000004,0.6461345591770984,0.2978724338952074
5362,62827.62,0.6029547000649266,0.4861014097376891
5363,66334.94999999998,0.6191663287397431,0.6528493482873593
5364,69471.03000000001,0.6048576164296747,0.7783397252571042
5365,71558.78000000001,0.5663666318768128,0.8364293527682954
5366,72532.19,0.6000152898083456,0.8525102029161223
5367,72234.3,0.6193208887588887,0.8271621615685031
5368,71302.58000000002,0.6064508587775687,0.6490152922932286
5369,69649.77,0.6216536924887156,0.523971910680004
5370,67050.93,0.6369961287978001,0.36207282839332056
5371,64800.55999999999,0.6531013935884736,0.18756891636024958
5372,62259.509999999995,0.6308525065314071,0.060719981021917016
5373,58289.020000000004,0.5907909927517446,0.0
5374,54233.189999999995,0.5508934566268026,0.0
5375,50671.68,0.566536149317166,0.0
5376,48050.59,0.5879235997083857,0.0
5377,46133.6,0.6109059543831892,0.0
5378,44958.58,0.5872211548901906,0.0
5379,44551.399999999994,0.5584951504716573,0.0
5380,45230.97,0.5353067157713266,0.0
5381,46664.39,0.47348381607025325,0.0
5382,47507.19,0.40286373678484133,0.0
5383,49970.51,0.3307224323647573,0.0006402906458259196
5384,53477.119999999995,0.26080424391897744,0.13115414860014665
5385,57428.450000000004,0.2381675718676391,0.2900955933067113
5386,61201.71,0.24414666250074782,0.47417750657862917
5387,64367.899999999994,0.2203505133165367,0.6375230087290393
5388,67076.22000000002,0.20969141178112974,0.7605971945824601
5389,68665.31,0.22403225484786643,0.7699105130672008
5390,69248.52999999998,0.23302000305796175,0.7852719972235761
5391,69430.65,0.27275854733525223,0.7621402620908397
5392,68920.03,0.3374394224441092,0.6032954650289281
5393,67300.68000000002,0.37601294980289457,0.48608932878210753
5394,64804.35,0.4278642353655485,0.33470946400094886
5395,62552.30000000001,0.4850774794418556,0.18550526949317084
5396,60093.53,0.42082870761233043,0.05841581331189508
5397,56659.64,0.3467141315499655,0.0
5398,52956.21,0.25411661470347746,0.0
5399,49604.21000000001,0.20558033686328472,0.0
5400,46957.33000000001,0.17845643844965778,0.0
5401,45026.1,0.17208734690802407,0.0
5402,43689.47,0.13852233973954142,0.0
5403,42873.89000000001,0.12272287111577933,0.0
5404,42689.44,0.11380492420465295,0.0
5405,42994.18999999999,0.11109818494463539,0.0
5406,43418.77999999999,0.10869613389440284,0.0
5407,46254.44,0.10592014731397956,0.0005623135688900016
5408,50417.9,0.08603896463622449,0.12321915732040005
5409,54692.880000000005,0.08844600149352626,0.2751360754905965
5410,58378.21,0.1106029281090939,0.4473588834561195
5411,59909.11000000001,0.07221387561186937,0.603462401869692
5412,60151.2,0.062086039518614786,0.7221347268166456
5413,60525.03,0.07173246824040899,0.6567976242251707
5414,60920.62,0.08202871381689013,0.6704600867192952
5415,61243.97,0.11497935875873348,0.6505550649955408
5416,61175.06,0.1806435458173511,0.5297982260764128
5417,60287.42999999999,0.191530332542252,0.42617218217202374
5418,58329.41,0.2222611853811705,0.2927665827589387
5419,56754.07000000001,0.28382039128613884,0.1505627528763656
5420,54758.35,0.24535267383293344,0.046326071580760055
5421,51908.409999999996,0.2198059523888664,0.0
5422,48926.96,0.18786188649644012,0.0
5423,46214.9,0.1678255898209763,0.0
5424,43998.53,0.15804122043693397,0.0
5425,42336.51000000001,0.1529623449690991,0.0
5426,41103.899999999994,0.1422157148206993,0.0
5427,40353.43,0.13574302928773868,0.0
5428,40131.44,0.1313361298171206,0.0
5429,40165.13000000001,0.11466691484906302,0.0
5430,40331.259999999995,0.10217691416212961,0.0
5431,42552.899999999994,0.0935780589034327,0.0003503477118670127
5432,45977.60999999999,0.09709028299440925,0.08709490359397443
5433,49818.81000000001,0.11192638289668747,0.19598604759457186
5434,53470.15,0.1336074419264272,0.37053938171865847
5435,56566.189999999995,0.09987291731759149,0.500684221393395
5436,58561.67,0.0854334660665971,0.5999732022439825
5437,60040.219999999994,0.07731214032941781,0.6559596452152824
5438,60997.04000000001,0.11370299214901584,0.6685447061252633
5439,60897.89,0.16604344078301544,0.648174018477272
5440,59662.67,0.2202413795395774,0.6259604359687386
5441,58066.09,0.2305941309295096,0.503931801907473
5442,56240.2,0.24673263443397797,0.3463049848219267
5443,55173.100000000006,0.2900138716232237,0.19274286015525116
5444,53506.87,0.2658005765808885,0.05889685499778146
5445,50297.64,0.24678803229030252,0.0
5446,46726.85,0.21747868844467197,0.0
5447,43778.36,0.17054673252363825,0.0
5448,41731.71,0.1468951717444342,0.0
5449,40415.52000000001,0.13916606283003272,0.0
5450,39664.32000000001,0.12221044094477722,0.0
5451,39762.89,0.1141605784422566,0.0
5452,40989.28,0.11258284749413337,0.0
5453,43190.15000000001,0.10810393081029337,0.0
5454,44152.53,0.10643756329205083,0.0
5455,46392.47,0.10635003467905806,0.0003338736815284384
5456,50103.49999999999,0.10795047874827436,0.12145094473072637
5457,54290.02,0.12199660521936445,0.27617064459585877
5458,58475.32000000001,0.1367185855376141,0.45218467607663243
5459,62097.4,0.1309815835366435,0.6110206869890302
5460,65308.77,0.1313976214376409,0.7317237107423848
5461,67253.09999999999,0.13726259248672112,0.7007503371684874
5462,68090.45000000003,0.14383444018250272,0.71419863726821
5463,67328.87,0.17393541939501114,0.6918049386946414
5464,65420.44,0.20950693691956904,0.5436067583062058
5465,63403.439999999995,0.2584027468473079,0.4368187988454998
5466,60999.15,0.3169089768902303,0.2997065426062352
5467,59506.89,0.4002412022664372,0.14380071255672555
5468,57295.979999999996,0.3565173362051582,0.041772649595178124
5469,53621.94,0.31732390683410117,0.0
5470,49768.04000000001,0.2777316128975074,0.0
5471,46580.08999999999,0.25044262887203317,0.0
5472,44322.49999999999,0.2413440849492888,0.0
5473,42886.56,0.24284315094143114,0.0
5474,42106.34,0.22979418588418307,0.0
5475,42057.01,0.22267112951797222,0.0
5476,43142.939999999995,0.21637239325387067,0.0
5477,45068.479999999996,0.2136418329156336,0.0
5478,45846.32,0.21220813639395408,0.0
5479,48213.29000000001,0.2099024776137263,0.0003404632936638681
5480,51583.91,0.21701223849441925,0.08711686896775912
5481,55100.06,0.25907250693027184,0.19820674688421164
5482,58573.98,0.3166973570790705,0.32353567835663843
5483,61555.25,0.2737922713342684,0.43792914849031944
5484,63296.53,0.2672409208453271,0.5249680403811431
5485,63627.689999999995,0.28012757018354423,0.6315121841928382
5486,63140.34,0.3131014822250438,0.6426068944915233
5487,63069.85,0.3535590906774272,0.6208447004142663
5488,62228.11,0.38016335719872996,0.6217826218748762
5489,60322.19,0.4012898836866608,0.49879629751659466
5490,58370.009999999995,0.4225842656792553,0.3410893068167339
5491,57351.32,0.4682359771406288,0.1669335459581515
5492,55428.32,0.44619206215196305,0.04713110252997171
5493,52107.04,0.4176311433452773,0.0
5494,48647.54,0.39654616524958963,0.0
5495,45879.95,0.3915758695801508,0.0
5496,44061.88,0.38960702976637623,0.0
5497,42900.2,0.4029883819615718,0.0
5498,42293.340000000004,0.3736120067097883,0.0
5499,42516.95,0.3552614668022806,0.0
5500,43845.31999999999,0.347502443045464,0.0
5501,46079.93,0.34072839317409775,0.0
5502,46953.71000000001,0.3321777340504031,0.0
5503,48535.0,0.32168759597678603,0.00027127236624185615
5504,51030.63,0.35862688657399716,0.11816163000645777
5505,53707.810000000005,0.4096965083839117,0.2729274571565383
5506,56013.36000000001,0.47553353675426185,0.4566700054034816
5507,57544.520000000004,0.44082844170262003,0.6173664834754488
5508,58478.96,0.43695336165271736,0.7390930936471742
5509,59127.12999999999,0.4795066710098588,0.8062192759334179
5510,59566.95,0.48882680635790116,0.8222331316912014
5511,60109.24999999999,0.5193499172356028,0.7969663622265858
5512,59963.399999999994,0.5302477835317686,0.653282066150919
5513,58940.03,0.5794543754334882,0.5240938185045095
5514,57607.939999999995,0.6316203208200656,0.35787963853780885
5515,56952.82,0.6936980506602317,0.15819022892312548
5516,55455.61000000001,0.7730798549019348,0.04334646862685661
5517,52445.99,0.8019770386965107,0.0
5518,49250.49000000001,0.7004399697749298,0.0
5519,46781.59,0.684580671466337,0.0
5520,45097.69999999999,0.6652302002521711,0.0
5521,44011.630000000005,0.6481543650186914,0.0
5522,43534.899999999994,0.6983315273632171,0.0
5523,43860.259999999995,0.7400134284403729,0.0
5524,45352.579999999994,0.7446474591219219,0.0
5525,47553.76,0.7517633137668105,0.0
5526,48311.53,0.7548068719932814,0.0
5527,50072.78999999999,0.7286862287576923,0.00022953815605080143
5528,53248.15,0.7385138084696675,0.11894030250712764
5529,56772.58,0.7274043223623418,0.2761585636402774
5530,60167.119999999995,0.6722236256345825,0.4693022918671004
5531,63474.3,0.6677275356152818,0.633949242414258
5532,66456.77,0.6461484086411792,0.7579009449503799
5533,68907.64000000001,0.6121934005641717,0.8371871581638696
5534,70112.65,0.6156391472275589,0.8528956952260452
5535,71056.51999999999,0.6021492152339674,0.8259375919800019
5536,70976.48,0.552031882574272,0.6685029719150724
5537,69250.96999999999,0.582637536257897,0.5355828072626307
5538,66350.06,0.6102932540922397,0.36486023432660736
5539,64166.79000000001,0.6554015125830689,0.15587507852621119
5540,61546.13,0.7025971623002076,0.040504149259107926
5541,57623.18,0.7137027705575903,0.0
5542,53592.06,0.6453285203675758,0.0
5543,50104.49,0.7351223517054787,0.0
5544,47680.670000000006,0.8112362364025963,0.0
5545,45939.24999999999,0.84874612491995,0.0
5546,44985.06000000001,0.8457036746506059,0.0
5547,44865.380000000005,0.817995328852755,0.0
5548,45767.36000000001,0.7761893365774319,0.0
5549,47652.6,0.7870146316818122,0.0
5550,48304.48000000001,0.7876240081013829,0.0
5551,50489.57,0.7644294796368563,0.00022734161867232484
5552,54202.33,0.7328194628180671,0.12201765137437334
5553,58167.11,0.6949938065196629,0.28485465512166636
5554,61667.09000000001,0.6364349485132326,0.4766606920849969
5555,65090.58000000001,0.6486645792754403,0.6445859746695307
5556,68050.81000000001,0.6402762358707768,0.7710691865343468
5557,70294.08000000002,0.6175104868142022,0.840735664298799
5558,71694.03,0.620479257934635,0.8564540857791771
5559,72131.13,0.6161665348197686,0.8291181781040362
5560,71604.31,0.6074446963200311,0.6958125211416721
5561,69395.44,0.6357524469233138,0.5579270837451837
5562,66007.84,0.6669436559482895,0.379552872851237
5563,63175.47,0.6978490120346303,0.1631719756975103
5564,60658.700000000004,0.7826165958682063,0.041102705694742774
5565,57321.469999999994,0.8060493351149285,0.0
5566,53796.78999999999,0.732314234368387,0.0
5567,50407.15,0.7856878530228396,0.0
5568,47871.42,0.7918636060459003,0.0
5569,45992.11,0.7860135924180276,0.0
5570,44543.060000000005,0.7548146276931669,0.0
5571,43597.37,0.7133714913767698,0.0
5572,43392.54999999999,0.6705323290809941,0.0
5573,43611.61,0.6309062424520421,0.0
5574,43963.59,0.5447271212393167,0.0
5575,46703.92999999999,0.43790731273862626,0.0001867056771705083
5576,51184.549999999996,0.4732854917446116,0.12112915200477961
5577,55759.92,0.5381203728940506,0.28505454002310765
5578,59946.36,0.5595222267279146,0.4722280796552312
5579,63474.990000000005,0.6043845187366631,0.638914515158304
5580,66442.15999999999,0.6094356952763357,0.7641797470467552
5581,68674.22000000002,0.5835693282012758,0.8376594137002427
5582,70290.28,0.579013962475708,0.8537721136400573
5583,71081.81,0.5629940103837743,0.8268744151719223
5584,70836.98000000001,0.5706488861707006,0.7425438538687608
5585,68962.23000000001,0.5900547552411912,0.5948552701521318
5586,65840.45999999999,0.6226048736818081,0.4039585996634902
5587,63393.780000000006,0.6658246192505334,0.1790430565256928
5588,60640.21,0.6372321236657424,0.043930747569531366
5589,57189.25000000001,0.5859109955881149,0.0
5590,53795.75000000001,0.512358153788881,0.0
5591,50466.72000000001,0.5190834535466817,0.0
5592,47833.05999999999,0.5168802808006543,0.0
5593,45752.19,0.5328686561144831,0.0
5594,44107.65,0.5243567754902159,0.0
5595,42978.84,0.5152493679104593,0.0
5596,42389.01000000001,0.5025438695624234,0.0
5597,42273.72000000001,0.4936796585719319,0.0
5598,42276.68,0.47712567114502935,0.0
5599,45106.41,0.45253179282974465,0.00014277492960097695
5600,49779.91,0.5168880365005397,0.12107643510769617
5601,54575.69,0.5921842488383071,0.2869896894535453
5602,59020.43000000001,0.5790992751744481,0.482541920915868
5603,63154.49999999999,0.6063284295150917,0.6535785986970135
5604,66480.93000000001,0.6231222896598794,0.7823385215546205
5605,68951.04000000001,0.6186228757691992,0.8654884440168514
5606,70575.68,0.6306165116634647,0.8807554770659523
5607,71581.89,0.6315145109144855,0.8515492178130389
5608,71721.76,0.6260079639958253,0.7675503336540271
5609,70449.87000000001,0.6516593873883456,0.6135543928551028
5610,67456.09999999999,0.6657232411734595,0.41521036238473635
5611,65118.62,0.6783611541367796,0.18323844291858307
5612,62228.78,0.7235724526403727,0.042611726873756174
5613,57932.84,0.6378686450349118,0.0
5614,53297.409999999996,0.4747269439661763,0.0
5615,49679.45,0.4887359538735289,0.0
5616,47011.75000000001,0.5055021150901545,0.0
5617,45185.94,0.5274512997445054,0.0
5618,44033.869999999995,0.49904327902127527,0.0
5619,43575.049999999996,0.49531943511913884,0.0
5620,44409.87,0.504276160529692,0.0
5621,46308.56999999999,0.4477974920282486,0.0
5622,46873.38999999999,0.39496621838721324,0.0
5623,49329.549999999996,0.347493579388452,0.00010543379416687528
5624,53291.14000000001,0.40284157764231154,0.12322464866384625
5625,57833.579999999994,0.47162023218349547,0.2938945047027864
5626,62126.350000000006,0.48864066956065094,0.49057905118371375
5627,65802.59999999999,0.5145042667428941,0.6647359103109854
5628,69137.50999999997,0.509415973639484,0.7956418501873643
5629,71430.64,0.5141945927260398,0.8752421682459767
5630,72575.73000000001,0.549506848282999,0.8894285049048675
5631,72988.73,0.5569052319951427,0.8583914317469934
5632,72864.38,0.5674263928683018,0.7717160667923082
5633,72001.89999999998,0.633034074113468,0.6163989087602301
5634,69100.15999999999,0.6745575373215359,0.4163415791346519
5635,66574.95000000001,0.699551942138047,0.18199520276236533
5636,63324.74,0.7812842774236007,0.04079299392437759
5637,58653.38,0.7410986724457713,0.0
5638,54209.03,0.5816115679587665,0.0
5639,50514.51,0.5886664849616982,0.0
5640,47842.22,0.5899821840494063,0.0
5641,45866.939999999995,0.5823411577265607,0.0
5642,44709.979999999996,0.5139946064647084,0.0
5643,44407.59,0.46096279258377815,0.0
5644,45265.979999999996,0.4139006517003819,0.0
5645,47215.25000000001,0.3733283696854068,0.0
5646,47764.34,0.3367480571971788,0.0
5647,50203.17000000001,0.3041115181006956,6.91909274220119e-05
5648,54238.22000000001,0.37247191882662906,0.11996059411943008
5649,58515.630000000005,0.46007864279683836,0.2885459361861959
5650,62716.01,0.47765527465149216,0.48146122452565754
5651,66496.01999999999,0.4884196321139156,0.6520278433078097
5652,69888.52,0.4849389848010441,0.7796148152053098
5653,72225.97,0.4732422814166785,0.8521675430850805
5654,73111.01,0.48995359875554273,0.8665998919303608
5655,73650.58,0.49893746911569536,0.8367533420316212
5656,73472.31000000001,0.5094220674036798,0.7504140472958425
5657,72442.79,0.5693187836403482,0.5988914075850823
5658,69926.06999999999,0.624944879132957,0.4036796394164237
5659,67529.28,0.6819282221055174,0.1735923490210033
5660,64293.40999999999,0.6940874975901934,0.03701275309601941
5661,59863.49,0.6486097353976793,0.0
5662,55383.78,0.5504270066765496,0.0
5663,51589.33,0.5252154422632462,0.0
5664,48783.009999999995,0.5087157447355418,0.0
5665,46660.01,0.49851201357912284,0.0
5666,45430.5,0.42414094544197506,0.0
5667,44966.28,0.37026099038071614,0.0
5668,45823.97000000001,0.325227518995925,0.0
5669,47700.32,0.27136529124868985,0.0
5670,48165.009999999995,0.22255534799825397,0.0
5671,50521.939999999995,0.18096651531972327,4.17342101910548e-05
5672,54430.83,0.2000992729585336,0.11727532717424248
5673,58764.50000000001,0.2316666334279528,0.2848908979884109
5674,63007.25,0.25329395653705794,0.4734603371245566
5675,66840.22,0.245002005402399,0.6426442356269572
5676,70173.98,0.23359669474230024,0.76970952989707
5677,72422.07,0.2381060802471187,0.8306250027456713
5678,73254.76,0.2840441986256901,0.8459348682736528
5679,73527.43000000001,0.3494640811379164,0.8178071088735713
5680,73430.56,0.4115667400134283,0.7354896740777832
5681,72115.8,0.4274055411151809,0.5865896999969247
5682,69341.99,0.44022903689718823,0.39472984786782106
5683,66955.06,0.46373933314276494,0.16822181513062795
5684,63579.049999999996,0.45659356365546083,0.034082572233131665
5685,58898.27,0.4386158513210173,0.0
5686,54504.61,0.3707673267875228,0.0
5687,50892.22000000001,0.32994852431190314,0.0
5688,48207.950000000004,0.30655013173610224,0.0
5689,46244.20999999999,0.2945803169200564,0.0
5690,45021.89000000001,0.24254898832434774,0.0
5691,44598.450000000004,0.20433665498879855,0.0
5692,45529.29,0.1747686031541324,0.0
5693,47571.200000000004,0.1509198260064129,0.0
5694,48238.060000000005,0.1334816887925705,0.0
5695,50413.2,0.12264531411692492,1.317922427085941e-05
5696,54483.37,0.08515536882784787,0.11197398421128926
5697,59106.43,0.07147431422993655,0.27509873435516224
5698,63580.740000000005,0.06959965077191373,0.4596078741471941
5699,67247.54,0.07590946660728018,0.6254123998928083
5700,70104.65,0.0943037708212843,0.7507808690380485
5701,71235.89,0.1306403327416843,0.8138533415923137
5702,71590.95000000001,0.16812972405219812,0.8287425702123169
5703,71874.58,0.2282474777356015,0.8009069502835726
5704,71074.59000000003,0.3111874862890306,0.7142337818662656
5705,69043.36,0.36458991182877193,0.5687933541565076
5706,66391.42000000001,0.4242943975039945,0.3818120115450004
5707,64341.19,0.49417823927885296,0.1628282175977787
5708,61382.030000000006,0.454039722478899,0.031037073157873914
5709,57351.780000000006,0.39726301351042925,0.0
5710,53212.23,0.3275802659540288,0.0
5711,49819.79,0.3170314061527076,0.0
5712,47328.10999999999,0.3108168746302194,0.0
5713,45558.64999999999,0.3132017523449913,0.0
5714,44438.48,0.2550423128826606,0.0
5715,43997.97,0.21241532437660804,0.0
5716,44797.89999999999,0.1806579492599955,0.0
5717,46680.27,0.16405410376240084,0.0
5718,47376.17,0.14772115378223324,0.0
5719,48895.39,0.13263465556936815,9.884418203144558e-06
5720,51816.520000000004,0.1099453555545215,0.10919865923358406
5721,55282.899999999994,0.1105724592881154,0.2713426554379675
5722,58657.020000000004,0.11166490501483554,0.4638395034068293
5723,61900.79,0.14179302917694303,0.6313254785156677
5724,64757.92,0.1819553670551164,0.7574682270868196
5725,66636.15000000001,0.22301570418431094,0.8213885630691772
5726,67435.17000000001,0.27634555853226705,0.8365929948029918
5727,67830.3,0.33491328019570954,0.8085519986293601
5728,66956.62000000001,0.3870620522468264,0.7172759861354556
5729,64633.35000000001,0.5070432834531036,0.57063515074836
5730,61876.15,0.6145948976358412,0.3820821856425529
5731,60080.23,0.6881338899709938,0.16083815473287905
5732,57748.16999999999,0.724060507754592,0.02899539166457994
5733,54516.74,0.6567100099494553,0.0
5734,51197.98000000001,0.5263804591817518,0.0
5735,48157.83,0.5016685834324958,0.0
5736,45685.049999999996,0.46883759786031315,0.0
5737,43669.17000000001,0.4359706036815199,0.0
5738,42459.74999999999,0.3675043930500066,0.0
5739,41707.22,0.31858088419410513,0.0
5740,41588.36000000001,0.274899120503633,0.0
5741,42022.159999999996,0.2308849696752135,0.0
5742,42398.04,0.19293079035013658,0.0
5743,44998.450000000004,0.16093686638701837,9.884418203144556e-06
5744,49104.98000000001,0.19268814773943507,0.10641784291243281
5745,53433.11,0.2500049858070692,0.2670264594892609
5746,57488.990000000005,0.29934120869258846,0.45424612640633283
5747,60602.66999999999,0.2881718929004323,0.6184285092979427
5748,62801.51,0.2698861684848244,0.7420177831666154
5749,63988.96,0.2477392134833951,0.8013638300582956
5750,64331.88,0.33243034827524315,0.8167242159459817
5751,64494.159999999996,0.451156264057206,0.789786979805035
5752,64149.670000000006,0.5661816030366889,0.6783478524454049
5753,62540.22,0.6623860743084685,0.5395376728125778
5754,59926.7,0.7023982839960026,0.3608372761179276
5755,58362.650000000016,0.713532145160111,0.15223212128400787
5756,56165.64000000001,0.7851826245731596,0.025601741414833647
5757,53278.740000000005,0.7112835461718977,0.0
5758,50177.07,0.5853924716529171,0.0
5759,47248.759999999995,0.5093699934187347,0.0
5760,45027.310000000005,0.42837167972948115,0.0
5761,43325.04,0.3639905070233403,0.0
5762,42055.91,0.2889768237528281,0.0
5763,41283.08000000001,0.2257806111934692,0.0
5764,41056.86,0.1718070337550219,0.0
5765,41148.549999999996,0.14703311240668232,0.0
5766,41376.4,0.12552766458149134,0.0
5767,43181.78,0.10744580427715773,5.491343446191421e-06
5768,46542.37,0.10861192915278957,0.10414113191964185
5769,50533.64,0.12308628105326841,0.2635998611788375
5770,54544.32000000001,0.15386976185569526,0.4459454116530698
5771,58086.880000000005,0.12226805471535473,0.6076358228887976
5772,61029.22000000001,0.10021915391961994,0.7295403525881797
5773,63231.86,0.09135217303631218,0.7666409671793377
5774,64568.409999999996,0.12314223288815619,0.7798805962281056
5775,65068.0,0.16869866003665124,0.7526050933308728
5776,65050.62000000002,0.23059191501525667,0.6184570642838625
5777,64128.590000000004,0.2956749785610298,0.48990032113376436
5778,62236.52,0.3578507626068902,0.32574319842200744
5779,60864.479999999996,0.4039722478898956,0.1300383076118806
5780,58146.13,0.29742776673513843,0.019304268750741326
5781,54390.18,0.2114087453271908,0.0
5782,50487.08,0.1539739098255854,0.0
5783,47390.96000000001,0.14090278562580744,0.0
5784,45162.990000000005,0.13475085368096595,0.0
5785,43574.619999999995,0.13489931993591575,0.0
5786,42749.38,0.11456830666480533,0.0
5787,42745.94000000001,0.10081966668217807,0.0
5788,43930.149999999994,0.09184465997903749,0.0
5789,46130.61,0.05782705232438327,0.0
5790,46852.56,0.03893693729627439,0.0
5791,48779.37,0.03214294419663138,1.098268689238284e-06
5792,52328.98,0.018080752347207175,0.08201870571231507
5793,56494.13,0.018034218147894555,0.20914110995426796
5794,60891.469999999994,0.025397701210553965,0.35097043021381064
5795,64590.28,0.028067323906834103,0.4802805856847263
5796,67575.97999999998,0.04037783553927598,0.5781462103140604
5797,69546.55999999998,0.060832940008553445,0.6437633714212911
5798,70768.31000000001,0.08374383144869828,0.6544769824848107
5799,71650.86,0.13023038860488256,0.6302469786628356
5800,71572.42000000001,0.21674245093411865,0.6221066111382014
5801,70109.89000000001,0.2526325061325428,0.4916366839314502
5802,67365.56,0.28819626795721515,0.32589146469505453
5803,65162.21000000001,0.3326668971217491,0.14098914471227547
5804,61605.509999999995,0.28620139115096793,0.019422881769179057
5805,57194.96,0.26163853563522516,0.0
5806,52953.16999999999,0.2482948539823303,0.0
5807,49557.43000000001,0.23083843547590085,0.0
5808,47062.40000000001,0.22011230253434116,0.0
5809,45392.82000000001,0.21696681225223302,0.0
5810,44338.369999999995,0.18258468670296332,0.0
5811,44084.76,0.16065987710539556,0.0
5812,45057.53999999999,0.1520444024898013,0.0
5813,47048.60999999999,0.14139305665427973,0.0
5814,47462.37999999999,0.1389826959255985,0.0
5815,49710.740000000005,0.14191933628936296,0.0
5816,53753.62,0.13595077124895574,0.10300442382628021
5817,58379.92999999999,0.14703089649242934,0.2646388233588569
5818,62911.189999999995,0.1636436056470359,0.45316323347874393
5819,66931.22000000002,0.18397960472521563,0.6183307633846002
5820,70514.19999999998,0.19686625406343272,0.7425120040767729
5821,72751.28,0.23751166124875644,0.7823560938536487
5822,73488.59999999999,0.2277605305785087,0.7953848553140822
5823,73638.97999999998,0.24253569283882992,0.766411429023287
5824,73265.26,0.30150837283200493,0.6051833889057285
5825,71773.73999999999,0.32392123754379215,0.4775426018424554
5826,69201.15000000001,0.35448423487804726,0.3156951381841663
5827,67180.77,0.4030448877750227,0.12885876703963867
5828,63860.119999999995,0.40548682528180896,0.015459230069718086
5829,59480.479999999996,0.40893700377370207,0.0
5830,55367.340000000004,0.3850034679058059,0.0
5831,51918.61,0.374829651591802,0.0
5832,49438.0,0.38303019626352536,0.0
5833,47494.770000000004,0.40108491161826015,0.0
5834,46473.83000000001,0.3676495354335768,0.0
5835,46158.939999999995,0.34459294763129844,0.0
5836,46964.02000000001,0.3280882642965249,0.0
5837,48907.81,0.30408603508678633,0.0
5838,49326.219999999994,0.2841106760532795,0.0
5839,51297.89,0.2640921066918394,0.0
5840,55198.840000000004,0.2757699748050549,0.10044985085511192
5841,59807.9,0.30269776480729305,0.2591222197328129
5842,64211.85999999999,0.3311683851081698,0.43799174980560623
5843,68094.64000000001,0.26984738998539715,0.5977722717907485
5844,71035.61999999998,0.24653874193684203,0.7342200754730241
5845,71881.22,0.2582891812418427,0.8065311842411618
5846,72058.66,0.32185711341713913,0.8280880020735307
5847,72338.97,0.4248721971454593,0.7977197745474031
5848,72061.15999999999,0.52277350475646,0.677542821496193
5849,71068.16,0.5971999707499319,0.5237588465542913
5850,68794.79000000001,0.6671807587733584,0.34203821096423564
5851,66990.07999999999,0.7042596519685074,0.14059376798414971
5852,63867.88,0.697780318692788,0.014929864561505234
5853,59713.75,0.6374138286344871,0.0
5854,55567.15,0.5781010058034796,0.0
5855,51953.780000000006,0.5486542752741642,0.0
5856,49357.99,0.4961387694141789,0.0
5857,47375.219999999994,0.46094063344124825,0.0
5858,46225.50000000001,0.45119227266381706,0.0
5859,45970.350000000006,0.4659120370678137,0.0
5860,46773.87999999999,0.49435218854771223,0.0
5861,48677.35999999999,0.4629731807897961,0.0
5862,49209.270000000004,0.4247104354049916,0.0
5863,51121.719999999994,0.3952232644405593,0.0
5864,54668.44,0.4145814913546107,0.09647631473744783
5865,59059.60999999999,0.4706191929197108,0.25156832768823206
5866,63279.98,0.49097679716185727,0.4310693622573372
5867,66986.93,0.5441448897693456,0.58873022567225
5868,69890.1,0.5775276379905203,0.7232000474452069
5869,71164.17,0.5648121680283461,0.7905261146328922
5870,70979.11,0.5882399214679989,0.8108254148160836
5871,71119.26000000001,0.5983694194969431,0.7800651053678974
5872,70671.42,0.6027763189675611,0.5775773071330353
5873,69198.23,0.6353596761219727,0.4455763933734858
5874,66863.95000000001,0.6657852867725432,0.2900593504399662
5875,65231.09,0.6912743944460326,0.11175542874213085
5876,62201.57,0.6859174217394485,0.009878926859698366
5877,58353.630000000005,0.6152247712622512,0.0
5878,54490.29,0.5139962684003979,0.0
5879,51177.62,0.4965370800011524,0.0
5880,48738.63,0.47171330058212074,0.0
5881,46907.66000000001,0.4613068132715537,0.0
5882,45805.62,0.43176590638648665,0.0
5883,45513.57000000001,0.41059727752774877,0.0
5884,46371.030000000006,0.40582752209820494,0.0
5885,48252.32000000001,0.358497809568761,0.0
5886,48762.1,0.31548857585406875,0.0
5887,50695.29,0.2735856373301779,0.0
5888,54640.030000000006,0.31546198488303295,0.09561966515984197
5889,58607.52,0.38916163100152695,0.2525468850903434
5890,62416.61999999999,0.46263580784477965,0.4284445000900577
5891,65732.26999999999,0.40016973903177844,0.5862635141962209
5892,68536.98000000001,0.34842814122464727,0.7211034525174511
5893,69829.67000000001,0.32275068083965425,0.8030815222882646
5894,69894.24,0.33884375810193657,0.8234906493403793
5895,69850.57,0.38187238106634236,0.7920768700220966
5896,69005.43000000001,0.4294663413704545,0.6843411046825785
5897,67054.38,0.5253351016329073,0.5273381042125193
5898,64238.350000000006,0.6308248076032451,0.3421436447584027
5899,62157.44,0.6978074636423868,0.12454916070306761
5900,59354.090000000004,0.6513840600424126,0.009319908096876077
5901,56159.05,0.5904309066856351,0.0
5902,52983.73,0.5408825100103927,0.0
5903,49854.96,0.5527736598704577,0.0
5904,47346.23000000001,0.5571395649273957,0.0
5905,45488.28,0.5676651576290606,0.0
5906,44046.13,0.5830258752307321,0.0
5907,43227.399999999994,0.6222769183723669,0.0
5908,42982.57,0.6605562831140687,0.0
5909,43153.399999999994,0.59103086546963,0.0
5910,43268.67,0.506055539674837,0.0
5911,45903.399999999994,0.4114675778506076,0.0
5912,50376.86,0.42174388019881176,0.09647301993138012
5913,55073.14,0.4737768707302103,0.25658631732936177
5914,59380.98000000001,0.5120290905223132,0.44439026318910835
5915,63229.98000000001,0.3404453101282793,0.607314030162851
5916,66360.17,0.24414389260793168,0.7458727062658421
5917,68953.23999999999,0.21723438389828068,0.8317046008671923
5918,70579.3,0.1675929188244132,0.8514646511239675
5919,71402.76000000001,0.16760621430993108,0.8172535814541952
5920,71022.09999999999,0.20931304442243298,0.7079923209053243
5921,68961.46999999999,0.23125391939833503,0.5444019048372142
5922,65863.54,0.26668029453932257,0.3520006062443163
5923,63654.07000000001,0.33007760131713954,0.11948614204567913
5924,60577.16,0.3347720156620819,0.007374874248235078
5925,57238.34000000001,0.3478830263184137,0.0
5926,53911.77,0.35284002650233454,0.0
5927,50833.68,0.3499083719456392,0.0
5928,48159.76,0.35167944141233515,0.0
5929,46091.95,0.36173692222805753,0.0
5930,44592.47000000001,0.3197375914341619,0.0
5931,43521.6,0.29531877034486276,0.0
5932,42901.99999999999,0.2881026455800266,0.0
5933,42668.189999999995,0.2248244441933075,0.0
5934,42418.439999999995,0.17835506037258386,0.0
5935,44687.04,0.15383264529195778,0.0
5936,48625.54000000001,0.15469131206498837,0.09556694826275854
5937,52718.75,0.18082026497902642,0.25691689620482255
5938,56598.36999999998,0.21431159299859728,0.43577544359072323
5939,60034.93,0.15413456360892658,0.5959381630797209
5940,62949.630000000005,0.1149533217662609,0.7319433644802328
5941,64910.72,0.10018480724869867,0.7874883034384591
5942,66469.2,0.0909638340634771,0.8066179474676115
5943,67244.53,0.11346367340969374,0.7750822603248239
5944,67122.29000000001,0.15638981033989907,0.6342732316775829
5945,65657.36,0.17844868274977232,0.4866878852177425
5946,62982.979999999996,0.2131753829653808,0.3136512601534939
5947,61015.81,0.2808626997369711,0.10649362345199025
5948,58183.099999999984,0.2906980351488319,0.005158568033352222
5949,55068.030000000006,0.29335380838103087,0.0
5950,51863.22,0.2487685056539053,0.0
5951,48982.05,0.24560362612208358,0.0
5952,46766.780000000006,0.2634760825295105,0.0
5953,45150.96,0.303112694751164,0.0
5954,44082.68,0.2650034014283784,0.0
5955,43484.96,0.23850937664116148,0.0
5956,43438.37999999999,0.22637059836332576,0.0
5957,43467.07000000001,0.1932393564098644,0.0
5958,43055.46,0.16821614470806434,0.0
5959,44435.28999999999,0.14840420935071494,0.0
5960,47545.84,0.11498545252292919,0.0921425464897136
5961,51631.689999999995,0.11005670524573383,0.2514881540739177
5962,56246.66,0.11613495804166364,0.43049386946417645
5963,60644.47,0.10206390253522747,0.5891925967904192
5964,64182.6,0.10041193845962937,0.7239864078267014
5965,66941.56999999998,0.10040362878118071,0.7992474662941337
5966,68392.46999999999,0.11265985051442451,0.8189734702215421
5967,68463.64000000001,0.1412778291131246,0.7863977226300454
5968,67371.76000000001,0.20591770980830132,0.655999182888095
5969,64634.08,0.2796799555044419,0.5028027816949359
5970,61642.47,0.3903277558771587,0.32282729505207997
5971,59661.12000000001,0.5262968084187014,0.12447118362613173
5972,56653.36,0.492919599983159,0.003704460288800733
5973,52706.73,0.434030016774471,0.0
5974,48675.21,0.36932365865170497,0.0
5975,45459.31,0.3634531478169922,0.0
5976,43115.7,0.37865154969963283,0.0
5977,41394.350000000006,0.4039578444472514,0.0
5978,40420.42999999999,0.36417941371340695,0.0
5979,40182.6,0.3290510790394456,0.0
5980,41215.81,0.29918443275919,0.0
5981,43409.39000000001,0.2729025817616962,0.0
5982,44178.32000000001,0.24797576232990098,0.0
5983,46048.780000000006,0.22079037229575363,0.0
5984,49252.89,0.19991092024703014,0.09270815486467132
5985,53256.17,0.18451530199587404,0.2545292600744187
5986,57032.219999999994,0.15627790667012348,0.43806094073302826
5987,60608.78,0.1519031379561737,0.5990539513510895
5988,64081.25000000001,0.15227928940061736,0.7351283436790239
5989,66896.24999999999,0.1407521034566047,0.8254521572193589
5990,68792.51999999999,0.10168165732658808,0.8452923810904489
5991,69655.13,0.08698017421517856,0.8108902126687486
5992,69189.84999999999,0.11818911055417804,0.6902201369760708
5993,66929.69,0.14825629707432844,0.5284901880675302
5994,63563.68000000001,0.20953906767623723,0.33837658315431546
5995,61223.56,0.29540851487210856,0.11132820222201716
5996,57603.42000000001,0.2738172003696145,0.0019362476991270953
5997,53063.74,0.2620446019220841,0.0
5998,48662.09999999999,0.25125365348862466,0.0
5999,45119.72,0.23574834748194592,0.0
6000,42541.01,0.22987506675441682,0.0
6001,40853.939999999995,0.23089660322504166,0.0
6002,39832.119999999995,0.20412946700614482,0.0
6003,39592.83,0.1979171513979095,0.0
6004,40754.75,0.2086255570254453,0.0
6005,42975.42,0.17380412647552193,0.0
6006,43823.619999999995,0.14887952295797965,0.0
6007,45152.200000000004,0.12978111199009046,0.0
6008,47553.85999999999,0.07775698511570396,0.08978236707654051
6009,50816.13,0.0704511158236221,0.24954641503134434
6010,54400.729999999996,0.08301701157372016,0.43259705400406784
6011,58231.27999999999,0.10275969961066389,0.593518677157329
6012,62032.719999999994,0.15321772908675524,0.7303069441332679
6013,65087.56,0.1968845353560199,0.8005587991090839
6014,67219.62,0.2361810047398406,0.8195313907156753
6015,68521.54000000001,0.2944180012010255,0.785492749230113
6016,68424.73000000003,0.3597979972566982,0.698679002420584
6017,66252.22,0.4269041905154438,0.5333017031950827
6018,62756.43,0.4622458069362549,0.33985595107871946
6019,60182.46,0.5117183085483324,0.10929091380348015
6020,56353.92,0.48583643007350186,0.0008149153674148068
6021,51962.270000000004,0.4255995709990008,0.0
6022,47583.43,0.31358953733926315,0.0
6023,44033.96,0.2954727763854451,0.0
6024,41543.87,0.29304912017124596,0.0
6025,39766.09999999999,0.3016019952091934,0.0
6026,38718.51,0.2774701350156555,0.0
6027,38534.36000000001,0.2622977701254873,0.0
6028,39523.64,0.24773865950483187,0.0
6029,41722.1,0.21071017835893824,0.0
6030,42374.840000000004,0.1827924286641804,0.0
6031,43650.63,0.17047305337472665,0.0
6032,46493.65,0.15766119114254754,0.0914868800822383
6033,50214.54,0.1559964855599948,0.25600203838668717
6034,54272.189999999995,0.15842623553838958,0.44378951021609514
6035,57933.87,0.14856874098399883,0.6077434532203428
6036,61550.77999999999,0.17343517675240036,0.7460923600036897
6037,64384.25,0.22470921665215246,0.836352473960049
6038,66354.08000000002,0.2233685885290983,0.8543300341341904
6039,67619.09000000001,0.24324810927116364,0.8171821939893943
6040,67189.72000000002,0.23872044247375807,0.721429638318155
6041,64732.34,0.2640560980852285,0.5497790283397249
6042,61457.17999999999,0.32127931377567426,0.3490858011430778
6043,58981.28999999999,0.4011458492602171,0.10772697919000482
6044,55731.43000000001,0.4165536550397647,0.00043381613224912225
6045,51601.299999999996,0.42492925693747363,0.0
6046,47768.52,0.4367323242059825,0.0
6047,44372.18,0.456866675087141,0.0
6048,41889.689999999995,0.4829502017589927,0.0
6049,40129.530000000006,0.4854708042217598,0.0
6050,39034.299999999996,0.42628484248173537,0.0
6051,38747.27,0.3738668368488813,0.0
6052,39607.28,0.34220142217376753,0.0
6053,41604.159999999996,0.29438697840148376,0.0
6054,42153.36000000001,0.2569457832259724,0.0
6055,43568.47000000001,0.22862418315860852,0.0
6056,46358.40000000001,0.2359422399790818,0.09074225391093471
6057,49841.67,0.25937774911862027,0.2568367225905083
6058,53499.40000000001,0.25499910255472746,0.44520078548176645
6059,56837.130000000005,0.31287158112129704,0.609211838457855
6060,60161.16,0.35472466157449584,0.7468029398456271
6061,62837.840000000004,0.36474391786935423,0.8332421770321263
6062,64644.170000000006,0.34544939849007605,0.8519632651088817
6063,65665.29000000001,0.3271359751463058,0.8154754844463181
6064,64967.62000000001,0.33852245053525415,0.7142897935694166
6065,62272.759999999995,0.34207622301847407,0.5436375098295048
6066,58821.81,0.3459241581187775,0.3440831872635974
6067,56322.42,0.3776167177434902,0.1026354055466961
6068,53110.77,0.43187781005626213,0.00023942257425394595
6069,49847.04000000001,0.5080105300245303,0.0
6070,46550.81,0.5640177627686518,0.0
6071,43456.240000000005,0.519677872545044,0.0
6072,40999.009999999995,0.49125212450779016,0.0
6073,39068.92,0.48222338188401465,0.0
6074,37741.600000000006,0.4401608975339091,0.0
6075,37031.950000000004,0.4074933356378841,0.0
6076,36853.49,0.3742335706577498,0.0
6077,37179.049999999996,0.31755879374491736,0.0
6078,37202.14,0.2764053882170975,0.0
6079,38829.9,0.24792091845213965,0.0
6080,41925.29,0.2571103148592562,0.09004265675588993
6081,45578.9,0.2813103144160734,0.2580074770132361
6082,49499.96,0.2725652088166796,0.44915455276302413
6083,53065.0,0.31340395452057584,0.6152138768445418
6084,56230.98,0.3430113388332324,0.7545149825814581
6085,58766.35,0.31062353611164667,0.8440974647565572
6086,60632.68000000001,0.3768616449617866,0.8629624260316036
6087,61553.81,0.4603013421792631,0.8257036607491945
6088,61110.57,0.5679676299245925,0.7239918991701481
6089,58939.289999999986,0.6077648959295873,0.5503050990418696
6090,55987.909999999996,0.6262749816633095,0.3471188019206522
6091,54033.46,0.6408684389548862,0.10367546599540467
6092,51525.049999999996,0.6339370591715584,5.710997184039078e-05
6093,48710.19,0.5958466011199232,0.0
6094,45873.10999999999,0.5111914749346861,0.0
6095,43186.03,0.4813780105965021,0.0
6096,41028.2,0.4493004358703335,0.0
6097,39289.7,0.421742218263122,0.0
6098,38148.92,0.3777696158269461,0.0
6099,37297.06,0.3390786450127525,0.0
6100,36924.780000000006,0.3046632807496881,0.0
6101,36963.42,0.2804200708649379,0.0
6102,37022.03999999999,0.2584044087829977,0.0
6103,39023.3,0.23882071259370546,0.0
6104,42417.94,0.2374828543634676,0.08837987796038319
6105,46569.88,0.24494826948176415,0.25732215735115144
6106,50469.69,0.24710324609278925,0.44397731416195496
6107,53988.63,0.2518037542019274,0.6101113205143409
6108,57050.89,0.26547594514282696,0.7501702316468315
6109,59332.670000000006,0.2850513316536703,0.8302197415993421
6110,60662.32,0.29741003942111455,0.8484971291256461
6111,61028.14,0.3169383377540822,0.8111922365582886
6112,60702.09,0.3486043064077592,0.7065184443243668
6113,59165.48999999999,0.4061216847152883,0.5360243112757045
6114,57427.74,0.49136070430618634,0.33686756197530204
6115,56311.10999999999,0.6153638198816259,0.1006859786232982
6116,53784.490000000005,0.6172916652817203,0.0
6117,50358.810000000005,0.617076721599181,0.0
6118,46783.49999999999,0.5869159127018422,0.0
6119,43804.990000000005,0.5981129274221607,0.0
6120,41729.1,0.5873385983455985,0.0
6121,40444.27999999999,0.5794560373691782,0.0
6122,39779.67999999999,0.4779245082332295,0.0
6123,40040.719999999994,0.37622013778554836,0.0
6124,41546.57000000001,0.30775503511116126,0.0
6125,44052.65,0.28973355847022136,0.0
6126,45083.8,0.27786401377412295,0.0
6127,45862.59,0.26674012422415305,0.0
6128,47508.33,0.2312505955269555,0.07933453703581667
6129,49593.16,0.21020494990925825,0.23741054601526143
6130,51701.520000000004,0.20982159674349254,0.4110643980828619
6131,53372.55999999999,0.2506597884688255,0.5667384934389427
6132,54522.079999999994,0.32915190313795617,0.698692181644855
6133,55668.310000000005,0.3943501942248844,0.7738049738392395
6134,56601.97,0.4584211389356079,0.7912509719677893
6135,57645.35999999999,0.5173439608580906,0.7565467796565487
6136,57761.26,0.5434324733370117,0.6649511709740762
6137,56365.88999999999,0.5607188204245248,0.5039449811317437
6138,54597.280000000006,0.5373248596772301,0.31540739178758576
6139,53478.729999999996,0.5015483700842712,0.08979444803212212
6140,51150.32,0.5310444047057155,0.0
6141,47887.6,0.5364246445119563,0.0
6142,44508.58999999999,0.5279670537868868,0.0
6143,41827.49000000001,0.5127570183544178,0.0
6144,39627.229999999996,0.4622181080080924,0.0
6145,37932.91,0.42121760056372853,0.0
6146,37011.35,0.3498712553819019,0.0
6147,36692.11000000001,0.2983047148007562,0.0
6148,37219.82,0.2631359396916778,0.0
6149,38799.1,0.2711835862799454,0.0
6150,39556.81999999999,0.2846192283743388,0.0
6151,40672.94000000001,0.29841384857771547,0.0
6152,42983.0,0.31151987342697784,0.07760476385026638
6153,45715.549999999996,0.3567788140870101,0.2366725094560932
6154,48351.38,0.3580629363966132,0.4207214746673344
6155,50713.76000000001,0.313234991058786,0.5794125141127527
6156,52362.060000000005,0.2625470604789477,0.712967478067574
6157,53536.56,0.22534961587126429,0.8038184605787431
6158,54480.03999999999,0.2825091240269367,0.8198773453527856
6159,55271.32,0.3667808970464079,0.7818047629716512
6160,55122.649999999994,0.4517312938058549,0.6916248226296061
6161,53986.09,0.47137149580859816,0.5225661267577786
6162,52690.71000000001,0.47915766451501407,0.3254345849203313
6163,51852.13,0.4798085893268274,0.09014699228136762
6164,49658.1,0.46490988984690246,0.0
6165,46472.51,0.4033085815711276,0.0
6166,43112.670000000006,0.34014726966125325,0.0
6167,40474.229999999996,0.27533897948284997,0.0
6168,38703.380000000005,0.22836824506238915,0.0
6169,37502.780000000006,0.20251683540853713,0.0
6170,36822.75000000001,0.1444992144583974,0.0
6171,36938.310000000005,0.12212069641753145,0.0
6172,38071.49,0.12306412191073855,0.0
6173,40426.82,0.12542573252585415,0.0
6174,41481.32,0.12874794196963757,0.0
6175,42489.3,0.1366316109031845,0.0
6176,44381.14,0.14086511508350674,0.07955968211711055
6177,46588.27999999999,0.16018290156244114,0.24219899750034035
6178,48891.439999999995,0.19897358851801877,0.42907270978030204
6179,51283.75,0.17663384897658005,0.5908542773172366
6180,53933.57,0.1734495801950448,0.7268957215844938
6181,55990.43,0.17571202864733948,0.8187043943926791
6182,57736.1,0.180214766409399,0.8344854171883439
6183,58983.89000000001,0.18579277656271817,0.7949587270626577
6184,59232.399999999994,0.19588128017798226,0.693518237849853
6185,57994.52999999999,0.23670340652498115,0.5223486695573097
6186,56320.060000000005,0.2782523527469582,0.3236861411670641
6187,54961.62,0.31709954551598685,0.084811602989048
6188,52201.34,0.290262607998121,0.0
6189,48553.61,0.2671522842752077,0.0
6190,44924.81,0.2337013966907537,0.0
6191,41896.009999999995,0.2342935997748632,0.0
6192,39613.94000000001,0.2479214724307028,0.0
6193,38068.37,0.27378728552719933,0.0
6194,37169.1,0.24441201823254252,0.0
6195,37019.2,0.2245607503972026,0.0
6196,38098.17,0.20588834894444924,0.0
6197,40536.95999999999,0.18879312446125587,0.0
6198,41435.27,0.17335651179641956,0.0
6199,42814.1,0.16140996408002997,0.0
6200,45576.740000000005,0.16382032480871114,0.07914453655257844
6201,48773.229999999996,0.19137300263029025,0.24317535836507323
6202,51874.9,0.20823001633128801,0.43079479508502755
6203,54805.78,0.2392738670584403,0.5934110468257836
6204,57561.87,0.2739977973812326,0.7298841106879113
6205,59724.600000000006,0.3091842998043348,0.8162080296620403
6206,61117.45,0.32480704926642157,0.8316771441499614
6207,61962.579999999994,0.3436268090169984,0.791809990730612
6208,61686.12,0.37950800055841055,0.6843268271896177
6209,60000.46000000001,0.41216614481886005,0.5145959908799764
6210,58088.42,0.44161010545535945,0.3174973971032064
6211,56733.32999999999,0.4730140422486212,0.0811763336276693
6212,54072.5,0.45074742787753097,0.0
6213,50553.26,0.426579559077382,0.0
6214,46927.47,0.39831169493065316,0.0
6215,43835.780000000006,0.38112727989877715,0.0
6216,41664.38999999999,0.36041402141902734,0.0
6217,40188.39000000001,0.3459740161894696,0.0
6218,39197.06,0.3236747170831478,0.0
6219,39136.05,0.31824351124908873,0.0
6220,40220.43999999999,0.32636151311488865,0.0
6221,42443.520000000004,0.27656271812905925,0.0
6222,43257.74,0.22965402930768203,0.0
6223,44854.23,0.18447153768937763,0.0
6224,48187.729999999996,0.17718007183994006,0.07675470388479601
6225,52043.01,0.19753767608208636,0.23964332626048285
6226,55456.619999999995,0.22652072655396524,0.42849282391238425
6227,58747.01,0.2018797600608047,0.5898691303029899
6228,61988.37000000001,0.19415508297490924,0.724660744801894
6229,64619.450000000004,0.22800206523208383,0.8130340331501417
6230,66407.85999999999,0.18115874588116943,0.8274422200842587
6231,67381.8,0.18398791440366424,0.7866206711739608
6232,67036.56999999999,0.2302805790627126,0.6769640338969647
6233,64540.73,0.2451864802639597,0.5081205986882275
6234,61403.73,0.27918359071177384,0.31217518703515745
6235,58882.92,0.3378504745380373,0.0774301391286775
6236,55922.270000000004,0.30868904296879335,0.0
6237,52548.04,0.29413879600514986,0.0
6238,49101.59,0.28496934282631,0.0
6239,45803.54,0.26911447634622343,0.0
6240,43104.880000000005,0.25584835169218295,0.0
6241,41300.56000000001,0.24702568909393485,0.0
6242,39952.43,0.21516471998599546,0.0
6243,39161.39999999999,0.1887299709050459,0.0
6244,39168.78,0.1683147528923221,0.0
6245,39740.62999999999,0.12140661804950795,0.0
6246,40273.619999999995,0.08736906716657694,0.0
6247,42702.979999999996,0.07006000695797074,0.0
6248,46913.22,0.04617688313933005,0.06996081377316794
6249,51511.200000000004,0.04134286619644967,0.222728890177524
6250,55785.99999999999,0.03954520575871797,0.412654691144879
6251,59229.81,0.03037187472993546,0.5697213911989139
6252,61815.87,0.0315457553054527,0.701370858977907
6253,63259.85999999999,0.04069526525601567,0.7642170881821894
6254,64483.89000000001,0.062294889436958344,0.7803352794654498
6255,65055.479999999996,0.12627387370618304,0.7439705048960814
6256,64583.72999999999,0.2575457420099672,0.5713380427094726
6257,62521.93,0.3249987258493045,0.42880583048881715
6258,59568.1,0.40740746896058116,0.2625707834170213
6259,57103.149999999994,0.4995136068214705,0.06848693719221018
6260,54247.67,0.446377090992087,0.0
6261,51145.439999999995,0.38011793095654367,0.0
6262,48030.52,0.2989390202556722,0.0
6263,45122.170000000006,0.2701343508811582,0.0
6264,42706.39,0.26321128077627903,0.0
6265,40944.8,0.27204723886004517,0.0
6266,39585.63,0.21085255084969243,0.0
6267,38746.420000000006,0.17038441680460736,0.0
6268,38370.65,0.1472120474826106,0.0
6269,38434.39000000001,0.11462924430676238,0.0
6270,38515.42,0.09025197160970658,0.0
6271,40774.5,0.07711160008952292,0.0
6272,45042.590000000004,0.055734121312441716,0.07005746141782088
6273,49661.689999999995,0.04898500047642158,0.2279709266312583
6274,54254.29,0.04634418466543018,0.411253300297411
6275,58310.11000000001,0.0717418858759841,0.5686890186310296
6276,61581.030000000006,0.11022234483614425,0.7008195280959092
6277,64045.31,0.13965688783706828,0.7983380998194443
6278,65919.84,0.15142727037034576,0.8128923564892299
6279,67042.73000000001,0.18327494399276723,0.7727802891521803
6280,67093.87,0.2441749154074734,0.6650917493662989
6281,65404.74,0.28186041512937615,0.497379530907477
6282,63072.84999999999,0.31654833684555744,0.3029332560152175
6283,60999.45,0.37013523724685954,0.0716521475545949
6284,57862.42,0.3919974472667808,0.0
6285,54120.59,0.43567367117162054,0.0
6286,50273.54000000001,0.450883152625526,0.0
6287,47131.05,0.4415585854489776,0.0
6288,44862.72,0.4430847963907189,0.0
6289,43199.58999999999,0.4529705438518351,0.0
6290,42303.8,0.4370015577877198,0.0
6291,42276.36,0.4465471624110033,0.0
6292,43453.69999999999,0.47379293610854434,0.0
6293,45624.590000000004,0.4278398603087655,0.0
6294,46500.08999999999,0.3934167403458154,0.0
6295,48162.340000000004,0.36944830382843513,0.0
6296,51646.759999999995,0.44435728515049383,0.07262741015063849
6297,56048.549999999996,0.5418054382967598,0.23546221736055276
6298,60535.57,0.5222311597430428,0.4221107845592206
6299,64832.82,0.5483894735209327,0.5805689910425204
6300,68676.25,0.5557274735696828,0.7113651040499753
6301,71261.62,0.594429523955141,0.7923832869863942
6302,72090.99999999999,0.5783779950851021,0.806667369558627
6303,72093.09,0.5690417943587255,0.766427903053626
6304,71704.47,0.564645420480809,0.6526857062526626
6305,70143.46000000002,0.5621641504960324,0.4876917027997062
6306,67619.42000000001,0.5015993361120898,0.296031735572044
6307,65349.43,0.43418568475074293,0.06891745851839158
6308,61944.9,0.4901037269461821,0.0
6309,57825.49,0.6032361211750551,0.0
6310,53796.240000000005,0.7360297685920747,0.0
6311,50502.73,0.6971620786162058,0.0
6312,48157.59,0.6774033252009276,0.0
6313,46574.810000000005,0.6607557153968372,0.0
6314,45596.33,0.5488897161635433,0.0
6315,45490.88999999999,0.5157479486173803,0.0
6316,46586.770000000004,0.47077984670305173,0.0
6317,48572.15000000001,0.44724905325063546,0.0
6318,48889.45,0.5399507180670138,0.0
6319,49605.63,0.6502146112954014,0.0
6320,51761.43,0.6351851728745505,0.07173232116890925
6321,54342.17999999999,0.6316984317974831,0.23864390175327607
6322,57613.57,0.5016768931109441,0.4056708005500128
6323,60510.97999999999,0.4840094087719183,0.5640092957461852
6324,63074.2,0.4500045426242187,0.6984626434888038
6325,64686.079999999994,0.48851325449110417,0.7755545158611961
6326,65627.91,0.4488517132341047,0.791460741287434
6327,65561.9,0.40715319280005147,0.7534342861912475
6328,64291.020000000004,0.37313835503821347,0.6546373297134395
6329,61645.15,0.5297159641110528,0.48873835286055045
6330,59137.06999999999,0.6483682007441042,0.29554300600533306
6331,57174.770000000004,0.6216138060321619,0.09096630072353937
6332,54132.69,0.6546818944294133,0.0
6333,50274.03999999999,0.7546938603663793,0.0
6334,46244.10999999999,0.6625838446555472,0.0
6335,42931.63,0.6028173133812412,0.0
6336,40429.21000000001,0.5493384387997725,0.0
6337,38577.740000000005,0.49457821180151607,0.0
6338,37405.28999999999,0.4531018367713245,0.0
6339,37011.659999999996,0.4655170503522194,0.0
6340,37777.35999999999,0.47080643767408786,0.0
6341,39623.88,0.4496993004358705,0.0
6342,40161.18,0.43381728900618466,0.0
6343,40614.12,0.4004583618632294,0.0
6344,41973.13,0.3494469078024557,0.07290966520377273
6345,43403.26,0.2859897713398084,0.2474124789681544
6346,45079.829999999994,0.2548522982354676,0.44477026415558496
6347,46728.3,0.22938368776881818,0.6170260201817854
6348,48613.81000000001,0.2529471659564662,0.7615219368187982
6349,50403.54000000001,0.2876976872502942,0.8596160013354944
6350,51964.32,0.26160086509292435,0.8741966164538219
6351,53339.15,0.24460037094404605,0.8292510686154343
6352,53620.619999999995,0.24268526705090615,0.7209892325737701
6353,52077.64,0.21393045574708444,0.535434540989584
6354,50020.990000000005,0.1903847048734603,0.32138307172573133
6355,48371.53,0.18005411262605783,0.07078451529009666
6356,45392.44,0.14768514517562228,0.0
6357,41738.83,0.1345541912910139,0.0
6358,38252.54000000001,0.1337636638812624,0.0
6359,35766.85,0.14166949195733924,0.0
6360,34100.84,0.15213525497417354,0.0
6361,33042.79,0.17213055723595724,0.0
6362,32536.49,0.1372714561437331,0.0
6363,32839.18,0.12344858303363092,0.0
6364,34103.16,0.12425295990746342,0.0
6365,36530.4,0.13652635497616789,0.0
6366,37427.939999999995,0.15342325513371932,0.0
6367,38366.98,0.17705764257746284,0.0
6368,39980.98,0.16288133114401007,0.07452741498302072
6369,41849.88999999999,0.1725648764295417,0.25291480510123837
6370,43876.00000000001,0.17590869103729165,0.44739732286024286
6371,45888.54,0.23117802433517037,0.6180518031375336
6372,48162.7,0.3087954068529364,0.7593649371131344
6373,50566.399999999994,0.38425781275967746,0.8420942226673866
6374,52790.61,0.34998094313742445,0.8558928704789767
6375,54425.299999999996,0.31995862888089677,0.8110824096893653
6376,54551.68000000001,0.30540118019593115,0.69461870307647
6377,52649.810000000005,0.3034561614603762,0.5146454129709925
6378,50276.79,0.29710812110414575,0.30719124372339435
6379,48549.5,0.28826773119187377,0.07135671327718977
6380,45950.93,0.3215142006864903,0.0
6381,42633.99,0.3704205362069308,0.0
6382,39290.75,0.42361798967827147,0.0
6383,36665.36,0.42212667938601456,0.0
6384,34855.38,0.4148634664433026,0.0
6385,33686.079999999994,0.40766673092818,0.0
6386,33150.33,0.3579377372413198,0.0
6387,33284.200000000004,0.32268087954068525,0.0
6388,34537.759999999995,0.2968693563433869,0.0
6389,36904.19999999999,0.27755489373583203,0.0
6390,37763.52,0.2614158362528004,0.0
6391,38830.14,0.24764669906333317,0.0
6392,40548.619999999995,0.18788072176759052,0.06975433925959114
6393,42716.61,0.15564470917233383,0.24071194169511176
6394,44928.34,0.12945426463777557,0.4139319776304631
6395,47240.74,0.12610657218008295,0.5718311653509406
6396,49914.89,0.13754345961828662,0.7020737509390195
6397,52335.79,0.1725637684724152,0.7871994587731893
6398,54256.920000000006,0.15627347484161755,0.7996977564567213
6399,55457.48,0.1588012790257069,0.7575110595656999
6400,54867.8,0.18253095078232856,0.6836832417377242
6401,52740.049999999996,0.18420507400045646,0.5056637716304017
6402,50293.74,0.19650339810450698,0.3004390878219573
6403,48409.909999999996,0.2145653151805638,0.06424981658912886
6404,45955.45,0.2236910040529071,0.0
6405,43324.840000000004,0.2624567619731387,0.0
6406,40446.33,0.3174884384673852,0.0
6407,37852.53,0.2613449269967049,0.0
6408,35864.46,0.21946636352959686,0.0
6409,34394.75,0.19426920255893781,0.0
6410,33437.369999999995,0.18022750791635375,0.0
6411,33051.68000000001,0.18384941976285285,0.0
6412,33207.780000000006,0.19878024999944607,0.0
6413,33943.35,0.1477012105539564,0.0
6414,34474.81999999999,0.12304030083251903,0.0
6415,36226.86,0.12589273645467017,0.0
6416,38860.41,0.08846040493617059,0.06747652999811095
6417,41755.37,0.06890606961073036,0.23774332142810056
6418,44658.61,0.05960920136234408,0.4221689927997503
6419,47628.35,0.04463626875494426,0.584351428408257
6420,50576.69999999999,0.06334080096436588,0.7186290531605972
6421,53214.99,0.10556504705493917,0.7879561659000747
6422,55417.18,0.15563916938670141,0.8014967205696937
6423,56598.25,0.23617324903995518,0.7593759198000265
6424,56351.87,0.3570042833622512,0.6537828766732121
6425,54266.840000000004,0.3587061055085414,0.4827582798476479
6426,51504.05,0.35611237787542566,0.28561136224855116
6427,49254.00000000001,0.3536582528402482,0.07491290729294335
6428,46690.34,0.3370882000350114,0.0
6429,44040.7,0.3377596220536651,0.0
6430,41236.49999999999,0.3647826963687814,0.0
6431,38681.88000000001,0.3535341616420811,0.0
6432,36646.630000000005,0.34552972538174676,0.0
6433,35206.54,0.340855254265081,0.0
6434,34234.75,0.3099715033427066,0.0
6435,33640.46000000001,0.29633809090123453,0.0
6436,33467.6,0.29347235979356556,0.0
6437,33637.4,0.2677400555308113,0.0
6438,33824.2,0.24398933258878613,0.0
6439,35647.77000000001,0.21820827821246633,0.0
6440,38520.22000000001,0.1869915861735814,0.06625745175305645
6441,41838.090000000004,0.17170953352789065,0.23777187641402073
6442,45208.74,0.1497531471522178,0.4230157579591529
6443,48551.1,0.2266763945302373,0.586844498332828
6444,51646.770000000004,0.3276146126249499,0.722812358597906
6445,54296.85,0.41273452682475,0.8048343591162885
6446,56373.07,0.44473897638057003,0.8163475097855736
6447,57675.71000000001,0.47190608512213006,0.7712273372255971
6448,57751.53,0.4895453165544306,0.6609194266158824
6449,56000.86,0.5271178046494314,0.4862782309966566
6450,53849.97,0.5634128181775878,0.2856399172344715
6451,52097.61,0.6048127441660519,0.05371302678457677
6452,49451.40000000001,0.5911073145113577,0.0
6453,46257.21,0.5792909517573308,0.0
6454,42768.689999999995,0.546212891745941,0.0
6455,39915.64,0.5260896204360479,0.0
6456,37969.310000000005,0.5158426789516954,0.0
6457,36774.56,0.5145901334201971,0.0
6458,36246.7,0.4778480591915016,0.0
6459,36321.14,0.45400371387228794,0.0
6460,37548.08999999999,0.4328096019996411,0.0
6461,39858.359999999986,0.3843021310447373,0.0
6462,40783.39,0.3364583264086012,0.0
6463,41982.22,0.28552553730380864,0.0
6464,44608.57,0.268899532663684,0.057229683127517736
6465,47602.9,0.26174933134787415,0.2071301799842727
6466,50897.55,0.246010800366069,0.38478173008070066
6467,54100.13,0.25201980584159317,0.533127078473494
6468,57080.88,0.2752558826983631,0.6552534584481022
6469,59178.79,0.30520728769879524,0.7729669948293508
6470,60377.66,0.3079184587873187,0.7847700884325944
6471,61287.869999999995,0.2999317498410081,0.7422264542175706
6472,61119.31999999999,0.29806816595425023,0.6326060598073191
6473,59454.90000000001,0.3097981080524108,0.4646159793701207
6474,57503.50000000001,0.3283104097003863,0.2716501706709541
6475,55707.009999999995,0.3741139112880889,0.04613497282883259
6476,52811.04999999999,0.39119971813570714,0.0
6477,49357.96000000001,0.427840968265892,0.0
6478,45753.94000000001,0.43272096542952193,0.0
6479,42927.87999999999,0.40676928565572246,0.0
6480,40924.1,0.3867473924229029,0.0
6481,39664.299999999996,0.37206585253977015,0.0
6482,39137.75000000001,0.34524830427161796,0.0
6483,39348.20000000001,0.3205436302436842,0.0
6484,40689.08,0.308918390093977,0.0
6485,43263.26,0.2774657031871494,0.0
6486,44292.619999999995,0.25214500499688663,0.0
6487,45185.57,0.22671683496535422,0.0
6488,47805.130000000005,0.2486660196197048,0.0583268535480668
6489,51251.04,0.28343205231330376,0.21982396949448874
6490,54432.810000000005,0.31696382076799173,0.37949576287939674
6491,56869.19999999999,0.36417996769197025,0.5280596667413486
6492,59420.95999999999,0.41935900248403984,0.6515533912340583
6493,61346.71000000001,0.44290696927191725,0.6535368644868227
6494,62327.78999999999,0.4474063831625971,0.6645096669610023
6495,62070.80000000001,0.45223541429840847,0.6281877248705138
6496,60690.799999999996,0.4584039656001472,0.5668153722471895
6497,58534.47,0.5032928485799315,0.4158407686123592
6498,57205.780000000006,0.5173572563436084,0.24216714770835238
6499,55176.32,0.545271682166987,0.04304773954338377
6500,52041.810000000005,0.6091764333087366,0.0
6501,48505.750000000015,0.7116292287953624,0.0
6502,44990.49,0.8068321068247943,0.0
6503,42289.399999999994,0.8472453969921181,0.0
6504,40589.05999999999,0.8512451222187507,0.0
6505,39483.39000000001,0.8275038169123008,0.0
6506,38738.9,0.8183753581471411,0.0
6507,38550.17999999999,0.8073633722669469,0.0
6508,39566.130000000005,0.8004735408758622,0.0
6509,41759.47,0.7798854815514058,0.0
6510,42779.49,0.6871816008207747,0.0
6511,43183.700000000004,0.5903339604370671,0.0
6512,44758.740000000005,0.5864068064022195,0.05443458931340632
6513,47091.89,0.5791336218453691,0.21357591892141212
6514,49666.76,0.5663045862777296,0.40089662655789393
6515,52340.200000000004,0.5385231153095301,0.5589825199555417
6516,54764.590000000004,0.5367376424001897,0.6903530274874681
6517,57113.57000000001,0.5500148466254949,0.7803781119443304
6518,59279.72,0.5547862639907287,0.7922405120567931
6519,61130.92,0.5315922895047653,0.7483251402489112
6520,61152.34999999999,0.4912410449365252,0.6370562445361129
6521,58861.55999999999,0.4180676784531147,0.4654891029780652
6522,57279.209999999985,0.36267591589275866,0.2689747881439696
6523,55459.42,0.3414336078851093,0.041550799319952
6524,52661.6,0.37082771045091634,0.0
6525,49224.229999999996,0.4426255481617883,0.0
6526,45821.880000000005,0.5606772720322815,0.0
6527,43098.29,0.5885828341986477,0.0
6528,41357.09,0.610590186602139,0.0
6529,40090.4,0.609731519829109,0.0
6530,39268.59999999999,0.5726686920122938,0.0
6531,39328.29,0.5313330275371664,0.0
6532,40535.08000000001,0.4925866588666485,0.0
6533,43022.07,0.38526494578765785,0.0
6534,44204.72,0.2746985802637381,0.0
6535,45138.18,0.19203777690618484,0.0
6536,47299.58,0.17782379493043143,0.05443239277602783
6537,49912.659999999996,0.18270102220124496,0.214197538999521
6538,52784.409999999996,0.1857772651629472,0.3574370362560457
6539,55340.590000000004,0.17207792927244892,0.49819334800620263
6540,57495.02999999999,0.1822284784867965,0.615383010222685
6541,59728.01999999999,0.21851296642225135,0.6240527432555317
6542,61418.36,0.23862958998938588,0.633630744494379
6543,61863.01,0.2758192788971837,0.5991209457411332
6544,60550.130000000005,0.3198051768188778,0.48686800128277746
6545,57477.28000000001,0.3311068934876497,0.3551141979783067
6546,55461.13,0.36432677201123037,0.20413410300003057
6547,53593.34,0.441954126143135,0.03553118863423697
6548,51015.380000000005,0.481380226510755,0.0
6549,47768.17999999999,0.5584142696014238,0.0
6550,44428.810000000005,0.6164546036726564,0.0
6551,41807.26000000001,0.5159850514424498,0.0
6552,40083.54,0.4070407351517125,0.0
6553,38899.26000000001,0.32741185647080184,0.0
6554,38185.24,0.27164228053031253,0.0
6555,38210.71,0.22497678829820006,0.0
6556,39307.29,0.20045271128188433,0.0
6557,41505.47,0.15029161431569252,0.0
6558,42714.55,0.11822290324653599,0.0
6559,43162.41000000001,0.09964855599947703,0.0
6560,44184.350000000006,0.08011250196662391,0.04376381072876715
6561,45584.5,0.07663905637507452,0.18443335925247425
6562,46637.67999999999,0.08964924293289547,0.3324250651273331
6563,47565.43,0.06974257724123106,0.4658515316455136
6564,48862.18,0.06943678107431955,0.5749491501596875
6565,49703.91,0.07689222457847769,0.6218957435498679
6566,50316.05,0.11103059955991941,0.6416173544025195
6567,50728.96,0.18993210438728864,0.614021157048029
6568,50528.67,0.309326672295089,0.42605137261620757
6569,49444.060000000005,0.33500247074439216,0.310185124170258
6570,48792.490000000005,0.39073880797108684,0.19325465336443617
6571,47956.68,0.4776176041091916,0.030576898577083064
6572,46483.46,0.4445190468909617,0.0
6573,44597.08,0.42767865254686105,0.0
6574,42326.9,0.40456999075963757,0.0
6575,40261.79,0.33315052040746235,0.0
6576,38627.27,0.27549298552343227,0.0
6577,37458.16,0.24043556010556622,0.0
6578,36827.43,0.153131308430889,0.0
6579,36701.71,0.09916216282094747,0.0
6580,37025.68,0.07073142897662432,0.0
6581,37838.75,0.047832725064870886,0.0
6582,38683.0,0.03992301913885142,0.0
6583,40239.0,0.04241149084495028,0.0
6584,42589.479999999996,0.04566334501120144,0.04346837645136204
6585,44935.69,0.0532074250854789,0.18276289257614284
6586,46896.37,0.05547153547346332,0.35864183700813995
6587,48846.54,0.060867840658037915,0.5025677521954388
6588,50738.27000000001,0.06582982664902799,0.6199375304769558
6589,52459.73000000001,0.0677382827994088,0.6980112550575271
6590,53822.19,0.08652369587906428,0.7192298061336109
6591,54806.37,0.12023384543111723,0.6867968334717147
6592,54400.76,0.15777364879088637,0.5623860546234913
6593,52706.77,0.18038760772113163,0.409212717072806
6594,51342.86000000001,0.19916748101515466,0.2545018033571874
6595,49863.68000000001,0.22529643392919266,0.038918249271847824
6596,47890.33999999999,0.19853372953880177,0.0
6597,45593.12000000001,0.18747687139498448,0.0
6598,43081.41999999999,0.18598168325278486,0.0
6599,40593.21,0.1952912930081258,0.0
6600,38670.24,0.20233568441835578,0.0
6601,37363.89000000001,0.2080211664129445,0.0
6602,36387.44,0.1841469062513157,0.0
6603,35761.97,0.1683385739705417,0.0
6604,35617.689999999995,0.15761354898610844,0.0
6605,35859.100000000006,0.15419273135806738,0.0
6606,36342.479999999996,0.15524473664967067,0.0
6607,38088.71,0.1591901719771052,0.0
6608,41206.26,0.14686248700920274,0.047664861112941534
6609,44637.20999999999,0.15082232577928156,0.20489300666429422
6610,48209.33,0.16491110859974167,0.37087655020625454
6611,51396.57,0.15611946880103528,0.5193196445123903
6612,54047.59999999999,0.15073202727347262,0.6388793705602482
6613,55701.86,0.17888964968611581,0.6673190382680736
6614,56655.05999999999,0.1836943057651441,0.6868857932355434
6615,56869.450000000004,0.19095751870785607,0.6548273301966773
6616,56133.47,0.21859717116386465,0.5903347962272271
6617,54391.64,0.20055187344470524,0.4284994135245197
6618,52873.42999999999,0.18654230955878937,0.26483102037947365
6619,51311.170000000006,0.14961853036134914,0.03851738120027588
6620,48768.119999999995,0.1059290109709915,0.0
6621,45579.909999999996,0.07104442686485804,0.0
6622,42334.700000000004,0.060961463035226385,0.0
6623,39573.6,0.04892683272728078,0.0
6624,37660.99,0.05475745710543986,0.0
6625,36458.66999999999,0.07899955903306367,0.0
6626,35875.88,0.07884610697104466,0.0
6627,36010.53,0.0866871195552217,0.0
6628,37175.42,0.09653353453834751,0.0
6629,39639.460000000014,0.10111659919207769,0.0
6630,40738.81999999999,0.11256401222298307,0.0
6631,41481.94,0.12702562261650718,0.0
6632,43455.0,0.09230723207934745,0.044262424713681345
6633,46183.46,0.08101216315333465,0.19682292833577128
6634,49180.42000000001,0.0789735220405911,0.3746534962285452
6635,51920.75999999999,0.06676438848522323,0.5236764764025986
6636,54532.44000000001,0.07875137663672965,0.6431757976725486
6637,56528.47,0.09957543082912862,0.7327077594879428
6638,57808.439999999995,0.10315579428338442,0.7534804134761958
6639,58498.950000000004,0.11284654129023824,0.7176065650109161
6640,57951.3,0.13411211639754386,0.6208051627414539
6641,55602.39000000001,0.10603371291944488,0.44994969929403267
6642,53429.479999999996,0.08166474990083784,0.2764045758266666
6643,51055.45,0.06882463476193328,0.03277782903031661
6644,47899.439999999995,0.07214296635577394,0.0
6645,44178.92,0.11984384452259236,0.0
6646,40647.98999999999,0.23169211644186208,0.0
6647,37809.01,0.21808806486424206,0.0
6648,35974.42,0.21823154531212266,0.0
6649,34624.63999999999,0.23485367210230434,0.0
6650,33925.130000000005,0.20646504062878787,0.0
6651,34033.92,0.18753614710125177,0.0
6652,35211.87,0.17727978798132424,0.0
6653,37632.72000000001,0.14175148078469957,0.0
6654,38790.840000000004,0.11663187681289489,0.0
6655,39504.740000000005,0.09857826941528672,0.0
6656,41343.22,0.07684458242203863,0.04355404140912262
6657,43799.81999999999,0.06045457264985675,0.19676581836393098
6658,46578.45999999999,0.04430997538119266,0.37124886329190643
6659,49381.98,0.05065801573742303,0.5186661746422934
6660,52184.45,0.07305869292081874,0.6354066449648771
6661,54493.81,0.0860566919502483,0.7254877411248905
6662,56243.27999999999,0.11582196015342992,0.7463142102789161
6663,57208.96,0.16329681506644422,0.7106204778786713
6664,56848.41,0.2265035532185047,0.6135994218713614
6665,54584.5,0.19232030597344008,0.4438729786364772
6666,52412.9,0.14688852400167524,0.2710713830717255
6667,50371.52,0.11378664291206587,0.029325970540040675
6668,47457.200000000004,0.13936272521998497,0.0
6669,43941.399999999994,0.1890734376142581,0.0
6670,40313.880000000005,0.2562045599083497,0.0
6671,37510.34999999999,0.25488055114219305,0.0
6672,35603.17,0.2518015382876744,0.0
6673,34266.17,0.2503706116588113,0.0
6674,33558.090000000004,0.19838083145534605,0.0
6675,33623.030000000006,0.1610099915573667,0.0
6676,34860.530000000006,0.13137269240229482,0.0
6677,37309.18,0.11680693403888043,0.0
6678,38377.63999999999,0.10350258486397612,0.0
6679,39133.58,0.09635182956960298,0.0
6680,41094.0,0.051739935871441545,0.04263588878491943
6681,43641.26,0.02960073656989769,0.19919299216714764
6682,46446.78999999999,0.021374154905701773,0.38354178473055045
6683,49439.21,0.02469082456385268,0.5361637913992381
6684,52429.88,0.04471382575379865,0.6568206878676451
6685,54764.14000000001,0.08478918899754255,0.7340212888402717
6686,56310.54,0.09068075101765864,0.7538164836951025
6687,57222.57,0.10320399041838678,0.7164149434830929
6688,56919.97,0.11675873790387807,0.6050032728406937
6689,55009.47000000001,0.1046149738189731,0.43604671595696526
6690,52959.46,0.10340231474402867,0.2642632154671375
6691,50709.97000000001,0.1066181603036689,0.027361167854993377
6692,47900.57,0.15195188806973925,0.0
6693,44541.99,0.2278198062847761,0.0
6694,41113.88999999999,0.3230747582991529,0.0
6695,38404.3,0.32663074669662584,0.0
6696,36467.590000000004,0.3340191587946313,0.0
6697,35164.719999999994,0.3492026032560643,0.0
6698,34405.12,0.30982414504488337,0.0
6699,34435.73,0.2854873127829445,0.0
6700,35677.37,0.26881366598638107,0.0
6701,38161.77,0.250929576029126,0.0
6702,39261.380000000005,0.2344902621648153,0.0
6703,40173.219999999994,0.217375094453345,0.0
6704,42418.86,0.15512895512995226,0.0404690046610523
6705,45256.950000000004,0.11861456609075054,0.19580153845477968
6706,48365.89000000001,0.0914264061637871,0.3780120018802358
6707,51472.13,0.1551284011513891,0.5283254477641444
6708,54822.950000000004,0.2712905041426517,0.6465518756232672
6709,57738.29000000001,0.4256311477771057,0.7225883117853013
6710,59935.14,0.4431230209115828,0.7415312501372829
6711,61132.50000000001,0.4478285148277904,0.7040045072947
6712,60591.88,0.4578422313370163,0.5887686650763734
6713,57855.24999999999,0.43978474608946544,0.4238218871770538
6714,55710.5,0.33591265752380434,0.25548804864012353
6715,53659.04,0.24974960168941301,0.02402902065184442
6716,50856.51999999999,0.3595703120672042,0.0
6717,47426.80999999999,0.5322786689446267,0.0
6718,43853.91999999999,0.6376348660812221,0.0
6719,40953.22,0.6220641906040804,0.0
6720,38899.700000000004,0.5950350225247683,0.0
6721,37515.1,0.5541901830566766,0.0
6722,36672.0,0.5354263751409877,0.0
6723,36590.87,0.5187482965159179,0.0
6724,37613.03,0.4977469691832805,0.0
6725,39683.450000000004,0.5259378303097183,0.0
6726,40656.19,0.5333035292866306,0.0
6727,41934.25000000001,0.5299574987646279,0.0
6728,44506.69,0.5200169074257502,0.03838998203232423
6729,47575.37,0.5045980220749378,0.1922782924997034
6730,50801.82,0.4494189872828682,0.37283037020440957
6731,53805.700000000004,0.4975768977643643,0.5218182057804074
6732,57063.44,0.4997822864246445,0.6389243995765072
6733,59761.82999999999,0.4989025684662108,0.715125576041927
6734,61756.69,0.5204528885550246,0.7334589752713816
6735,62461.219999999994,0.5153834307227649,0.6957125786909513
6736,61359.94,0.52098636991143,0.5879394722159982
6737,58074.16,0.5369653275896836,0.4223172590727975
6738,55405.01,0.5076404723442822,0.2529587358488077
6739,53120.380000000005,0.43564597224345813,0.023754453479534844
6740,50555.63000000001,0.5180646869688732,0.0
6741,47744.85,0.6519053538704269,0.0
6742,44736.23,0.7121427669234912,0.0
6743,41940.060000000005,0.7007169590565524,0.0
6744,39753.369999999995,0.6684842703326751,0.0
6745,38219.51000000001,0.6012080056550133,0.0
6746,37125.46,0.5761991973958577,0.0
6747,36487.27999999999,0.5631851329880939,0.0
6748,36493.81,0.5462954345518648,0.0
6749,37068.81,0.5196850742663665,0.0
6750,37662.51,0.4913180479568164,0.0
6751,39289.270000000004,0.46086030654957794,0.0
6752,42247.54,0.5107599256339178,0.037121481696254
6753,45498.909999999996,0.5241257664293422,0.19329858411200568
6754,48562.4,0.4801714452857533,0.37568806533380744
6755,51584.02,0.5067746038499293,0.5255292556813436
6756,54516.630000000005,0.49857405917820613,0.6425706516247783
6757,57013.29000000001,0.5047243291873579,0.7179085889004567
6758,59032.14,0.5445293508922382,0.7354633156292415
6759,59911.590000000004,0.5807545631214254,0.6965033321472026
6760,59239.53999999999,0.6141489448924283,0.5856737439100999
6761,56668.71,0.6266716303145935,0.41990326449385174
6762,54181.61,0.6319233470941608,0.250009884418203
6763,52062.2,0.605081977747789,0.020007160711853825
6764,49624.00000000001,0.7128119730278919,0.0
6765,46994.189999999995,0.832824781012274,0.0
6766,44495.10999999999,0.877587356879638,0.0
6767,42099.58,0.8917060545425136,0.0
6768,40140.090000000004,0.8920450894232197,0.0
6769,38861.409999999996,0.881070774085326,0.0
6770,38058.329999999994,0.8647688469047004,0.0
6771,37669.38,0.8384443395578363,0.0
6772,37834.939999999995,0.809112836569676,0.0
6773,38557.11,0.8150886033314054,0.0
6774,39401.65000000001,0.8156121130736728,0.0
6775,41258.38,0.7926098151705923,0.0
6776,44416.530000000006,0.7438691192405616,0.0341726302656492
6777,47498.189999999995,0.6977326765363486,0.18235763142981398
6778,50465.45,0.6177005014613957,0.35668911527867436
6779,53228.7,0.6427209432703793,0.5001735264528994
6780,55894.229999999996,0.6542713963140482,0.612619766200561
6781,58287.36,0.6416235117365898,0.6900905412707404
6782,59957.659999999996,0.6427148495061835,0.7100427885481322
6783,60797.259999999995,0.5981489360287714,0.6753210239378639
6784,60625.80000000001,0.504047921361635,0.5730107059231824
6785,59201.00000000001,0.6723892652249928,0.40987277655503845
6786,58550.01,0.6926981193535735,0.24248454735954225
6787,57302.369999999995,0.6932714871665325,0.019916004410647052
6788,54647.62,0.7828088264296525,0.0
6789,50293.49,0.8925924202437063,0.0
6790,46842.990000000005,0.9453356112931853,0.0
6791,43481.98,0.8549529007425528,0.0
6792,40733.4,0.7738443453192132,0.0
6793,38947.520000000004,0.7273034982638312,0.0
6794,38037.700000000004,0.6829303693264285,0.0
6795,37601.619999999995,0.6200078221773129,0.0
6796,37798.1,0.5397778767552811,0.0
6797,39036.28999999999,0.4653935131326158,0.0
6798,39915.119999999995,0.36994245270685017,0.0
6799,40621.810000000005,0.26630746696625823,0.0
6800,42343.729999999996,0.21538354151847747,0.032986500081271866
6801,44288.12,0.19593833996999654,0.19398060896802274
6802,45987.630000000005,0.19681805792843043,0.378796165724352
6803,47729.32000000001,0.15569124337164653,0.5337904327617937
6804,50112.57,0.17420243706249547,0.6574038685416306
6805,52551.53,0.2288479904981597,0.7313481028506658
6806,54745.130000000005,0.28856189380895714,0.7500076878808244
6807,56110.47,0.370634925910907,0.7101273552372038
6808,55956.37999999999,0.4731126504328789,0.5950375827545453
6809,53867.43,0.444407143221186,0.42405472013917234
6810,52364.909999999996,0.4163885694279177,0.24900936164230683
6811,50838.12000000002,0.3958736352738095,0.017979756711519954
6812,48505.16999999999,0.444136801682322,0.0
6813,45250.53,0.4993673564807736,0.0
6814,42122.59,0.547156317239148,0.0
6815,39718.55999999999,0.6014484323514617,0.0
6816,38243.18,0.6434649364808179,0.0
6817,37412.82000000001,0.6740644964002472,0.0
6818,37146.15,0.6890512784717282,0.0
6819,37709.34999999999,0.7060019145499145,0.0
6820,39590.66,0.7274281434405612,0.0
6821,42394.77,0.7204834681717156,0.0
6822,43868.64,0.6953838074281878,0.0
6823,44686.780000000006,0.6547428320713702,0.0
6824,46587.25,0.6994522259966629,0.028623078578928162
6825,48784.049999999996,0.7234145687498477,0.1792066985603893
6826,50954.94,0.6729714966949639,0.3477052774007053
6827,52923.21,0.6795433443907454,0.4891370243947438
6828,55097.530000000006,0.6848205441842221,0.6005926257847127
6829,56694.49999999999,0.6550685714665585,0.6643427301202381
6830,58081.71000000001,0.6664794219122896,0.6816909823354463
6831,58759.34999999999,0.6653216067151065,0.6456699658658087
6832,58177.8,0.6209545715418995,0.5510299563767674
6833,56952.24,0.6872691294337675,0.39112972310449784
6834,56715.57,0.6983065983278712,0.2278204638208327
6835,55677.560000000005,0.7058168857097906,0.018316925199116103
6836,53810.23,0.8079721947079538,0.0
6837,50983.28,0.9241248800636411,0.0
6838,48010.16000000001,0.9883093903798299,0.0
6839,45572.979999999996,0.988151506489305,0.0
6840,43870.77,0.9679468003306143,0.0
6841,42717.87999999999,0.9421768255255595,0.0
6842,42167.43000000001,0.91986256899803,0.0
6843,42254.79,0.8927503041342312,0.0
6844,43407.66,0.8326763147573242,0.0
6845,45651.45,0.865993693508036,0.0
6846,46589.39,0.8486901730850623,0.0
6847,47132.06,0.7767172781482049,0.0
6848,48930.86,0.7541127368535346,0.02623544244852413
6849,51080.98999999999,0.6877339174483302,0.16579793613347915
6850,53126.17,0.5531957915356508,0.2792633692247539
6851,55254.439999999995,0.5584957044502207,0.3962641292266868
6852,57122.19999999999,0.6005642825645218,0.48980696829517917
6853,58080.03,0.5765105333484016,0.4604348704701906
6854,58075.57,0.6034383233506396,0.472360970166629
6855,57685.81,0.5849697860091606,0.4468372058287314
6856,56533.60999999999,0.5705596956220181,0.3727919308002862
6857,54881.450000000004,0.5209453754977498,0.2639491106220152
6858,53829.799999999996,0.4605866411393346,0.15219917322333065
6859,52011.51,0.44148213640724976,0.013991943100895743
6860,49447.149999999994,0.35312255556958977,0.0
6861,46358.74999999999,0.32688502285715554,0.0
6862,43357.67999999999,0.36455611913641395,0.0
6863,40883.09000000001,0.2841079061604632,0.0
6864,39151.85,0.2349550501793782,0.0
6865,38057.27,0.2209477022077153,0.0
6866,37411.009999999995,0.18743809289555746,0.0
6867,37617.13999999999,0.1612908586889322,0.0
6868,39080.94,0.15358834074556657,0.0
6869,41667.56,0.1410673172590914,0.0
6870,43320.81,0.14157642355871394,0.0
6871,43806.75,0.14898090103505357,0.0
6872,44654.96,0.14287550328952478,0.02441121815569934
6873,45778.21,0.1318358184811681,0.17487183204396584
6874,46876.560000000005,0.12920774417713132,0.35809050612614246
6875,48271.27,0.17104254333774305,0.5062227903932238
6876,49767.21000000001,0.31949051699495434,0.6237617020528837
6877,51058.49,0.45138339526813676,0.7116385729535957
6878,52525.82,0.4997063913614798,0.7313887387921677
6879,53847.53,0.5162902936307979,0.693416098861754
6880,54191.08000000001,0.5487634090511233,0.5825744296690692
6881,53004.85999999999,0.513806807731768,0.4124075806898002
6882,52347.53999999999,0.34912837012858955,0.23728644165337745
6883,51009.619999999995,0.1953815915139348,0.011884365486247474
6884,48897.869999999995,0.22356137306910775,0.0
6885,46109.55,0.2713841265198402,0.0
6886,43138.62,0.32545797407823496,0.0
6887,40714.159999999996,0.28901615623081844,0.0
6888,39041.06999999999,0.25974780679886816,0.0
6889,37984.85,0.23854538524777252,0.0
6890,37453.65999999999,0.2380130118484936,0.0
6891,37758.12,0.2390478438046361,0.0
6892,39211.63,0.2457869930265178,0.0
6893,41920.259999999995,0.23907942058274112,0.0
6894,43512.89,0.25259926741874794,0.0
6895,44381.850000000006,0.27804073293579845,0.0
6896,46367.100000000006,0.2599915573666961,0.02469347320883358
6897,48466.43000000001,0.4005896547827185,0.18085410159424664
6898,50640.079999999994,0.4638988789689795,0.3591547284860143
6899,52592.4,0.49842393098756654,0.5107806054535626
6900,54521.41999999999,0.5455774783338986,0.6331046737922338
6901,55524.23,0.5467585606307379,0.7069522604566157
6902,55164.87999999999,0.5602556943456516,0.7277380936691396
6903,53932.97,0.5506807288585162,0.6905825656435189
6904,52423.810000000005,0.5527647962134457,0.5845161687116428
6905,49622.56999999999,0.5656686188871235,0.41294683061621634
6906,47993.83,0.5644670393834442,0.2362540690854935
6907,46114.57000000001,0.5333594811215185,0.011082629343103528
6908,43970.4,0.586220669604969,0.0
6909,41499.03999999999,0.5911466469893485,0.0
6910,38767.79999999999,0.525207686563361,0.0
6911,36295.35999999999,0.46429718955595306,0.0
6912,34463.479999999996,0.4779859998537497,0.0
6913,33204.02,0.45769376508206644,0.0
6914,32333.849999999995,0.40976741764000696,0.0
6915,31945.9,0.4038187958278767,0.0
6916,32172.829999999998,0.3935147945515101,0.0
6917,32963.25,0.35568969223166946,0.0
6918,33756.11999999999,0.33537252842464016,0.0
6919,34811.17,0.32707005169727943,0.0
6920,36063.829999999994,0.28213518849674596,0.024220119403771875
6921,36980.63,0.24526902306988327,0.19033435691975165
6922,37554.39,0.184391210797707,0.37896420083380544
6923,37975.43,0.19731885454960438,0.5376420610549525
6924,38393.84,0.2165086719804291,0.6636672948763568
6925,38958.59000000001,0.24792978210915156,0.7390711282733895
6926,39650.79,0.23786011376503788,0.7569201910108901
6927,40261.780000000006,0.23844123727788236,0.7145984070710927
6928,40307.439999999995,0.258655361072148,0.5998919303609785
6929,39438.68,0.21129407176459902,0.42130026226656275
6930,39467.24999999999,0.1813980646204916,0.23781800369896874
6931,38500.15999999999,0.18125403019404762,0.014378533679507614
6932,37146.450000000004,0.1922383171460796,0.0
6933,35618.549999999996,0.21513646707927,0.0
6934,33961.479999999996,0.2388905138926744,0.0
6935,32366.559999999994,0.21039607251357811,0.0
6936,31285.239999999998,0.1734866967587822,0.0
6937,30480.43,0.15092813568486158,0.0
6938,30073.839999999997,0.14121522953547785,0.0
6939,29964.870000000003,0.13682993522882636,0.0
6940,30229.719999999998,0.1481333138332879,0.0
6941,30846.249999999996,0.16443801090673,0.0
6942,31623.890000000007,0.18325001495742127,0.0
6943,32787.149999999994,0.2023750168963462,0.0
6944,34062.26,0.15781187331175037,0.023036185756773016
6945,35070.53,0.12950855453697366,0.1860983345853596
6946,35879.08,0.11132365421987632,0.36259889909546567
6947,36626.159999999996,0.11886718031559054,0.5152966863037106
6948,37375.12,0.1509248118134821,0.6357965303495566
6949,38300.240000000005,0.19688231944176687,0.7268320220005177
6950,39239.07,0.21778282267589366,0.7440199269870971
6951,39887.36,0.23966885377403438,0.7018782591123348
6952,40073.810000000005,0.2631459113058161,0.5854475005601171
6953,39631.939999999995,0.2535144400052295,0.4103593095843709
6954,40579.950000000004,0.22109949233404463,0.23010046961969138
6955,39992.04,0.18167505390211422,0.007024526536368066
6956,38509.469999999994,0.22714450641617978,0.0
6957,36347.829999999994,0.2904332333956006,0.0
6958,34230.75,0.3467761771490491,0.0
6959,32385.82,0.31818423554282144,0.0
6960,31274.010000000006,0.29417037278325475,0.0
6961,30755.48,0.2746492761716093,0.0
6962,30686.44,0.27025401025081935,0.0
6963,31193.769999999997,0.27356292420908485,0.0
6964,32707.73,0.27616717743490204,0.0
6965,35535.39,0.2802876699883222,0.0
6966,37219.05,0.2833716686499099,0.0
6967,37620.65,0.2841693977809835,0.0
6968,38404.77999999999,0.31351752012604117,0.02054421410089135
6969,39286.19,0.36308918390093986,0.177214439158111
6970,40124.829999999994,0.380854168467097,0.35130430389533907
6971,40931.51000000001,0.4413940538156936,0.49875017023164653
6972,42014.09999999999,0.49909036719915084,0.6138168790718308
6973,43105.93000000001,0.5200368506540273,0.6814328891934749
6974,44196.579999999994,0.5675665494448028,0.6969569171158577
6975,45233.86000000001,0.5999321930238587,0.6567339246411952
6976,45252.479999999996,0.6220741622182189,0.5453870518514614
6977,44293.99,0.6355502447477293,0.38111680746471244
6978,44343.649999999994,0.6366786990810606,0.2118582266914434
6979,43382.22,0.6091930526656341,0.010870663486080536
6980,41546.530000000006,0.7057337889253039,0.0
6981,38978.24,0.8134166960275306,0.0
6982,36278.92,0.867444563365176,0.0
6983,34248.47,0.8799179446952122,0.0
6984,33100.33,0.8468210494126721,0.0
6985,32363.35,0.8015648786454563,0.0
6986,32093.58,0.7659396252002634,0.0
6987,32552.65,0.72853222271711,0.0
6988,33953.14,0.6726302459000049,0.0
6989,36668.65,0.6353474885935815,0.0
6990,38007.7,0.5683437813690364,0.0
6991,38423.54,0.4809004810749843,0.0
6992,39483.98,0.5079828310963677,0.017885305604245463
6993,40820.46,0.5455752624196456,0.17040627155352295
6994,42452.19,0.5404986028660634,0.353050551111228
6995,44130.229999999996,0.5972642322632685,0.501264107261313
6996,45949.39,0.6262461747780209,0.616605383273807
6997,47637.82000000001,0.6550331168385107,0.6918653434725495
6998,49019.06,0.6664794219122896,0.7078111065716002
6999,50068.85999999999,0.6646634801819707,0.6667731987295221
7000,49870.42,0.6563720830258751,0.5502446942639618
7001,48549.189999999995,0.6475056561211308,0.3845609780741635
7002,48243.62000000001,0.6228502861853257,0.2129510040372356
7003,47096.310000000005,0.6043745471225247,0.005654985480887925
7004,45148.25,0.7066450836618425,0.0
7005,42332.01,0.8350490049437048,0.0
7006,39321.02,0.8919614386601696,0.0
7007,36977.64,0.8523924118232322,0.0
7008,35433.34,0.8055745754862272,0.0
7009,34557.340000000004,0.7548495283426513,0.0
7010,34211.75,0.6895005550865204,0.0
7011,34572.340000000004,0.6134082755533694,0.0
7012,36117.62,0.5433344191313174,0.0
7013,38798.34999999999,0.4839872496293884,0.0
7014,40086.99,0.4086794037417928,0.0
7015,40445.729999999996,0.3383368677165668,0.0
7016,42018.219999999994,0.3040655378799462,0.015950156173807604
7017,44043.99999999999,0.30600944865837476,0.16971546054799205
7018,46144.47,0.3124904438697841,0.3516612412193416
7019,48164.340000000004,0.2663035891163156,0.5008500599654702
7020,50292.57000000001,0.2611432787996835,0.617449951895831
7021,52004.43000000001,0.3145307469182174,0.6937269089008087
7022,53328.47,0.26987010310649023,0.7090818034450488
7023,54100.12,0.22623985942239977,0.6670927949180907
7024,53746.48,0.20683786820185204,0.543310225760111
7025,52232.23,0.16830699719243664,0.37814708892901217
7026,51539.78,0.1557499650993505,0.20732347527357858
7027,50013.0,0.1696066309018107,0.003307985291985712
7028,47664.35,0.16433330895827658,0.0
7029,44392.29,0.18027238017997654,0.0
7030,41055.170000000006,0.24007658199658305,0.0
7031,38354.31,0.22674951970058566,0.0
7032,36539.090000000004,0.2323784958817235,0.0
7033,35444.47,0.24963105027687854,0.0
7034,34900.03,0.2520547064910777,0.0
7035,35109.88,0.2656986445252514,0.0
7036,36507.770000000004,0.28728386526354976,0.0
7037,39124.090000000004,0.24438487328294345,0.0
7038,40397.75,0.21143201242684723,0.0
7039,40856.24,0.1870408902657103,0.0
7040,42442.72,0.1431380891285031,0.013872231813768766
7041,44461.37999999999,0.12590104613311887,0.16724984734065204
7042,46736.42999999999,0.12074239775217656,0.33780438516722217
7043,49050.090000000004,0.1473882126657227,0.48261660318673605
7044,51344.92,0.19887719624801398,0.5962907073289662
7045,52963.52999999999,0.2502487363748973,0.6763566913118154
7046,54363.55,0.33203923940959185,0.6915655161203871
7047,55190.850000000006,0.39508809367112724,0.6505473771147162
7048,54559.29,0.4566212625836231,0.5328975403174433
7049,52359.090000000004,0.4525517360580215,0.36991556510317114
7050,51044.66,0.3847442059382071,0.20122259270485995
7051,49305.979999999996,0.31918305889235316,0.0022250923643967638
7052,46924.079999999994,0.29827369200121434,0.0
7053,43820.85999999999,0.2687250294162617,0.0
7054,40611.39000000001,0.23939075653528516,0.0
7055,37974.59,0.22189555952942847,0.0
7056,36141.99,0.2057625958105925,0.0
7057,34940.299999999996,0.19471072347384447,0.0
7058,34347.5,0.1573099687334499,0.0
7059,34446.64,0.13319417391824606,0.0
7060,35679.310000000005,0.1201247116541579,0.0
7061,38276.850000000006,0.11303710991599474,0.0
7062,39649.85,0.1065527908332059,0.0
7063,40282.74,0.10003024722955321,0.0
7064,42013.81999999999,0.07070871585553125,0.011624075806898
7065,44281.86,0.059254655081866975,0.1593719660327459
7066,46727.17,0.048329089857538886,0.3393035219280325
7067,49109.21,0.0877529743109061,0.48508111812538673
7068,51649.93999999999,0.14756714774165094,0.5989858586923572
7069,53688.08000000001,0.19868330375087814,0.672231594115037
7070,55421.920000000006,0.26279191900390225,0.6872383374847888
7071,56116.21,0.3299801010900082,0.6461751694628586
7072,55281.420000000006,0.38610311535384845,0.5230790182356532
7073,52589.13,0.41292343351481675,0.3622771063695188
7074,50979.31000000001,0.40895417710916265,0.19549621975917153
7075,49194.1,0.4052558162209356,0.0020219126568876812
7076,47389.01999999999,0.46393433359702707,0.0
7077,45211.700000000004,0.57927544035756,0.0
7078,42767.75,0.7074959947349878,0.0
7079,40452.37,0.6484308003217506,0.0
7080,38710.0,0.6089421003764842,0.0
7081,37516.29999999999,0.5861309250777235,0.0
7082,36688.78000000001,0.5816414828011818,0.0
7083,36226.4,0.587215615104558,0.0
7084,36399.130000000005,0.5933647771565831,0.0
7085,37176.19999999999,0.5225325240814482,0.0
7086,38271.68000000001,0.43370760125066204,0.0
7087,39852.09000000001,0.351823475838779,0.0
7088,42478.72999999999,0.36327532069819024,0.0098426839929535
7089,45065.82,0.40257400599626403,0.15514363157917857
7090,47356.19,0.4085586364150055,0.32893366896424453
7091,49504.37,0.48424484966129755,0.47170091068439673
7092,51288.659999999996,0.5202202175584614,0.5837188256432556
7093,52835.45,0.5423793600882821,0.6556872745803513
7094,53895.619999999995,0.6023037752531128,0.6707851742513096
7095,53937.97,0.6353940227928939,0.6308444368297811
7096,53085.47,0.6276560502214804,0.5103358066344211
7097,51186.14000000001,0.6384414588693076,0.352912169256384
7098,50038.7,0.6383356489637276,0.18937666662273592
7099,48512.31,0.6372825357149979,0.0015935878680847504
7100,46819.14000000001,0.7479297821091515,0.0
7101,44779.76,0.878735200462683,0.0
7102,42627.67999999999,0.9411829879830972,0.0
7103,40354.71000000001,0.9025036507187321,0.0
7104,38621.76,0.8485594341441365,0.0
7105,37282.27999999999,0.8020850645163439,0.0
7106,36391.490000000005,0.7778335449531447,0.0
7107,35966.10999999999,0.762592486721134,0.0
7108,35861.01,0.7375410221126084,0.0
7109,36188.36,0.7533992124640746,0.0
7110,36998.83,0.7496166468342343,0.0
7111,38442.299999999996,0.7104664277911101,0.0
7112,41135.310000000005,0.6689501663043648,0.009392393830365806
7113,43728.75,0.6253005333705609,0.158007916320712
7114,46388.09999999999,0.5639130608201987,0.3387895321814688
7115,48875.61999999999,0.579239431750949,0.4863518149988355
7116,51165.85,0.5890902785625808,0.6018139005671456
7117,53211.22,0.5976398297291489,0.6768025883996467
7118,54925.299999999996,0.6093271154779395,0.6925363856416742
7119,55979.26000000001,0.5986923889993152,0.651243679463693
7120,55777.66,0.5799263651693735,0.5290129639636075
7121,53894.32,0.4690968598279122,0.3653324898629796
7122,53353.899999999994,0.3409920869702026,0.1944967952519647
7123,51798.93000000001,0.26594294907164256,0.0008105222926578537
7124,49513.67,0.21533035957640587,0.0
7125,46439.420000000006,0.2031356294636823,0.0
7126,43069.54,0.25349283484126295,0.0
7127,40328.909999999996,0.2273882569840077,0.0
7128,38457.49,0.21020716582351126,0.0
7129,37286.93000000001,0.21065533448117696,0.0
7130,36639.15,0.1758117447887237,0.0
7131,36819.0,0.1650944755041759,0.0
7132,38283.63999999999,0.16814468147340575,0.0
7133,40903.939999999995,0.14283617081153432,0.0
7134,42309.26,0.12034297920807656,0.0
7135,42691.15,0.09863976103580696,0.0
7136,44217.72,0.07186265320277166,0.008587362881154139
7137,46323.38,0.057633159827247336,0.15487455575031508
7138,48948.33,0.047960140134417364,0.3349170367832146
7139,51923.5,0.07241109198038476,0.48055625112572514
7140,55335.659999999996,0.11419437113461456,0.593584573278683
7141,58319.50000000001,0.17643053884386886,0.6650181653641197
7142,60412.03999999999,0.21860935869225606,0.679196814142186
7143,61561.05000000001,0.29068750955613026,0.6371847419727537
7144,60819.52,0.3905277421384903,0.5153494032007939
7145,58104.52,0.37934900871075883,0.3550109607215184
7146,56541.28,0.3515963446278483,0.18739648817603916
7147,54380.20999999999,0.3337748542482401,4.83238223264845e-05
7148,51668.08000000001,0.3655156100079551,0.0
7149,48125.14,0.41408014075487337,0.0
7150,44690.85,0.4596349059676787,0.0
7151,41865.909999999996,0.4644811104389506,0.0
7152,40084.00000000001,0.4740660475402244,0.0
7153,39041.49999999999,0.4793138864698493,0.0
7154,38602.78,0.5200141375329341,0.0
7155,38968.97,0.5787912630932834,0.0
7156,40486.74,0.6181109995767604,0.0
7157,43253.16,0.5967224412284143,0.0
7158,44793.299999999996,0.5670541192738006,0.0
7159,45214.780000000006,0.535531631068004,0.0
7160,46578.06999999999,0.6063201198366429,0.006992676744380157
7161,48422.90999999999,0.6760693448206329,0.14647609508370993
7162,50374.35,0.6155987067924421,0.3137457112607684
7163,52405.30000000001,0.6338456527086228,0.4517190101523955
7164,54326.39,0.6693180080703597,0.5601027540185651
7165,55678.33,0.6550685714665585,0.6264623447597204
7166,56484.08,0.6664794219122896,0.6427024438674871
7167,56925.32000000001,0.6682549232074915,0.6051669148753901
7168,56224.899999999994,0.6171094063344122,0.48613435779836645
7169,54931.66,0.6872691294337675,0.3344063418427189
7170,54807.4,0.7023982839960026,0.17599426264436738
7171,53707.439999999995,0.697302235192707,4.7225553637246226e-05
7172,51815.850000000006,0.7877818919919075,0.0
7173,48954.310000000005,0.9011846277596445,0.0
7174,46073.45,0.9647946623057472,0.0
7175,43428.86,0.9599844664410865,0.0
7176,41713.15,0.9327259512365911,0.0
7177,40687.82000000001,0.913556077034043,0.0
7178,39734.880000000005,0.8865512840115138,0.0
7179,39400.840000000004,0.8475722443444329,0.0
7180,40073.729999999996,0.8425044484478631,0.0
7181,41984.85,0.8568242403291962,0.0
7182,43104.030000000006,0.8922229165420216,0.0
7183,42971.69999999999,0.8596672583157722,0.0
7184,42854.98000000001,0.8004846204471273,0.005957009370428454
7185,42799.71999999999,0.7412709597789404,0.1508395165860536
7186,43178.33000000001,0.6503569837861555,0.339430921095984
7187,43975.39,0.6410772888732299,0.49452183577807923
7188,44936.25,0.46213445724504254,0.6190874705114854
7189,45701.76,0.17170233180656846,0.7105249285027078
7190,46369.55999999999,0.18026739437290737,0.7276447408305543
7191,46466.33,0.31235527310035216,0.683999543120225
7192,45809.299999999996,0.3437858008646497,0.5567497397103203
7193,44596.4,0.6303001899038515,0.3799932785956219
7194,44209.69,0.7023982839960026,0.196411077577307
7195,43001.08000000001,0.686047052723248,2.416191116324225e-05
7196,41122.80999999999,0.7359904361140842,0.0
7197,38532.33,0.7877708124206426,0.0
7198,35814.9,0.5942350774794422,0.0
7199,33753.0,0.5584209173441828,0.0
7200,32572.37,0.5121349004278933,0.0
7201,31849.910000000003,0.47744808666883837,0.0
7202,31589.769999999997,0.5255223463872843,0.0
7203,32044.95,0.5983095898121131,0.0
7204,33529.69,0.6419038248895922,0.0
7205,36388.840000000004,0.685270374777578,0.0
7206,37875.969999999994,0.6892147021478859,0.0
7207,38026.15,0.6470746607989258,0.0
7208,38678.28,0.6844848331748955,0.007899846681690973
7209,39400.100000000006,0.6647150001883527,0.16096225909476297
7210,39958.909999999996,0.6046604000611593,0.35044655604904423
7211,40526.49,0.5692179595418376,0.5072441802742154
7212,41034.049999999996,0.5435155701214986,0.6297000408555945
7213,41243.83,0.3432484416583017,0.7066106988942626
7214,41512.92999999999,0.35035986447468437,0.7223961147646842
7215,41972.500000000015,0.36634990172420295,0.6776361743347783
7216,41766.880000000005,0.38531314192266014,0.548741164428395
7217,41325.030000000006,0.5339793831337903,0.37472378542465634
7218,41799.38,0.590697370374556,0.19255725274676988
7219,40991.16,0.5545757521366954,1.8670567717050832e-05
7220,39553.979999999996,0.5932323762799675,0.0
7221,37373.520000000004,0.6274416605175046,0.0
7222,34947.69000000001,0.557760574896794,0.0
7223,33297.240000000005,0.5875690534279089,0.0
7224,32300.109999999997,0.6008916838954002,0.0
7225,31665.05,0.6091204814738488,0.0
7226,31462.17,0.6339830393923077,0.0
7227,31834.370000000003,0.6521895448733716,0.0
7228,33229.1,0.657409684874834,0.0
7229,36051.549999999996,0.6600272335861693,0.0
7230,37661.22999999999,0.6418406713333824,0.0
7231,37831.44,0.6086933640015864,0.0
7232,38455.87000000001,0.5699818959805534,0.007504469953565192
7233,38976.73000000001,0.5218040422707801,0.1585098251116939
7234,39242.08000000001,0.45946760444157864,0.3480314632014092
7235,39460.18000000001,0.5267300196551594,0.5043908782195744
7236,39841.149999999994,0.5817877331418784,0.6260867368680011
7237,40209.04000000001,0.5730332099069095,0.7014488360548427
7238,40547.340000000004,0.5895739018482941,0.7155154614266065
7239,40850.399999999994,0.594136469295184,0.6694430899130607
7240,40521.560000000005,0.5913344457222882,0.5387699829988004
7241,39737.01,0.5932528734868076,0.3668426093106826
7242,39820.84,0.5056954536087271,0.18674301830594237
7243,38850.770000000004,0.32851150391884437,1.0982686892382841e-05
7244,37746.82,0.21345071031131382,0.0
7245,36196.259999999995,0.14563265459879765,0.0
7246,34550.030000000006,0.10610185228272408,0.0
7247,32989.939999999995,0.0690573057584964,0.0
7248,31925.18,0.04614863023260452,0.0
7249,31189.719999999994,0.0455713845697027,0.0
7250,30909.51,0.047755722044579764,0.0
7251,30941.16,0.06190987433550272,0.0
7252,31680.57,0.0899744283495206,0.0
7253,33001.049999999996,0.0807551170999887,0.0
7254,34444.810000000005,0.08040943447652352,0.0
7255,35827.08,0.08394049383865042,0.0
7256,36874.63999999999,0.08815737866207528,0.006924584085647382
7257,37234.56,0.09679335048450968,0.15454946821830057
7258,37396.520000000004,0.10180630250331835,0.34349012217140873
7259,37572.969999999994,0.14075210345660463,0.4972422473213222
7260,37955.909999999996,0.21325570985705145,0.6156872306496037
7261,38711.21,0.2940019633000282,0.6891240648242107
7262,39671.94,0.261710552848447,0.7016256573138099
7263,40536.29000000001,0.23155639169386705,0.6549327639908444
7264,40707.1,0.22241131357181,0.5259136497225771
7265,40004.17,0.2347755611248868,0.35765778826258265
7266,39735.5,0.24752537775798233,0.18077941932337854
7267,38673.53,0.2611155798715213,8.786149513906273e-06
7268,37580.87,0.29710313529707655,0.0
7269,36075.26,0.3547717497523715,0.0
7270,34512.81,0.40222776939423555,0.0
7271,32953.41,0.35615171035341625,0.0
7272,31864.700000000004,0.31545976896878,0.0
7273,31170.24,0.280790128545186,0.0
7274,30807.77,0.23440882731601825,0.0
7275,30684.18,0.2182614601545379,0.0
7276,30971.03,0.22575956000806605,0.0
7277,31725.449999999997,0.18429648046339206,0.0
7278,32791.81,0.18718769458497034,0.0
7279,34003.240000000005,0.22424941444465857,0.0
7280,35512.86,0.20780954660178472,0.006206316362885544
7281,36680.19,0.19324766608831306,0.14798841106879107
7282,37815.22,0.17319585801307835,0.33209668278925075
7283,38901.06,0.26694842016393333,0.48449024957057685
7284,40235.79,0.3757121394430522,0.6039994552587296
7285,41601.22,0.41445518424219063,0.6787399343674629
7286,43079.62,0.46282970034191573,0.6931942485865275
7287,44205.67,0.5176192882040238,0.6487956385553809
7288,44108.74999999999,0.5463657898293968,0.518058832057145
7289,42432.48,0.532952306877533,0.35135043118028714
7290,41603.240000000005,0.4893131995364308,0.17607443625868166
7291,40850.7,0.3946953228697863,1.098268689238284e-06
7292,39832.12,0.4175153618255589,0.0
7293,37753.579999999994,0.4525700173506085,0.0
7294,35359.44,0.48002020913798743,0.0
7295,33174.77,0.4741109198038473,0.0
7296,31976.030000000002,0.47235203786554286,0.0
7297,31234.370000000003,0.47504215776866293,0.0
7298,31028.629999999994,0.4356382165435727,0.0
7299,31478.23,0.39823026008185597,0.0
7300,32912.590000000004,0.36306259292990395,0.0
7301,35581.61,0.34353374061837305,0.0
7302,37256.67,0.3231007952916254,0.0
7303,37630.14,0.3014081027120574,0.0
7304,38394.79999999999,0.2553320436712381,0.004757699961780247
7305,39414.06,0.23393849951582277,0.13603046158036466
7306,40529.12999999999,0.20732315342325514,0.31224547623126875
7307,41719.95999999999,0.1463489488810741,0.44670102051126587
7308,43011.69,0.1408833963760939,0.5710305274764853
7309,44238.09000000001,0.18022196813072128,0.6381083859404035
7310,45420.6,0.19211034809797006,0.6490625178468659
7311,46316.98,0.21268898978685127,0.5924731253651737
7312,46057.200000000004,0.249878124716086,0.4634573059029744
7313,45267.41,0.21783655859652853,0.3171305753610009
7314,45335.78,0.22148838528544298,0.15695028357297555
7315,43943.88,0.27308594866613045,0.0
7316,41956.17,0.3611834976433752,0.0
7317,39227.53,0.5027654609877216,0.0
7318,36410.85000000001,0.6135755770794695,0.0
7319,34355.14,0.6026284066911748,0.0
7320,33026.52999999999,0.5919427141847321,0.0
7321,32228.61,0.5828441702619876,0.0
7322,31866.42,0.6282349578200724,0.0
7323,32137.249999999996,0.6591181547638834,0.0
7324,33642.47,0.6486047495906101,0.0
7325,36404.61,0.6636469295184153,0.0
7326,38084.15,0.6646396591037516,0.0
7327,38409.340000000004,0.6519036919347371,0.0
7328,39334.289999999986,0.5895611603413394,0.004226137916188917
7329,40448.05,0.5538921425896506,0.12436355329458636
7330,41524.93,0.5072255424004114,0.2815598490539512
7331,42341.18000000001,0.5518778765336896,0.4064999934103877
7332,43151.08,0.560041858620239,0.5234689036203324
7333,43718.950000000004,0.5468294698868333,0.5741386278670302
7334,44562.88999999999,0.551079593424053,0.5863524739600493
7335,45190.41,0.5515044949820623,0.5374817138263238
7336,45245.82,0.5389264117035728,0.4372020946180439
7337,44962.91000000001,0.5719424261158792,0.29812942876848925
7338,44853.170000000006,0.5890697813557406,0.14677482416718274
7339,43701.00000000001,0.600221369833873,0.0
7340,41932.909999999996,0.6580085357017024,0.0
7341,39425.369999999995,0.7273583421415923,0.0
7342,36924.700000000004,0.7552799696862933,0.0
7343,35046.020000000004,0.7143581271979101,0.0
7344,33790.09,0.6584999146873012,0.0
7345,33057.200000000004,0.6085421278538209,0.0
7346,32776.69,0.5748801744367702,0.0
7347,33196.23,0.5098242558405961,0.0
7348,34800.3,0.46424012976393886,0.0
7349,37707.22,0.4537383581404934,0.0
7350,39537.93000000001,0.46112898615275183,0.0
7351,40087.01,0.4694087497590195,0.0
7352,41017.18000000001,0.44103064387820434,0.002895036264832117
7353,41999.68,0.46116167088798354,0.09061155993691536
7354,42593.15,0.5047210053159784,0.22538011079334522
7355,42841.92,0.4164600326625762,0.3266701371957245
7356,43034.89,0.3402093152603368,0.42225685429488935
7357,42746.98,0.30596790026613147,0.4809955586014205
7358,42368.97,0.29919772824470797,0.49079321357811495
7359,42624.729999999996,0.30145740680418637,0.4485548980586999
7360,43091.28,0.3212721120543521,0.3637498846817875
7361,43683.90000000001,0.33474708662673597,0.24756843312202625
7362,43638.36,0.36277895590552234,0.12071839951500449
7363,42690.16000000001,0.40959291439258466,0.0
7364,41148.62,0.44033373884564164,0.0
7365,38870.219999999994,0.4922271267791023,0.0
7366,36581.23,0.5477102958023936,0.0
7367,34994.46,0.4909906466259382,0.0
7368,34008.740000000005,0.4311831209379523,0.0
7369,33374.579999999994,0.3767663606489084,0.0
7370,33164.399999999994,0.35176087626113234,0.0
7371,33778.229999999996,0.3389739430642993,0.0
7372,35634.51,0.3432711547793947,0.0
7373,38837.04,0.2933920329018949,0.0
7374,40889.44,0.25826646812074944,0.0
7375,41335.270000000004,0.23329754631814761,0.0
7376,41740.26,0.21396591037513216,0.0014343389081451986
7377,41768.590000000004,0.18782421595413945,0.1030099151697264
7378,41384.020000000004,0.171879604946807,0.25430960633657096
7379,40783.59,0.13758057618202407,0.3686986833954952
7380,40184.979999999996,0.1350932124330517,0.4775162433939135
7381,39518.810000000005,0.1389128946266296,0.6020104906625193
7382,39086.200000000004,0.1321637737906094,0.6142089609938888
7383,39148.02,0.13660668186783848,0.5613174391888622
7384,39419.909999999996,0.15903616593652292,0.4595266022641905
7385,40311.310000000005,0.14673617989678275,0.3122290022009303
7386,41402.329999999994,0.15597266448177524,0.15129419982339826
7387,41051.92,0.20648775374988088,0.0
7388,39940.07,0.20093190273909164,0.0
7389,38069.88,0.2139515069324878,0.0
7390,36281.56,0.23835426264345277,0.0
7391,34959.310000000005,0.24576483388398804,0.0
7392,34228.78999999999,0.24620192297038881,0.0
7393,34093.23,0.2463714404107419,0.0
7394,34273.18,0.24142995162659192,0.0
7395,35133.11,0.23686627622257533,0.0
7396,37269.09999999999,0.24394778419654278,0.0
7397,40626.72,0.24464081137916294,0.0
7398,42796.490000000005,0.2508570048373408,0.0
7399,42931.969999999994,0.25713579787316543,0.0
7400,42319.83999999999,0.2659340854146309,0.00259850371873778
7401,41575.990000000005,0.26450205082864114,0.12605488707601328
7402,40717.329999999994,0.24933799561692158,0.30109365596074333
7403,39753.490000000005,0.25811966380148954,0.4350439966436906
7404,39084.51,0.29228906158247303,0.5594108447443448
7405,38599.31,0.3396387173401939,0.6406772364045319
7406,38285.68,0.34342239092716065,0.6514018301549436
7407,38416.89000000001,0.36283823161178963,0.5934209312439868
7408,38413.31,0.41327299398822465,0.4676285303847016
7409,38586.869999999995,0.34022039483160166,0.31821456655727903
7410,39462.159999999996,0.2675699841118949,0.15270767162644805
7411,39225.24000000001,0.21629206636220005,0.0
7412,38609.3,0.2339002749949588,0.0
7413,37495.28,0.27083457978510067,0.0
7414,36199.48,0.29845927481990164,0.0
7415,35053.659999999996,0.2776053057850874,0.0
7416,34339.74,0.26255869402877585,0.0
7417,34030.15,0.25679620901389594,0.0
7418,34118.310000000005,0.21795677194475288,0.0
7419,34377.12999999999,0.1902766790536274,0.0
7420,35300.32999999999,0.170821505891008,0.0
7421,36903.530000000006,0.1559759883531547,0.0
7422,38738.52,0.1450504231288266,0.0
7423,39885.689999999995,0.13877163009300195,0.0
7424,39899.670000000006,0.14012832359439026,0.0031685051684524485
7425,39150.91000000001,0.1469926719715654,0.12804934301567006
7426,38174.47,0.1515973417892621,0.30711656145252597
7427,37329.520000000004,0.12087147475741278,0.4440399154772414
7428,36885.079999999994,0.10766794968101917,0.5696192522108144
7429,36573.67999999999,0.09779217383404132,0.6432263180322533
7430,36667.42,0.13430379298042683,0.653948715245287
7431,36969.35999999999,0.1755209060430198,0.5955581621132445
7432,37159.38,0.21736290692495366,0.4660052892620071
7433,37448.16,0.2331341226419902,0.3164595331918761
7434,38156.79,0.24329962927754553,0.15052431347224232
7435,37791.97,0.2384512088920207,0.0
7436,37082.21,0.28705174824554996,0.0
7437,36030.189999999995,0.34546878773978973,0.0
7438,34689.79,0.3886702520159281,0.0
7439,33823.22,0.3883068420784391,0.0
7440,33049.81,0.38875168686472517,0.0
7441,32661.81,0.3913681276189337,0.0
7442,32503.660000000003,0.33465789607805335,0.0
7443,32596.710000000003,0.2935011666788542,0.0
7444,32897.97,0.26227505700439413,0.0
7445,33787.719999999994,0.26037878838240475,0.0
7446,35093.05,0.25409057771100485,0.0
7447,36428.0,0.2483048255964687,0.0
7448,37271.2,0.2560405822536291,0.0030004700589989918
7449,37439.82000000001,0.2663573250369503,0.12576604241074368
7450,37156.009999999995,0.2548744573779973,0.3042962074585621
7451,37123.520000000004,0.2855609919318562,0.4408022193813669
7452,37430.84999999999,0.3249843224066602,0.5654688948341832
7453,37869.18000000001,0.35811778027437463,0.6371627765989688
7454,38350.659999999996,0.3846034953831427,0.6470241311596395
7455,38944.56,0.409744704518914,0.5883084904955824
7456,39223.46,0.44846226630414304,0.4567655547794455
7457,39525.909999999996,0.4573685796654413,0.3097073772904393
7458,40445.3,0.44205772013446165,0.14611146987888282
7459,39900.43999999999,0.4080589477509579,0.0
7460,38887.20999999999,0.43871224359102207,0.0
7461,37535.69,0.4958379590543367,0.0
7462,35606.5,0.5448456726518512,0.0
7463,33687.310000000005,0.5394083730535963,0.0
7464,32410.63,0.5311856692393432,0.0
7465,31792.539999999997,0.5284739441722563,0.0
7466,31604.74,0.5429654694081957,0.0
7467,31817.18,0.55063530261633,0.0
7468,32766.28,0.5458727489081083,0.0
7469,34914.63,0.5380018214815162,0.0
7470,38209.07,0.5246719892927025,0.0
7471,39393.899999999994,0.4953515658758071,0.0
7472,39605.590000000004,0.47903745116678964,0.0026435327349965503
7473,39916.64000000001,0.4819541483022773,0.1202077045745087
7474,40278.950000000004,0.45526567703936127,0.292675426457732
7475,40698.0,0.4472695504574756,0.42494431777745556
7476,41083.26,0.45197227448086674,0.5455067631385881
7477,41775.26,0.45420093024080355,0.6135071673014659
7478,42326.67,0.4933118168059371,0.6235947652121197
7479,42598.37,0.5162127366319433,0.567293119127008
7480,42676.16,0.544827391359264,0.4354338820283703
7481,42878.21000000001,0.5078947485048121,0.294584217439628
7482,43512.72000000001,0.4642473314852609,0.1378766512469742
7483,42664.56,0.43580773398392575,0.0
7484,41419.979999999996,0.4584394202281949,0.0
7485,39674.51,0.5125393047790624,0.0
7486,37229.07999999999,0.5456672228611443,0.0
7487,35017.729999999996,0.5495694478606455,0.0
7488,33394.04,0.5438906136088161,0.0
7489,32413.909999999996,0.5320338104196721,0.0
7490,31906.3,0.5262796350832408,0.0
7491,31796.27,0.5304145310793054,0.0
7492,32305.09,0.5363033232066052,0.0
7493,34015.56999999999,0.49977896255326515,0.0
7494,36896.27,0.4523556276466326,0.0
7495,38026.479999999996,0.38476082529510447,0.0
7496,38543.829999999994,0.3795307136795035,0.0022613352311416273
7497,39242.69,0.3897194874147151,0.11662625037890265
7498,39953.00000000001,0.38260529470551613,0.27288682121503643
7499,40672.5,0.3384404617078938,0.39876378876339313
7500,41218.27,0.32342376479399765,0.5147178987044819
7501,41915.090000000004,0.3531491465406256,0.5996579991301707
7502,42385.36,0.3111149150972455,0.6106066396931872
7503,42667.72,0.2762857288474365,0.5561522815433748
7504,42679.53,0.26505048960625427,0.4337381551721862
7505,42666.88,0.22674619582920622,0.29270947278709825
7506,43529.969999999994,0.23046394596714687,0.13587121262042512
7507,42716.0,0.2858313334707201,0.0
7508,41683.32000000001,0.3185083130023201,0.0
7509,40068.59,0.36425530877657153,0.0
7510,37793.71,0.40138572197810235,0.0
7511,35492.7,0.4163597625426287,0.0
7512,33785.26,0.4282952306877532,0.0
7513,32862.29,0.44727841411448754,0.0
7514,32337.530000000006,0.47231935313031137,0.0
7515,32143.11,0.5023765680363232,0.0
7516,32706.660000000003,0.5274258167305959,0.0
7517,34539.909999999996,0.5228394282054863,0.0
7518,37470.89,0.5286323820413443,0.0
7519,38817.579999999994,0.53583133347072,0.0
7520,39631.12,0.5632322211659699,0.0019000048323822316
7521,40665.29,0.576975875341528,0.11226941848869439
7522,41870.439999999995,0.5683897615897856,0.2813259178231435
7523,42825.37,0.5983860388538406,0.4113115085379405
7524,43688.100000000006,0.6454542735014325,0.5303967825120477
7525,44582.66,0.6304680454085149,0.608462819211794
7526,45112.43,0.6311865556050443,0.6212049325443367
7527,45240.15,0.6315427638212111,0.5672052576318688
7528,45253.98,0.6352865509516242,0.4421750552429148
7529,45137.75,0.6227223171372162,0.29828098984760404
7530,45442.69999999999,0.5617032403314122,0.13769104383849287
7531,44427.229999999996,0.427871991065434,0.0
7532,43300.770000000004,0.4676011177071493,0.0
7533,41440.049999999996,0.5281310314416077,0.0
7534,39036.56,0.5770833471827974,0.0
7535,36581.590000000004,0.5133758124095631,0.0
7536,34853.240000000005,0.5335301065189981,0.0
7537,33645.16999999999,0.5316504572539061,0.0
7538,32859.28,0.4981170268635286,0.0
7539,32495.04,0.46495808598190497,0.0
7540,32881.08000000001,0.4828371901320905,0.0
7541,34425.79,0.37922824138397143,0.0
7542,37271.48000000001,0.280666591325582,0.0
7543,38378.07,0.20754917667705933,0.0
7544,39092.54000000001,0.17896665270640683,0.0014189631464958628
7545,39854.03999999999,0.16238607430846858,0.11074282501065315
7546,40524.21,0.1557671384348111,0.28534777776313414
7547,41167.3,0.1132132750991068,0.42104216912459175
7548,41787.079999999994,0.11413786532116349,0.5471783280836088
7549,42511.44000000001,0.15646127357455777,0.6276232147642451
7550,42952.68999999999,0.1574855799379987,0.6404081605756682
7551,43037.79000000001,0.19831656994200955,0.5841284798643416
7552,42792.61,0.2749550723385208,0.45374202107797246
7553,42611.51,0.25309397027572617,0.3041457446481366
7554,42893.99,0.24422421949960227,0.13849936959377232
7555,41935.990000000005,0.2720998668235534,0.0
7556,40905.100000000006,0.30347776662434267,0.0
7557,39465.52,0.3761470126151997,0.0
7558,37357.479999999996,0.4638855834834617,0.0
7559,35444.09,0.43559334427994967,0.0
7560,34083.51,0.4186687451942361,0.0
7561,33373.21,0.4133378094801242,0.0
7562,33004.799999999996,0.3784144468745639,0.0
7563,33109.71,0.3494862402804461,0.0
7564,33773.56999999999,0.3326585874433004,0.0
7565,35725.36000000001,0.25733744607018694,0.0
7566,38879.740000000005,0.24844553615153311,0.0
7567,40241.34,0.30640554333109526,0.0
7568,40435.57,0.20007046607324486,0.0014519112071730116
7569,40595.530000000006,0.18066293506706466,0.1173093735036088
7570,40774.85,0.19762465071651586,0.2876255870246142
7571,41156.6,0.24252849111750777,0.42418541411319177
7572,41509.57000000001,0.40776146126249513,0.5497955023700635
7573,42127.21,0.44867997987949865,0.6233311807267021
7574,42447.880000000005,0.4385211209867024,0.6378590789479459
7575,42410.14,0.4585812387403859,0.5833531021697391
7576,42025.26,0.4435977805402844,0.464534707487117
7577,41724.8,0.3768572131332805,0.31148327776093737
7578,41896.909999999996,0.23711612055459907,0.141079202744793
7579,40844.57,0.11814867011906106,0.0
7580,39908.49,0.12771366399205816,0.0
7581,38941.35,0.15204551044692774,0.0
7582,37596.54000000001,0.1936504085037925,0.0
7583,36037.3,0.21364238689419682,0.0
7584,34822.38,0.21931955921033683,0.0
7585,34095.299999999996,0.20315501871339584,0.0
7586,33863.87,0.18143351924853926,0.0
7587,33884.35,0.1678261437995395,0.0
7588,34408.42999999999,0.1740523088718559,0.0
7589,35491.28999999999,0.16258938444117968,0.0
7590,37174.54,0.16155344452791057,0.0
7591,38679.32,0.1660545203542804,0.0
7592,39715.37,0.1744517274159559,0.0012816795603410773
7593,39842.060000000005,0.18734225460411588,0.11154236461641866
7594,39480.689999999995,0.20347743423720482,0.2898276157465371
7595,38925.82,0.25584558179936673,0.42754391976488243
7596,38640.990000000005,0.3409278254568662,0.5535098470770675
7597,38354.71000000001,0.41094573004403023,0.6275331567317279
7598,38274.469999999994,0.4605799933965755,0.6381676924496225
7599,38272.280000000006,0.48641201380071414,0.5799188159784909
7600,38304.34999999999,0.5157656759314043,0.4501924166743543
7601,38641.8,0.5045697691682124,0.30094319315031753
7602,39317.58,0.40403429348897923,0.1349618461457358
7603,38921.43,0.2981972429594864,0.0
7604,38448.649999999994,0.32919899131583213,0.0
7605,37684.60999999999,0.3766311898794766,0.0
7606,36596.85,0.41019453511226933,0.0
7607,35393.55,0.3867961425364685,0.0
7608,34219.22,0.3692267124031368,0.0
7609,33414.91,0.36321216714198035,0.0
7610,32922.14,0.3356279125422961,0.0
7611,32875.83,0.331913486275735,0.0
7612,32991.520000000004,0.3491605008852578,0.0
7613,33606.25000000001,0.30197094493231486,0.0
7614,34726.06,0.27585085567528883,0.0
7615,35834.13,0.27164228053031253,0.0
7616,36847.52,0.14549194404373333,0.001033470836573225
7617,37315.3,0.10538057219337844,0.108294784102341
7618,37369.079999999994,0.11691495985871332,0.2843615324801979
7619,37467.97,0.12815573888552811,0.42099055049619755
7620,37867.4,0.20688772627254415,0.5456835843975557
7621,38349.51000000001,0.29346460409368,0.6192159679481263
7622,38949.63000000001,0.23362051582051976,0.6316307972112758
7623,39627.79,0.18309545493827575,0.5753796714858693
7624,39933.29000000001,0.18358184811680534,0.4451502651220612
7625,40593.159999999996,0.17631531130271383,0.29720578480083987
7626,41469.32,0.1853285425267185,0.13243253335442
7627,40789.13999999999,0.22455798050438638,0.0
7628,39918.44,0.21883704388175002,0.0
7629,38564.380000000005,0.23271863871955623,0.0
7630,36623.82000000001,0.2556849280160255,0.0
7631,34531.03999999999,0.21146525114064194,0.0
7632,33146.229999999996,0.18238082259168906,0.0
7633,32272.46,0.1753735477451965,0.0
7634,31984.120000000003,0.15679643060532128,0.0
7635,32181.739999999998,0.1445235895151801,0.0
7636,32958.81,0.13818275088027196,0.0
7637,34943.2,0.14881526144464316,0.0
7638,38173.9,0.1750201094218458,0.0
7639,39530.909999999996,0.2117643995647945,0.0
7640,39989.92999999999,0.186151200693138,0.000788556918873088
7641,40463.340000000004,0.17205798604417205,0.10474517969872288
7642,41071.27,0.1563310886121951,0.2800079953960574
7643,41823.87000000001,0.20455658447840708,0.41501816536411984
7644,42788.07,0.2690009107407581,0.5376091129942756
7645,43987.84000000001,0.3641262317713354,0.6092436882498428
7646,44948.98000000001,0.3475146305738554,0.620550364405551
7647,45365.909999999996,0.33767209344067234,0.5642915507993196
7648,45323.06000000001,0.34868740319224595,0.43546463355166887
7649,44962.340000000004,0.31230319911540705,0.29078969911830976
7650,45378.630000000005,0.32678087488726554,0.12899055928234718
7651,44282.31,0.3963949291018235,0.0
7652,43033.310000000005,0.4578909814505818,0.0
7653,41430.76000000001,0.5370268192102039,0.0
7654,39192.77,0.5956903791650879,0.0
7655,36558.58000000001,0.601026854664832,0.0
7656,34751.18,0.6025807645347356,0.0
7657,33536.36,0.6042199871033792,0.0
7658,32890.65,0.5793358240209534,0.0
7659,32718.660000000003,0.5549064773389528,0.0
7660,33207.189999999995,0.5383059557127378,0.0
7661,34850.659999999996,0.5597006078252796,0.0
7662,37964.0,0.5756119801188172,0.0
7663,39312.579999999994,0.577416288299308,0.0
7664,40385.02,0.6090301829680398,0.0006424871832043962
7665,41530.759999999995,0.6238723766345138,0.1017622819387517
7666,42677.39999999999,0.5989721481737543,0.2759246324094696
7667,43842.77,0.6383278932638423,0.41009792163633235
7668,44964.6,0.6384353651051119,0.5316806586097673
7669,46214.76,0.628873141124931,0.6031285281881636
7670,47090.22,0.6540747339240959,0.6144824298975096
7671,47456.0,0.6682549232074915,0.5587178372014358
7672,47224.09999999999,0.663599287361976,0.43274532027711493
7673,46739.670000000006,0.6872691294337675,0.289057729395381
7674,46962.78,0.6975515255461674,0.1275353532691065
7675,45892.22,0.6702016038787362,0.0
7676,44611.52999999999,0.7630860816209855,0.0
7677,42904.04000000001,0.8807461426472641,0.0
7678,40448.76999999999,0.949543078481035,0.0
7679,37799.29,0.9415397501778272,0.0
7680,35816.71000000001,0.9172948783573871,0.0
7681,34564.590000000004,0.8844450575140543,0.0
7682,33790.48,0.8757126934216154,0.0
7683,33524.06,0.8655189338793345,0.0
7684,34036.130000000005,0.850799169475338,0.0
7685,35555.43,0.840496276156098,0.0
7686,38244.659999999996,0.8064814383942598,0.0
7687,39374.34,0.7463548210538443,0.0
7688,40458.16,0.694481376348661,0.0005172845526312318
7689,42100.59,0.6993098535059087,0.09738897601820483
7690,43741.03,0.6132664570411783,0.2694217835004898
7691,45224.01,0.5021339254256217,0.40275709371746343
7692,46603.41000000001,0.5301076269552673,0.5243266514666277
7693,47974.45999999999,0.5957302656216416,0.5954252716018464
7694,48761.63999999999,0.4787083879002218,0.6103397604017023
7695,48965.95,0.4762603566292398,0.5580863327051233
7696,48508.44,0.5084531588965634,0.4318139884286408
7697,47815.030000000006,0.5457120951247671,0.28764315932364193
7698,47599.54000000001,0.5846279812356383,0.12595494462529264
7699,46260.30000000001,0.6398280672131114,0.0
7700,44908.12,0.7196530543054106,0.0
7701,42949.94,0.7830680883972514,0.0
7702,40272.21000000001,0.7777626356970492,0.0
7703,37827.27,0.7627991207252246,0.0
7704,35899.649999999994,0.8219490738586379,0.0
7705,34708.65,0.782327419058192,0.0
7706,33911.07000000001,0.7594519822460949,0.0
7707,33641.88,0.748030052229099,0.0
7708,34089.08,0.6934127517001605,0.0
7709,35760.44999999998,0.6757280940256737,0.0
7710,38822.0,0.6608631872381069,0.0
7711,40124.1,0.6172030287116009,0.0
7712,40466.46,0.6137229353772926,0.0003701165482733018
7713,41139.079999999994,0.6056481438394259,0.09393162618448274
7714,41210.950000000004,0.5598795429012079,0.2625323440128979
7715,40875.369999999995,0.5468937314001698,0.3974919936212552
7716,40532.73,0.5578447796384072,0.5239444539627727
7717,40423.719999999994,0.5703076353757415,0.6042806120431751
7718,40303.799999999996,0.5447974765168488,0.618075965048697
7719,40040.71,0.5145214400783548,0.5634788319692834
7720,40024.26000000001,0.4881847452030997,0.440170714885055
7721,41178.27999999999,0.43049286364814826,0.2915749612311151
7722,42377.07,0.36830156820251686,0.12663367467524184
7723,42270.89000000001,0.33201043252430307,0.0
7724,41777.26,0.32715591837458263,0.0
7725,40549.33,0.3424368630631471,0.0
7726,38569.079999999994,0.35516895238221863,0.0
7727,36961.0,0.3108473434511979,0.0
7728,35829.26,0.2735778816302924,0.0
7729,35256.31999999999,0.25558908972458405,0.0
7730,35114.26,0.2534706756987332,0.0
7731,35423.99999999999,0.2544301665702744,0.0
7732,36478.25,0.2727563314209993,0.0
7733,38861.85,0.26902694773323055,0.0
7734,42525.79,0.28277115588735174,0.0
7735,43876.50000000001,0.29423629623228104,0.0
7736,43308.53,0.2922270159833896,0.00017242818421041062
7737,42682.259999999995,0.2857803674429014,0.08800536833735297
7738,41868.939999999995,0.2704080162914016,0.25228439887361553
7739,41002.23999999999,0.346358477312362,0.38146166383313324
7740,40272.90999999999,0.4565187765494227,0.5015562467326503
7741,39981.880000000005,0.46368615120069323,0.5744527327121522
7742,39794.57000000001,0.45045215730332105,0.5866006826838169
7743,39766.420000000006,0.4582942778446246,0.5338508375397027
7744,39899.96,0.4705444058136727,0.4172125062052178
7745,40824.76000000001,0.5128035525537304,0.2760728986825167
7746,41724.37999999999,0.5058677409418966,0.11928845368161624
7747,41229.520000000004,0.455549314063743,0.0
7748,40628.490000000005,0.518059701161804,0.0
7749,39815.7,0.607625293331649,0.0
7750,38636.96,0.6421952176138592,0.0
7751,37132.98,0.6499121389998693,0.0
7752,35864.99,0.6568357630833118,0.0
7753,35056.409999999996,0.6616210299126267,0.0
7754,34650.46,0.6260240293741595,0.0
7755,34512.72,0.597344559154939,0.0
7756,34813.75000000001,0.5601482225043822,0.0
7757,35542.58,0.528314952324605,0.0
7758,36983.25,0.4846143533629823,0.0
7759,38146.28999999999,0.4082096299201607,0.0
7760,39014.41,0.43730458406181527,0.00022075200653689513
7761,39280.04,0.4364326218032668,0.09137815148200368
7762,39101.63,0.4134508211070265,0.2590596184175264
7763,39096.28,0.40250032684735243,0.39038290039581586
7764,39139.73,0.394992255379686,0.5095637237458867
7765,39235.770000000004,0.4232213410269876,0.5790248252654508
7766,39278.899999999994,0.4393471030245015,0.5898295926301775
7767,39458.29000000001,0.4579258821000662,0.5354872578866672
7768,39348.47,0.48992977767732304,0.4147260258927825
7769,39948.23000000001,0.4356581597718495,0.2745594844287462
7770,40679.520000000004,0.41380259749468734,0.11759382509412158
7771,40110.719999999994,0.42563945745555437,0.0
7772,39434.079999999994,0.4893048898579821,0.0
7773,38538.36,0.5902580653739022,0.0
7774,37238.48999999999,0.6698537053410182,0.0
7775,35697.920000000006,0.644859300524507,0.0
7776,34135.56999999999,0.624923827947554,0.0
7777,33065.39999999999,0.6134487159884862,0.0
7778,32412.530000000002,0.5568897205953719,0.0
7779,32053.440000000002,0.5103859901037269,0.0
7780,31969.279999999995,0.4705687808704554,0.0
7781,32221.27,0.3307202164505043,0.0
7782,32951.520000000004,0.24835634560285055,0.0
7783,33888.979999999996,0.2381648019748227,0.0
7784,35765.07000000001,0.3070830591139445,0.00016803510945345747
7785,37888.420000000006,0.3907316062497646,0.08609657735545682
7786,39521.719999999994,0.4484356753331074,0.2397992804143546
7787,40549.76,0.5111903669775595,0.3657443406214442
7788,41381.479999999996,0.5586380769409749,0.48205538788653535
7789,41780.55000000001,0.5860489362503629,0.5567728033527944
7790,41921.75000000001,0.5992291942271003,0.5714753262956273
7791,41772.340000000004,0.6047418349099564,0.5226452021034038
7792,41393.22,0.6223007394505864,0.415816606701196
7793,42030.78,0.6426766249853195,0.27460451344500497
7794,42503.99999999999,0.6265730221303355,0.11720064490337427
7795,41718.71,0.47168781756821127,0.0
7796,40757.83,0.48682805170171134,0.0
7797,39522.100000000006,0.5259422621382243,0.0
7798,37705.329999999994,0.506261065721801,0.0
7799,35732.09,0.46329892018498464,0.0
7800,34186.35,0.427876976872503,0.0
7801,33248.700000000004,0.4047350763714847,0.0
7802,32887.91,0.3328690992973337,0.0
7803,33044.759999999995,0.3184124747108785,0.0
7804,33887.0,0.361895914075709,0.0
7805,35635.62,0.3345293730513804,0.0
7806,38275.689999999995,0.3062831140686179,0.0
7807,40146.39,0.2830885856040915,0.0
7808,40818.24,0.25883706604089257,0.00011421994368078153
7809,40767.840000000004,0.2371211063616682,0.08783074361576404
7810,40633.44,0.23298344047278757,0.26355373389388953
7811,40458.960000000014,0.19920515155745536,0.40199599351582144
7812,40273.100000000006,0.20849869593446213,0.5292425021196585
7813,40423.45,0.21803266700791749,0.6092942086095474
7814,40542.9,0.2013396309616404,0.6223504267872123
7815,40637.03999999999,0.19260449697638507,0.566288203276355
7816,40514.74,0.19254688320580746,0.4408604276218966
7817,41305.939999999995,0.17598237018620327,0.29074906317680776
7818,42180.520000000004,0.1616448509908461,0.12291713343085953
7819,41581.65,0.16822611632220277,0.0
7820,40952.51000000001,0.19905114551687308,0.0
7821,39787.82,0.2541692426669857,0.0
7822,38160.09,0.3153401095991189,0.0
7823,36551.670000000006,0.3047868179692919,0.0
7824,35451.329999999994,0.307205488376422,0.0
7825,34880.24999999999,0.324661352904288,0.0
7826,34715.55,0.31986002069663927,0.0
7827,35003.409999999996,0.3194473066670213,0.0
7828,35972.21000000001,0.3210261455722708,0.0
7829,38038.55,0.31583758234891357,0.0
7830,40824.939999999995,0.30647700656575394,0.0
7831,42731.43,0.28777912209909123,0.0
7832,43076.92,0.2650892681056814,9.884418203144557e-05
7833,42400.19999999999,0.2507146323465868,0.08764843101335049
7834,41697.53,0.22088011682299943,0.25863458843479126
7835,41054.36,0.3256258295828984,0.39387649309628303
7836,40667.92,0.42962477923954273,0.5160522951619064
7837,40757.29,0.4671706763635075,0.5754247005021282
7838,40846.37000000001,0.5302849000955062,0.587495771665546
7839,40862.05,0.5696644662638135,0.5341880060272985
7840,40796.21,0.6122177756209546,0.4104285005117929
7841,41673.76000000001,0.616397543880642,0.2705584915938513
7842,42465.020000000004,0.6125701059871788,0.11371034700897498
7843,41899.93,0.5784178815416559,0.0
7844,41184.149999999994,0.7046635023411134,0.0
7845,40123.99,0.8260191543628029,0.0
7846,38344.71,0.9005802371471433,0.0
7847,36476.06,0.9213793623041963,0.0
7848,34993.19,0.9098881849667947,0.0
7849,34001.35,0.8876409598454179,0.0
7850,33448.84,0.8783191625616857,0.0
7851,33383.159999999996,0.8682755312100444,0.0
7852,33917.99,0.8483156835763085,0.0
7853,35431.840000000004,0.8205940422929399,0.0
7854,37412.0,0.775250896891294,0.0
7855,38751.89,0.6914372641436267,0.0
7856,39812.939999999995,0.7380390488409663,4.7225553637246226e-05
7857,40842.090000000004,0.7141553710437623,0.08409992487842156
7858,41510.14,0.6363036555937434,0.23590811444838344
7859,41900.24999999999,0.638248120350735,0.36145669965865784
7860,42127.92999999999,0.6379672532191695,0.4757084931314272
7861,42176.619999999995,0.6468652569020189,0.5424887207805612
7862,42235.49999999999,0.6599469066944985,0.5555174822409947
7863,42308.909999999996,0.6376758604949022,0.5064699008483026
7864,42361.079999999994,0.6169459826582552,0.3981059258185394
7865,43277.84999999999,0.6221871738451209,0.2621139036422982
7866,43749.91,0.5284711742794401,0.11006958630415013
7867,43020.02999999999,0.39479559298973377,0.0
7868,42323.020000000004,0.3954520575871796,0.0
7869,41438.79000000001,0.4145316332839185,0.0
7870,39870.369999999995,0.43753005333705614,0.0
7871,38034.11,0.3548952869719754,0.0
7872,36305.53,0.39267496304962995,0.0
7873,35052.17,0.42418138587709225,0.0
7874,34079.92,0.4766509115163281,0.0
7875,33463.42,0.6563438301191497,0.0
7876,33394.55000000001,0.7032990531398396,0.0
7877,33819.82000000001,0.7155541669159571,0.0
7878,34912.36,0.6998859912116842,0.0
7879,36274.89,0.6887083657410794,0.0
7880,38717.52,0.6809665153197235,2.08671050955274e-05
7881,40950.02,0.6450254940934805,0.057639337348603624
7882,42365.270000000004,0.5736896745043555,0.18839591268324601
7883,42485.45,0.5740408969134532,0.2933519599703026
7884,41584.99,0.5582214850614142,0.39192047656074935
7885,40129.630000000005,0.5529597966677082,0.4893424006396313
7886,38671.70999999999,0.5676385666580247,0.5021954391097871
7887,37604.119999999995,0.5883811860016265,0.4585216864135375
7888,36869.33,0.5880127902570681,0.3872045108091602
7889,37503.450000000004,0.5770922108398094,0.2549092610408951
7890,37842.96,0.4557919566744446,0.10624870953429012
7891,37535.44,0.3518417571313662,0.0
7892,37619.049999999996,0.38843758101936493,0.0
7893,37425.58,0.4467421628652658,0.0
7894,36825.280000000006,0.49308911742351236,0.0
7895,36062.16,0.41812584620225546,0.0
7896,35282.909999999996,0.34044420217115284,0.0
7897,34832.490000000005,0.2909777943232709,0.0
7898,34666.7,0.2558694028775863,0.0
7899,34948.0,0.23402436619312578,0.0
7900,35701.89,0.2385365215907606,0.0
7901,37147.170000000006,0.22193323007172916,0.0
7902,39015.77999999999,0.2345196230286673,0.0
7903,40398.06,0.28477323441492114,0.0
7904,41211.079999999994,0.2836647233098669,1.7572299027812542e-05
7905,41444.12,0.2710500774462033,0.07925436342150229
7906,40752.84,0.2520801895049869,0.2358070737289735
7907,39899.030000000006,0.2565668618887124,0.3647734711001576
7908,39021.62,0.270799125157053,0.4828626153731254
7909,38429.31999999999,0.2516231571903094,0.5439494181372481
7910,38160.32,0.26859484445389903,0.5564718777319433
7911,38193.81,0.28853031703085213,0.5063798428157851
7912,38707.189999999995,0.2868800148909438,0.4064395886324795
7913,40520.52000000001,0.29709260970437495,0.2667277304057881
7914,41661.4,0.26949395166204654,0.11043860458373413
7915,41676.36000000001,0.24641243482442207,0.0
7916,41603.67999999999,0.2564327990764069,0.0
7917,41040.899999999994,0.2804544175358591,0.0
7918,39752.25000000001,0.30082753317777616,0.0
7919,38357.02,0.31539827734825965,0.0
7920,37033.409999999996,0.3390044118852778,0.0
7921,36141.92000000001,0.37112131908943646,0.0
7922,35550.43,0.3824363312437261,0.0
7923,35284.42999999999,0.41220381536116085,0.0
7924,35431.740000000005,0.44978405915604697,0.0
7925,35985.810000000005,0.4436792153890814,0.0
7926,37012.53,0.4565027111710886,0.0
7927,38215.5,0.47766081443712455,0.0
7928,39501.43,0.4528580862034963,3.2948060677148525e-06
7929,40740.18,0.4528536543749905,0.03401997091784509
7930,41390.4,0.3736302880023755,0.13173513273675366
7931,41398.310000000005,0.34465720914463494,0.20685561281196307
7932,40987.6,0.2806987220822504,0.27806955115955184
7933,40483.93,0.21381689014161911,0.26265754664347113
7934,40021.49,0.19527522762979166,0.2709132323804754
7935,39967.47000000001,0.18455241855961144,0.24823727875377238
7936,40403.74,0.1858675636687563,0.168945574196836
7937,41671.14,0.15648841852415687,0.11097455970408243
7938,42036.27,0.14413691247803473,0.0458076887594396
7939,41577.08999999999,0.14956701035496733,0.0
7940,40926.22,0.15417278812979052,0.0
7941,39893.740000000005,0.18481777429140603,0.0
7942,38525.23,0.21137495263483289,0.0
7943,36959.82,0.2171352217354597,0.0
7944,35676.88999999999,0.23435675333107303,0.0
7945,34740.47,0.26755114884074443,0.0
7946,34121.3,0.28656701700271014,0.0
7947,33917.81,0.3093061750882488,0.0
7948,34016.07,0.35782029378591174,0.0
7949,34611.24,0.3684572361787888,0.0
7950,35632.71,0.3811915414121136,0.0
7951,36647.4,0.3936372238139873,0.0
7952,37522.97,0.3434412261983111,1.098268689238284e-06
7953,37892.19,0.2947570360817318,0.06870768919874708
7954,37879.340000000004,0.258147916708215,0.23466048121740862
7955,37730.91,0.18032223825066868,0.3668843435208735
7956,37557.729999999996,0.14948834539898648,0.4888020524445261
7957,37363.36,0.14191102661091431,0.5764438938457415
7958,37243.060000000005,0.13273160181793608,0.591675782296787
7959,37465.35,0.13144858746545948,0.5399110841669192
7960,37941.04,0.14663646375539852,0.4196462696205699
7961,39530.56,0.1254645110252814,0.27491312694668113
7962,41238.329999999994,0.12469503480093339,0.11331497028084925
7963,41245.89000000001,0.15822015551286225,0.0
7964,40954.340000000004,0.13646874120559033,0.0
7965,40095.38,0.14355024917955775,0.0
7966,38547.170000000006,0.19429080772290444,0.0
7967,36951.53000000001,0.1946309505607371,0.0
7968,35854.84,0.21318092275101327,0.0
7969,35353.66,0.2484106355020487,0.0
7970,35397.94,0.2595943547368491,0.0
7971,35956.34,0.26991774526292933,0.0
7972,37241.54,0.2849698968048733,0.0
7973,39856.840000000004,0.27980349272404553,0.0
7974,43798.26,0.2730371985525648,0.0
7975,45422.119999999995,0.2640311690498825,0.0
7976,44579.72,0.26950835510469096,0.0
7977,43009.310000000005,0.2859371433763,0.07271307510839908
7978,41730.34,0.28168480392482736,0.24432963875746272
7979,40780.310000000005,0.28510894542424786,0.38101027540185617
7980,40193.02,0.28908041774415505,0.5048203012770663
7981,40079.75000000001,0.285343832335064,0.5814366233070186
7982,39996.23,0.24631881244723355,0.5953264274198152
7983,40050.57,0.20061114915097247,0.5419868119895795
7984,40188.159999999996,0.16269242445394336,0.41865563126287697
7985,41133.08,0.1681546530875441,0.27496035250031836
7986,42577.25000000001,0.19343878869263276,0.11317109708255894
7987,42282.869999999995,0.2348542260808676,0.0
7988,41819.15,0.28037409064418856,0.0
7989,40585.42999999999,0.34208674861117583,0.0
7990,38654.28,0.3847375581954481,0.0
7991,36705.06,0.37934568483937964,0.0
7992,35385.27,0.37428287474987876,0.0
7993,34746.899999999994,0.3795379154008257,0.0
7994,34532.72,0.3521746982478766,0.0
7995,34681.67,0.33133956448421276,0.0
7996,35538.91000000001,0.3085810171489605,0.0
7997,37762.92,0.2941781284831402,0.0
7998,41355.96,0.2797264897037544,0.0
7999,42646.48000000001,0.26271657791930086,0.0
8000,42165.55,0.25768589858646823,0.0
8001,41343.22,0.26017935609963644,0.07047590178842068
8002,40619.99999999999,0.23744629177829335,0.23966419336557834
8003,40255.21,0.25577134867189183,0.3751839600054472
8004,40280.799999999996,0.27488637899667834,0.49796930119359806
8005,40587.15,0.31110161961172744,0.5721463684647519
8006,40837.68000000001,0.28127430580946233,0.5866896424476451
8007,40802.18,0.2908747543105072,0.5347964468811361
8008,40967.86,0.33174618474963485,0.40839450689932366
8009,41805.280000000006,0.2899662294667845,0.2678270973637157
8010,42909.92000000001,0.2574715088824924,0.10974010569737855
8011,42451.81,0.2456457284928902,0.0
8012,41674.6,0.24981386320274954,0.0
8013,40231.159999999996,0.2858280095993405,0.0
8014,38076.07000000001,0.3194461987098948,0.0
8015,35787.850000000006,0.3124959836554165,0.0
8016,34176.740000000005,0.3235605974991192,0.0
8017,33259.76999999999,0.36931479499469283,0.0
8018,32904.11,0.3530522002920576,0.0
8019,32925.159999999996,0.34438132782013875,0.0
8020,33628.729999999996,0.33838118600162653,0.0
8021,35582.55,0.3048571732468241,0.0
8022,38760.87,0.28503637423246275,0.0
8023,39944.53999999999,0.2792938324458597,0.0
8024,39787.30999999999,0.21603557428741732,0.0
8025,39882.64000000001,0.1786525468610467,0.07680632251319018
8026,40059.560000000005,0.14457898737150468,0.2622775456769946
8027,40300.170000000006,0.08161821570152525,0.3985639038619518
8028,40841.23000000001,0.057506298736264096,0.5122940197073331
8029,41591.48,0.058553872199361395,0.5700739354481594
8030,42115.01,0.03474996731526477,0.58447663103883
8031,42403.979999999996,0.031000640399219116,0.5235897131761489
8032,42549.729999999996,0.032932917627819476,0.414687586488659
8033,43186.840000000004,0.02804682669999402,0.280020076351639
8034,43851.83,0.027754879997163633,0.11489428065597385
8035,42957.15,0.03812812859393593,0.0
8036,41979.189999999995,0.03856743359458963,0.0
8037,40339.12,0.05537403524633211,0.0
8038,38017.76,0.09280581278626844,0.0
8039,35683.999999999985,0.10043132770934299,0.0
8040,33967.100000000006,0.11743348379391114,0.0
8041,33084.60999999999,0.1538852732554661,0.0
8042,32663.210000000003,0.13802985279681623,0.0
8043,32689.73,0.12913240309252993,0.0
8044,33434.2,0.12337047205621333,0.0
8045,35464.87,0.11565742852014599,0.0
8046,38910.95,0.11446249675922542,0.0
8047,40414.43,0.113495804166362,0.0
8048,40465.03,0.10247495462915573,0.0
8049,40469.48999999999,0.10144178460870279,0.07418146034591065
8050,40631.200000000004,0.08804381305660998,0.24818236531931057
8051,40968.87000000001,0.08053130976043753,0.378953218146913
8052,41653.46,0.07050817561563637,0.48828586616058417
8053,42418.55999999999,0.07050263583000392,0.5511639451568544
8054,42908.38,0.10381336683795686,0.5654095883249642
8055,42973.63999999999,0.1508045984652578,0.506702733810421
8056,43010.189999999995,0.21886585076703868,0.393103311939059
8057,43873.02000000001,0.22166621240424486,0.26583483796143753
8058,44534.42,0.23945667998431133,0.10896582627146556
8059,43883.92,0.2707664404218214,0.0
8060,42962.73,0.3116821891460088,0.0
8061,41623.90999999999,0.37339927894150204,0.0
8062,39548.619999999995,0.42256986223661097,0.0
8063,37123.630000000005,0.4506349702291921,0.0
8064,35164.26999999999,0.48863069794651226,0.0
8065,33910.52,0.5191981271092735,0.0
8066,33276.77,0.4953177731834489,0.0
8067,33067.39,0.4769871765042181,0.0
8068,33437.42,0.4568544875587495,0.0
8069,34983.049999999996,0.4407536545965819,0.0
8070,37938.86,0.4083580961751104,0.0
8071,39387.329999999994,0.3704731641704392,0.0
8072,40017.96,0.35098087444408255,0.0
8073,40812.05,0.3469855810459558,0.06451999068668147
8074,41596.76,0.316306248213419,0.24365420351358102
8075,42420.590000000004,0.27779532043228056,0.37367493882643377
8076,43158.99,0.26064469809276264,0.4822750416243831
8077,43963.54,0.2584415253467353,0.5425612065140509
8078,44411.09,0.2822720212018676,0.5579512456563472
8079,44543.259999999995,0.3111536935966726,0.501168557885349
8080,44548.83,0.3542177711891263,0.39127689110885594
8081,44709.58999999999,0.30638172225287563,0.2649309628301943
8082,44850.91,0.2627127000693582,0.10893397647947772
8083,43755.520000000004,0.2398444649785831,0.0
8084,42789.090000000004,0.2807181113319639,0.0
8085,41616.02999999999,0.36822955098929494,0.0
8086,39785.65,0.47116319986881794,0.0
8087,37812.770000000004,0.3838966187364415,0.0
8088,35943.759999999995,0.3142609593579167,0.0
8089,34530.57000000001,0.27880245346026106,0.0
8090,33584.770000000004,0.21679784879044328,0.0
8091,33161.78,0.19281279291616535,0.0
8092,33143.29,0.21115557712378757,0.0
8093,33564.600000000006,0.1705251273596717,0.0
8094,34634.57,0.17123643583487896,0.0
8095,35771.04,0.21165249589501886,0.0
8096,37436.439999999995,0.19448026839153437,0.0
8097,39183.46000000001,0.18441890972586925,0.06633652709868157
8098,40485.22,0.1624486738861153,0.25132780684528894
8099,41541.46999999999,0.1862935731838921,0.38813803919501266
8100,42242.24,0.20446296210121853,0.5037176395130712
8101,42930.56,0.22013058382692824,0.5499229015380156
8102,43515.47,0.20843443442112564,0.565460108684669
8103,43586.06,0.20330625486116186,0.5076856842872892
8104,43264.57000000001,0.1991287025157275,0.4022409074335218
8105,43751.329999999994,0.1708004547056047,0.2711021345950243
8106,43793.380000000005,0.16089033218770565,0.11068351850143425
8107,42880.56,0.16675641119391246,0.0
8108,41933.68,0.15462372668027238,0.0
8109,40823.69,0.15830491423303894,0.0
8110,39158.66,0.16845103161888048,0.0
8111,37221.229999999996,0.13785645750652029,0.0
8112,35605.26,0.1272621714630131,0.0
8113,34282.99999999999,0.14452802134368614,0.0
8114,33472.22,0.18397517289670962,0.0
8115,33114.049999999996,0.25064150717623834,0.0
8116,32955.13,0.344127051659609,0.0
8117,33234.49,0.3580014447760929,0.0
8118,33928.51,0.37217332438103984,0.0
8119,34810.84,0.381413686815975,0.0
8120,36538.68,0.45176453251964965,0.0
8121,38576.450000000004,0.48640758197220796,0.06237067886184215
8122,40187.350000000006,0.47633071190677206,0.22932728846246758
8123,41342.07999999999,0.5650969130098544,0.3547924052523599
8124,42201.7,0.6183148636880348,0.45998897338235983
8125,42806.78,0.6239355301907237,0.5312808888068847
8126,43108.48,0.6453229805819433,0.5470069981680873
8127,43200.130000000005,0.6599535544372575,0.4917267419639677
8128,43260.54,0.6609108293945456,0.3912812841836128
8129,44762.310000000005,0.6784126741431613,0.26468385237511566
8130,46044.799999999996,0.6757690884393537,0.10844854171883442
8131,45661.450000000004,0.5397252487917727,0.0
8132,44970.509999999995,0.564457621747869,0.0
8133,43814.01,0.6115646348948883,0.0
8134,41702.259999999995,0.640134417358586,0.0
8135,39232.59999999999,0.5993006574617589,0.0
8136,37224.649999999994,0.5746369778475053,0.0
8137,35992.770000000004,0.4878972303287754,0.0
8138,35239.56,0.3785534954939384,0.0
8139,34958.10999999999,0.4869488190284992,0.0
8140,35376.31,0.3836750273111431,0.0
8141,37066.7,0.46322801092888916,0.0
8142,40157.97,0.5039426654346185,0.0
8143,41782.28999999999,0.25913510650791866,0.0
8144,42287.08,0.44884838936272536,0.0
8145,43086.57,0.47213598622587705,0.06311420676445648
8146,43417.82,0.4838193941247251,0.25123115920063593
8147,43680.07,0.5756341392613472,0.3947847613022828
8148,42914.32,0.556864791560026,0.5185442668177883
8149,42240.99,0.5192851017437031,0.5888828850200538
8150,41646.97000000001,0.5069690503256287,0.6082453620113248
8151,41346.450000000004,0.4860480498846617,0.5485434760643315
8152,41433.87,0.4506166889366049,0.43360746119816684
8153,43486.560000000005,0.4789731896534532,0.29318282659216005
8154,45141.79,0.3963965910375133,0.12040649120726082
8155,44877.91,0.3042644161841515,0.0
8156,44331.54,0.3259188842428555,0.0
8157,43058.98,0.36664129444847005,0.0
8158,40914.05,0.3918661543472915,0.0
8159,38680.729999999996,0.372512359261746,0.0
8160,37164.67,0.35105122972161473,0.0
8161,36398.0,0.33847480837881516,0.0
8162,36230.55,0.26695562188525546,0.0
8163,36540.560000000005,0.21276543882857907,0.0
8164,37585.03999999999,0.17762934845473224,0.0
8165,40008.88,0.14411364537837848,0.0
8166,43798.08,0.14095042778224653,0.0
8167,45451.869999999995,0.16457816748323106,0.0
8168,44894.24,0.16175730863918492,0.0
8169,44005.090000000004,0.16957062229519965,0.06120980885731729
8170,42870.380000000005,0.1838167350276214,0.25200324208917074
8171,41699.57,0.1906090661915746,0.3914921517719464
8172,40797.689999999995,0.22703204876784092,0.5073199608137728
8173,40281.44,0.30124689495015294,0.5595887642720012
8174,39963.03,0.3038323129048199,0.5735521523869767
8175,39862.18000000001,0.3072841533324028,0.5132846580650261
8176,40489.619999999995,0.32050429776569367,0.40747525600643136
8177,42155.0,0.252807009379965,0.2761805290140621
8178,43595.700000000004,0.2106237577030719,0.1138684977002253
8179,43400.4,0.1865622527870662,0.0
8180,42869.06999999999,0.18128006718652015,0.0
8181,41648.98,0.19457167485446983,0.0
8182,39556.13,0.24104604448226274,0.0
8183,37388.479999999996,0.17842319973586304,0.0
8184,35931.1,0.15075972620163489,0.0
8185,35274.409999999996,0.14981186887992182,0.0
8186,35005.72,0.12219049771650035,0.0
8187,35160.329999999994,0.11173249039955156,0.0
8188,36052.74999999999,0.11434449932525415,0.0
8189,38221.88,0.09913058604284249,0.0
8190,41558.63,0.10045570276612578,0.0
8191,42962.09,0.1219373295130972,0.0
8192,42680.23,0.07053421260810895,0.0
8193,42317.65,0.05256647188780383,0.06068263988648291
8194,42044.549999999996,0.05284179923373686,0.24801872328461388
8195,41795.01,0.060720482360214566,0.3873428926640041
8196,41629.34999999999,0.08008369508133513,0.503803304470832
8197,41684.119999999995,0.12082826442947965,0.560113736705457
8198,41558.63999999999,0.19000135170769433,0.5759518694729626
8199,41497.469999999994,0.28512722671683505,0.5169210256950938
8200,41883.0,0.3950127525865259,0.4122626092228208
8201,43371.04,0.40093035159911444,0.2796301909669597
8202,44593.43,0.3857341656307268,0.11510404997561836
8203,44359.81,0.3726563936881898,0.0
8204,43846.6,0.47980027964837885,0.0
8205,42441.6,0.6501553355891341,0.0
8206,40063.5,0.7245203099620857,0.0
8207,37579.89000000001,0.7660398953202108,0.0
8208,35757.69,0.7868822308051967,0.0
8209,34589.490000000005,0.7867908243422612,0.0
8210,33922.08,0.7799159503723844,0.0
8211,33789.41,0.7747739213483396,0.0
8212,34425.700000000004,0.7619482096520795,0.0
8213,36251.420000000006,0.7540468134045085,0.0
8214,39231.299999999996,0.7353633323804902,0.0
8215,40592.79,0.68769458497034,0.0
8216,40963.55,0.6538980147624208,0.0
8217,41747.21000000001,0.6169498605081979,0.05757673603331702
8218,42675.17,0.5533957777969826,0.2332151596223711
8219,43510.64000000001,0.5875308289070447,0.36567624796271125
8220,44320.119999999995,0.5851786359275042,0.4763993041369581
8221,45309.35,0.5910120301984793,0.5203256586317327
8222,46017.78,0.6125911571725821,0.5373949505998743
8223,46282.02,0.6170085822359017,0.4842727923701075
8224,46306.08,0.6202144561814037,0.38570757058572847
8225,46523.079999999994,0.6332540036030767,0.2611309531654298
8226,47336.50000000001,0.6023503094524255,0.10738102455289476
8227,46668.18000000001,0.472720433610101,0.0
8228,45926.44,0.5506020639025353,0.0
8229,44665.46000000001,0.6642640616378711,0.0
8230,42493.17999999999,0.7256432245097844,0.0
8231,39928.450000000004,0.7433505953053642,0.0
8232,37903.909999999996,0.7457205155989285,0.0
8233,36646.30999999999,0.7425733633811308,0.0
8234,35937.63,0.7500409944136799,0.0
8235,35574.12,0.7328726447601385,0.0
8236,36122.53,0.7135354690314905,0.0
8237,37821.020000000004,0.7201228281270425,0.0
8238,40745.11,0.7211626458902549,0.0
8239,42340.65,0.6945816464686083,0.0
8240,43173.18,0.6925845537481081,0.0
8241,44491.56,0.6706115480155384,0.043914273539192784
8242,45795.880000000005,0.61437109029629,0.22017871028111288
8243,46737.27999999999,0.6619395675864927,0.3476064332186739
8244,47490.549999999996,0.5988375313828856,0.4553015626166908
8245,48323.79000000001,0.26882917738615186,0.5236105802812441
8246,48942.75000000001,0.2725103649389184,0.5429961209149893
8247,49179.43,0.25800166636751826,0.49142032499967014
8248,48896.77,0.2651984018826408,0.39449921144308087
8249,49073.45,0.6229760393191826,0.26719559286740385
8250,48957.729999999996,0.6595441642790193,0.11010473090220567
8251,47661.549999999996,0.643290987211959,0.0
8252,46459.52,0.7148583698405208,0.0
8253,45071.34,0.8026484607151642,0.0
8254,43159.08,0.8275736182112696,0.0
8255,40762.509999999995,0.797004527112819,0.0
8256,38337.689999999995,0.7536429630319027,0.0
8257,36545.649999999994,0.7435888060875595,0.0
8258,35431.799999999996,0.6879145144599487,0.0
8259,34838.88,0.6890435227718428,0.0
8260,34738.740000000005,0.6878890314460393,0.0
8261,34973.74,0.7023966220603128,0.0
8262,35946.369999999995,0.7083518916152023,0.0
8263,37119.759999999995,0.6660423328258891,0.0
8264,38727.950000000004,0.5872488538183527,0.0
8265,40113.020000000004,0.5760856317903923,0.05569979484340881
8266,40626.29,0.5158953069152037,0.24437137296765368
8267,40282.15,0.48794487248521445,0.39047735150309015
8268,39734.14,0.40995189250156794,0.5158040864381388
8269,39218.719999999994,0.33430833560464546,0.5908367050182088
8270,38870.83,0.30280412869143625,0.6118795331040143
8271,38753.26000000001,0.27929327846729646,0.5529167819848788
8272,39179.7,0.2793697275090243,0.4368649261304479
8273,41180.91,0.2263434534137268,0.29611740052980456
8274,42867.78,0.188989786851208,0.12262389569083287
8275,42996.26000000001,0.2074915629064819,0.0
8276,43126.19999999999,0.2313841043606977,0.0
8277,42981.079999999994,0.29384740328088255,0.0
8278,42318.590000000004,0.3948039026681823,0.0
8279,41399.93000000001,0.3976507985047012,0.0
8280,40518.93000000001,0.39846957882117795,0.0
8281,40098.15,0.38949900394654363,0.0
8282,39956.19000000001,0.3901792896222089,0.0
8283,40095.56,0.3855458129192233,0.0
8284,40696.85,0.3867872788794564,0.0
8285,41770.05000000001,0.3759902366818014,0.0
8286,43378.46,0.3645871419359556,0.0
8287,44930.82,0.35144455450151907,0.0
8288,45376.01000000001,0.35935038257759594,0.0
8289,44510.950000000004,0.37953791540082576,0.055610835079580506
8290,43061.229999999996,0.36541977171651374,0.2526094864056301
8291,41611.75,0.4377970710045404,0.4002453532251756
8292,40364.340000000004,0.460508530161917,0.5234908689941172
8293,39325.75000000001,0.44528963107243613,0.5834146052163364
8294,38680.03,0.465581311865556,0.6012296216244709
8295,38473.42,0.46832516768931115,0.5406062882472068
8296,38950.73,0.4734494693993323,0.41635695489630126
8297,40982.21000000001,0.4932525410996699,0.28326655859702743
8298,43417.18,0.4939588637678077,0.1178442303552679
8299,43910.56000000001,0.4369982339163404,0.0
8300,43838.729999999996,0.50879053184158,0.0
8301,43045.479999999996,0.6190045669992753,0.0
8302,41324.33,0.6849219222612962,0.0
8303,39309.200000000004,0.6702099135571854,0.0
8304,37747.94999999999,0.6506672117815729,0.0
8305,37010.229999999996,0.6318408042882372,0.0
8306,36840.09000000001,0.5974088206682755,0.0
8307,37094.619999999995,0.5639075210345661,0.0
8308,38145.469999999994,0.5235645861447745,0.0
8309,40388.08,0.49832920065325165,0.0
8310,43826.810000000005,0.46409831125174794,0.0
8311,45335.67999999999,0.4223072763976325,0.0
8312,44992.69000000001,0.4369566855240971,0.0
8313,44134.32,0.4534248062736965,0.0467598877130092
8314,43128.8,0.4299300214278909,0.22921087198140844
8315,42310.61000000001,0.42451377301503923,0.36614960176777295
8316,41810.96,0.3993642542008194,0.4808802403890505
8317,41605.89,0.3739139250267571,0.5443865290755651
8318,41365.57,0.4260615891207474,0.5620862272713287
8319,41162.00000000001,0.45894187878505865,0.5063776462784065
8320,41714.67,0.4872025412104653,0.39976760634535713
8321,43417.54,0.4503984213826861,0.27284289046746685
8322,44654.399999999994,0.3863319085004687,0.11460543599070416
8323,44236.52,0.31947500559518355,0.0
8324,43555.420000000006,0.4208154121268124,0.0
8325,42097.41,0.5542239757490345,0.0
8326,39841.23000000001,0.6532626013503782,0.0
8327,37334.380000000005,0.6070779625111626,0.0
8328,35429.369999999995,0.5474477099634153,0.0
8329,34329.53999999999,0.49181496672804736,0.0
8330,33738.479999999996,0.4784474639969331,0.0
8331,33712.4,0.47257362929084107,0.0
8332,34316.73,0.4657674486628067,0.0
8333,36297.19,0.4934508654253115,0.0
8334,39320.7,0.5152698651172994,0.0
8335,40753.93000000001,0.5288373541097454,0.0
8336,41086.45,0.5416004662283589,0.0
8337,41671.03,0.549218225451548,0.043608954843584555
8338,42153.73,0.507204491215008,0.220765185761166
8339,42916.869999999995,0.5274086433951353,0.3540532704245027
8340,43449.56,0.506453296283247,0.4658888727809478
8341,44033.65,0.4847905185460944,0.532039792471148
8342,44353.79,0.5417256653836524,0.5495989122746895
8343,44505.17999999999,0.5679005985184398,0.4952192363957455
8344,44577.200000000004,0.5917538074946651,0.3928660859021835
8345,45490.26,0.6012279488832901,0.26802368745908944
8346,46736.25000000001,0.5404448669454289,0.11262196273793983
8347,46384.079999999994,0.41335996862265434,0.0
8348,45586.11,0.5128977289094824,0.0
8349,44186.86,0.6702132374285645,0.0
8350,41934.02,0.7773017255324289,0.0
8351,39243.259999999995,0.7830481451689749,0.0
8352,37080.87,0.7693388376643376,0.0
8353,35809.07,0.7506254417979041,0.0
8354,35075.73,0.7938080708028923,0.0
8355,34827.92,0.8188933281037759,0.0
8356,35266.73999999999,0.8393329211732827,0.0
8357,36995.98,0.8483212233619409,0.0
8358,39943.520000000004,0.8472941471056837,0.0
8359,41361.15000000001,0.8235838645987759,0.0
8360,42035.32000000001,0.7854551820262765,0.0
8361,43090.630000000005,0.7441837790644854,0.04301479148270664
8362,44155.57,0.6538608981986834,0.21691575400538576
8363,45028.219999999994,0.5942007308085206,0.3488518699122702
8364,45774.810000000005,0.382469569957521,0.4600164300995905
8365,46391.72,0.27680646869688735,0.5219401136049127
8366,47070.299999999996,0.3154176665979734,0.5407809129687959
8367,47240.200000000004,0.3566862996669482,0.4887054047998732
8368,47224.39,0.390470682346476,0.3893000074682268
8369,47851.240000000005,0.6019292857443588,0.2657491730036768
8370,48778.99,0.672883968081971,0.11200803054065565
8371,48071.28999999999,0.6491254894400608,0.0
8372,47200.469999999994,0.7342387558971019,0.0
8373,45961.229999999996,0.8076492252055816,0.0
8374,43660.409999999996,0.8231861079903655,0.0
8375,40869.689999999995,0.7921887914625254,0.0
8376,38502.07,0.7317574859123251,0.0
8377,36878.44000000001,0.6637532934025586,0.0
8378,35895.56,0.6019935472576954,0.0
8379,35380.91999999999,0.5540971146580511,0.0
8380,35601.39,0.5185339068119421,0.0
8381,37122.58,0.4756426705312213,0.0
8382,39964.42000000001,0.43327272807851436,0.0
8383,41378.73,0.36617927632672326,0.0
8384,41970.71,0.2820958560187554,0.0
8385,43267.18,0.24604570101555354,0.04288190097130879
8386,44595.37,0.24899452890770934,0.22567115199599339
8387,45484.450000000004,0.24436326811897682,0.3646131238715287
8388,45978.37,0.30357969867997997,0.4821849835918657
8389,46433.34999999999,0.3459978372676891,0.5434562954957801
8390,46601.67,0.3559295649495548,0.5643574469206737
8391,46332.41,0.3701468707966876,0.5111858665998915
8392,46069.24999999999,0.38633578635041155,0.4019498662308734
8393,46655.73,0.355358967029412,0.2742245124785288
8394,47166.579999999994,0.31619766841502306,0.11585416749036816
8395,46336.6,0.3171710087506453,0.0
8396,45418.63999999999,0.34330051564324676,0.0
8397,44304.42,0.3926600056284222,0.0
8398,42192.009999999995,0.45602739756382393,0.0
8399,39509.63,0.45967867027417514,0.0
8400,37365.72,0.4636169038802873,0.0
8401,36024.61,0.4437240876527041,0.0
8402,35197.39,0.3991642679394879,0.0
8403,34758.08,0.3829543012003608,0.0
8404,35152.32000000001,0.39135649406910544,0.0
8405,36755.81,0.37671428666396317,0.0
8406,39338.71000000001,0.37434381239183556,0.0
8407,40927.200000000004,0.37119887608829083,0.0
8408,41760.47000000001,0.3773641035186503,0.0
8409,43035.38,0.38223302111101515,0.041062069753240976
8410,44250.36000000001,0.40105167290446536,0.20136207282839316
8411,45184.35999999999,0.3818236309527767,0.3257530828402104
8412,45714.73,0.37104043821920263,0.43047519889645963
8413,46277.14,0.4155260248049442,0.46517939120769997
8414,46356.14000000001,0.40756812274392246,0.4826989733384289
8415,46097.58,0.41980827909883206,0.43683746941321683
8416,45727.189999999995,0.45880338414424715,0.3641946835009291
8417,46385.13,0.355787746437364,0.2485997074212211
8418,46607.44,0.2952849776525049,0.10532286902926219
8419,45534.29,0.2989661652052712,0.0
8420,44619.270000000004,0.3284566600410831,0.0
8421,43682.869999999995,0.39427263722603006,0.0
8422,42116.41,0.47357799242600523,0.0
8423,40097.65999999999,0.4910382887823774,0.0
8424,38142.36,0.5054854957332572,0.0
8425,36679.97,0.514842193666474,0.0
8426,35597.92,0.5615486803122668,0.0
8427,34844.74,0.6376886020018571,0.0
8428,34541.86,0.660130273598933,0.0
8429,34995.1,0.6733398924395223,0.0
8430,36124.91,0.7098083012579748,0.0
8431,37516.909999999996,0.6889526702874708,0.0
8432,39179.83000000001,0.655735007678143,0.0
8433,41054.630000000005,0.6838267066417598,0.03478107111948722
8434,42365.09,0.6144907496659511,0.171807662400991
8435,42944.92,0.614964401337526,0.2834840157974965
8436,42495.23,0.5929044209705262,0.38068628613853106
8437,42146.920000000006,0.5708228354395599,0.477025317289824
8438,41527.560000000005,0.5826220248581262,0.4981867583940673
8439,40873.29,0.5741666500473098,0.45397814884615867
8440,40909.15,0.5410431637937339,0.39626742403275467
8441,42114.090000000004,0.5631834710524043,0.27133936063189984
8442,43199.17,0.589343446765984,0.11679099068228838
8443,43008.130000000005,0.46115890099516715,0.0
8444,42732.99,0.5787275555585102,0.0
8445,42255.229999999996,0.6982196236934419,0.0
8446,41319.07,0.7679134508211074,0.0
8447,40104.36,0.6593419621034344,0.0
8448,39086.64,0.5376854997219029,0.0
8449,38465.270000000004,0.4440492730693294,0.0
8450,38182.770000000004,0.43787905983190084,0.0
8451,38305.86000000001,0.44932924275562236,0.0
8452,38680.310000000005,0.4718667526441398,0.0
8453,39491.729999999996,0.3933951351818491,0.0
8454,40953.700000000004,0.34582111810601385,0.0
8455,42666.23,0.32484361185159594,0.0
8456,44262.17,0.3009001043695614,0.0
8457,44796.13999999999,0.2554118165843455,0.028981114171619842
8458,43999.969999999994,0.2355948954199269,0.20997799069546752
8459,43024.94,0.1973493233705829,0.3460754466658757
8460,42045.68,0.18769236905608705,0.4629411196190322
8461,41156.670000000006,0.18388930621940663,0.4952741498302073
8462,40617.25,0.1811753652380668,0.5148310203794735
8463,40669.600000000006,0.18140859021319314,0.46688390421339765
8464,41430.92,0.19792601505492147,0.33545409017225214
8465,43805.31,0.16205701104190076,0.22902306803554862
8466,45407.88,0.15174026825857947,0.09755701112765831
8467,45434.68000000001,0.18767131787068372,0.0
8468,45108.89,0.2247219581591071,0.0
8469,44269.07,0.28153079788424523,0.0
8470,42705.33,0.34726866409177426,0.0
8471,40813.89000000001,0.32447964793554357,0.0
8472,39376.56,0.29637465348640873,0.0
8473,38503.92,0.26554519246323244,0.0
8474,38114.69,0.24596426616675635,0.0
8475,38220.33000000001,0.2201145184485942,0.0
8476,39079.8,0.20537370285919418,0.0
8477,40849.76000000001,0.1892806255969119,0.0
8478,43427.52,0.18380620943491968,0.0
8479,45556.380000000005,0.18891499974516984,0.0
8480,46412.91,0.1745597532357888,0.0
8481,46468.1,0.16793250768368265,0.03720495011663613
8482,45772.939999999995,0.1702730671133949,0.2295919712165741
8483,44444.14,0.13549540086996795,0.37589344157869514
8484,43030.72,0.1234940092758171,0.49943658816242037
8485,42042.98,0.11445861890928272,0.5789391603076909
8486,41246.229999999996,0.09616181492240974,0.6012307198931602
8487,41063.67,0.0876848349476269,0.5445490728415726
8488,41318.270000000004,0.09022870451005027,0.43443335925247406
8489,43284.840000000004,0.07946933285469587,0.2978581564022474
8490,45303.14000000001,0.07298667570759682,0.12866107867557575
8491,45293.920000000006,0.07554494871266462,0.0
8492,45059.25000000001,0.08466398984224904,0.0
8493,44350.530000000006,0.11673048499715255,0.0
8494,42895.590000000004,0.15766728490674328,0.0
8495,41127.05,0.12101218531247712,0.0
8496,39916.75,0.0986973748063845,0.0
8497,39527.99,0.08981820639468535,0.0
8498,39606.50000000001,0.05913499571220594,0.0
8499,40225.71000000001,0.07342210285830779,0.0
8500,41499.09,0.14285666801837435,0.0
8501,43777.27,0.1365119515335235,0.0
8502,46862.90999999999,0.12942434979536035,0.0
8503,48875.409999999996,0.13136327476671963,0.0
8504,48677.6,0.13705872837544686,0.0
8505,46928.909999999996,0.1609008577804074,0.04040530507707648
8506,44966.58,0.18679215389081302,0.22970838769763338
8507,43202.62000000001,0.17111123667958547,0.375560666165856
8508,41756.64,0.15575993671348892,0.49811207612319913
8509,40912.439999999995,0.14874601412423746,0.5369973773343699
8510,40369.12,0.18368931995807491,0.5565520513462575
8511,40115.810000000005,0.23456338733516374,0.5030081579398233
8512,40205.97,0.28912750592203085,0.4266378480962609
8513,41681.92,0.2575202589960579,0.29374074708629294
8514,43471.73,0.22078483251012126,0.12757489094191915
8515,43396.6,0.1772393475462074,0.0
8516,43134.13,0.19731940852816754,0.0
8517,42405.7,0.2383708820003502,0.0
8518,40960.93,0.2922037488837332,0.0
8519,39392.06999999999,0.23900186358388678,0.0
8520,38165.2,0.20745223042849137,0.0
8521,37550.73,0.20957950811135412,0.0
8522,37302.46000000001,0.16568224675977944,0.0
8523,37507.82000000001,0.14654284137821003,0.0
8524,38325.88,0.1411193912440365,0.0
8525,40050.53999999999,0.1193635451082585,0.0
8526,42565.78,0.10487091191519252,0.0
8527,44254.979999999996,0.10606750561180289,0.0
8528,44329.54000000001,0.07641524903552331,0.0
8529,43326.0,0.06086673270091141,0.03679529589555024
8530,42261.73,0.05534301244679038,0.2291230104862693
8531,41287.759999999995,0.04588715235075263,0.3759274879080616
8532,40507.14,0.052633503293956545,0.49928722362068395
8533,40141.189999999995,0.07276065245379267,0.5724571785038063
8534,39925.54,0.09138707368579667,0.5940864820696654
8535,39866.14,0.1317438580396693,0.5376706160408727
8536,40007.86,0.20723008502462983,0.425674666455799
8537,41197.979999999996,0.18759209893613962,0.29358039985766415
8538,42533.12,0.17834121090850272,0.12840957514574022
8539,42142.49,0.19556495841836913,0.0
8540,41539.17,0.21490933586833932,0.0
8541,40676.200000000004,0.2704756016761176,0.0
8542,39092.42,0.3495992519073483,0.0
8543,37381.71,0.33182318776992603,0.0
8544,35848.27,0.32543636891426864,0.0
8545,34913.42,0.3421194333464072,0.0
8546,34417.75,0.3294804124259607,0.0
8547,34258.979999999996,0.3395450949630055,0.0
8548,34705.03,0.36113419355124626,0.0
8549,35878.93,0.38070237834076787,0.0
8550,37701.43000000001,0.3992966688161035,0.0
8551,39084.70999999999,0.4173358727710672,0.0
8552,39919.06,0.4673850660674835,0.0
8553,40325.51,0.5263915387530166,0.03483268974788143
8554,40471.520000000004,0.49225371775013804,0.21882234844990353
8555,40588.9,0.5251877433350839,0.35910640466368804
8556,40539.810000000005,0.5463846251005471,0.4763454889711855
8557,40812.53,0.5583854627161347,0.5429368144057706
8558,41055.91,0.6139700098165001,0.5644189499672713
8559,41161.38,0.6475915227984336,0.5117547697809173
8560,41159.26,0.6614570522579056,0.40475813926925575
8561,41862.43,0.6699750266463688,0.2800310590385315
8562,42890.130000000005,0.6553959727974368,0.12357170156964557
8563,42273.079999999994,0.5883701064303614,0.0
8564,41527.31,0.718464216308686,0.0
8565,40627.32,0.8608040223275522,0.0
8566,39198.0,0.9181142126524272,0.0
8567,37329.939999999995,0.9318778100562624,0.0
8568,35445.32999999999,0.9226651465494891,0.0
8569,34008.74999999999,0.9007248255521505,0.0
8570,33117.49999999999,0.8839520165927661,0.0
8571,32678.100000000002,0.8625285575949354,0.0
8572,32635.530000000002,0.8396542287399649,0.0
8573,33295.329999999994,0.8539463216931358,0.0
8574,34371.66,0.8455596402241617,0.0
8575,35374.18,0.8145224372397685,0.0
8576,36729.62,0.7673112761228593,0.0
8577,38569.45,0.7059188177654279,0.03256696144198284
8578,39978.02999999999,0.6180129453710663,0.21283788236224407
8579,41086.44,0.6389788180756557,0.35025435902842744
8580,41761.86000000001,0.632239668853774,0.46512447777323807
8581,42412.149999999994,0.6341414772613959,0.5300101919334359
8582,43045.759999999995,0.6040493617058995,0.553024412316424
8583,43628.06000000001,0.6049628723566912,0.5033332454718379
8584,43630.469999999994,0.4801354366791424,0.39965997601381176
8585,43843.66,0.6062708157445139,0.27691746730454103
8586,43878.810000000005,0.6273447142689368,0.12313129582526097
8587,42440.2,0.5935813827748122,0.0
8588,41161.98,0.685311923169821,0.0
8589,40106.31999999999,0.7841854631593177,0.0
8590,38765.59,0.8323821521402409,0.0
8591,37006.34,0.8293989775771639,0.0
8592,35247.48,0.8336418993930611,0.0
8593,33961.07000000001,0.821493149501087,0.0
8594,32974.47,0.7994270753698917,0.0
8595,32255.76,0.7125493871889135,0.0
8596,31897.34,0.6109391930969839,0.0
8597,31963.230000000003,0.5635812276608144,0.0
8598,32536.590000000004,0.5255456134869405,0.0
8599,33366.0,0.4938752130047577,0.0
8600,34764.06,0.44637764497065024,0.0
8601,36699.34000000001,0.4100455148787564,0.03141597585566112
8602,38468.560000000005,0.3487649601911004,0.20966937719379158
8603,39948.96000000001,0.4671053068930444,0.3475471267094549
8604,40936.439999999995,0.5575655744425314,0.4642436662844689
8605,41531.329999999994,0.548633778067324,0.5311985186551916
8606,41966.24999999999,0.5597526818102249,0.5552934354283905
8607,42007.31999999999,0.5557235957197402,0.5064446406684499
8608,41485.16999999999,0.5675643335305498,0.4116728389367
8609,41263.7,0.51724313675958,0.28564760511529613
8610,41367.85,0.3277946556580047,0.12778026718680666
8611,40411.3,0.21269674548673673,0.0
8612,39410.39,0.1962873464648412,0.0
8613,38321.619999999995,0.21691086041734528,0.0
8614,37012.15,0.2841815853093749,0.0
8615,35375.44,0.326364836986268,0.0
8616,33799.49,0.37333778732098194,0.0
8617,32739.18,0.42654742832071374,0.0
8618,32015.25,0.4059610309319472,0.0
8619,31608.26,0.40051320574099053,0.0
8620,31534.780000000002,0.410168498119797,0.0
8621,31824.41,0.41542741662068644,0.0
8622,32531.440000000002,0.4182250083650763,0.0
8623,33375.82,0.4114581602150325,0.0
8624,34732.67999999999,0.4985070277720534,0.0
8625,36677.93,0.5719717869797311,0.03072187004406253
8626,38298.44,0.5473441159720885,0.20853157083174073
8627,39685.96000000001,0.5715967434924139,0.344974981439259
8628,40729.45999999999,0.5803623462986475,0.45916417359674183
8629,41491.11,0.5760712283477478,0.5269965426501656
8630,42243.14,0.6059157154854736,0.5508015164894058
8631,42702.729999999996,0.6316840283548387,0.502250352544249
8632,42594.89,0.6349031977858582,0.40611010802570807
8633,42875.83,0.6578844445035357,0.28257904239756443
8634,43873.31,0.6805859320467736,0.12744200043052129
8635,43157.87,0.6486551616398651,0.0
8636,42168.06,0.7205565933420641,0.0
8637,41261.16000000001,0.7979989186338446,0.0
8638,39609.86,0.816738905471314,0.0
8639,37697.560000000005,0.7793669576162082,0.0
8640,35740.829999999994,0.7039826626868848,0.0
8641,34256.87,0.6202238738169789,0.0
8642,33458.700000000004,0.5735617054562456,0.0
8643,33024.68000000001,0.5269848497942525,0.0
8644,33124.35999999999,0.48596938492868075,0.0
8645,33895.3,0.43858870637141806,0.0
8646,35364.08000000001,0.3969439218579997,0.0
8647,36494.27000000001,0.3591182655595959,0.0
8648,37663.369999999995,0.2487286191973515,0.0
8649,39419.56,0.17310445155014284,0.030802043658376913
8650,41247.18000000001,0.1251648086225656,0.20778584639174794
8651,42629.310000000005,0.11730274485298521,0.34562515650328796
8652,43703.47000000001,0.16195175511488408,0.4619647587542995
8653,44567.85,0.25356706796873785,0.5341528614292429
8654,45004.630000000005,0.2859266177835983,0.5588979532664703
8655,45055.37,0.3427343495516098,0.5102589278261745
8656,44754.55,0.40628123054150306,0.41024179483462253
8657,45138.200000000004,0.3649594155304567,0.2858310159863988
8658,45697.469999999994,0.34179535588690846,0.1298428157851962
8659,44620.52,0.3525464178638146,0.0
8660,43506.189999999995,0.40907106658600745,0.0
8661,42118.83000000001,0.48796758560630754,0.0
8662,40218.41,0.5694772215094366,0.0
8663,38046.86999999999,0.5750845925266077,0.0
8664,36129.66,0.5796150292168293,0.0
8665,34918.48,0.5977816482413396,0.0
8666,34192.969999999994,0.5875058998716985,0.0
8667,33934.14,0.6149771428444802,0.0
8668,34270.420000000006,0.6761757087047758,0.0
8669,35225.05000000001,0.6307721796397366,0.0
8670,36787.829999999994,0.5967357367139323,0.0
8671,38157.590000000004,0.5837737462911136,0.0
8672,39335.49,0.565030989560828,0.0
8673,40977.29,0.5523398946554364,0.028953657454388885
8674,42583.42,0.5185062078837798,0.21005157469764643
8675,43826.549999999996,0.5900852240621697,0.3516766169809911
8676,44611.76000000001,0.6102024016078673,0.47246420742341744
8677,45522.48,0.49960224339158993,0.5447862988784475
8678,45921.43,0.5496591923878914,0.5720629000443698
8679,45967.990000000005,0.5742907412454767,0.5241652059693094
8680,45428.630000000005,0.5989566367739836,0.4342082141711803
8681,44992.55999999999,0.5972104963426335,0.30265429576815095
8682,45633.91,0.5565401601219641,0.13830607430446634
8683,44593.68,0.35540771714297736,0.0
8684,43301.56,0.34281800031466003,0.0
8685,41811.47,0.3214604647658555,0.0
8686,39926.13,0.2866329404517363,0.0
8687,37596.92,0.2735147280740825,0.0
8688,35767.98,0.28025775514590684,0.0
8689,34537.189999999995,0.3116024162329014,0.0
8690,33888.310000000005,0.28242214939250715,0.0
8691,33572.740000000005,0.2626390209204466,0.0
8692,33860.020000000004,0.24985762750924592,0.0
8693,34993.219999999994,0.24861671552757603,0.0
8694,36758.79,0.28771707650000766,0.0
8695,38199.06999999999,0.34203190473341427,0.0
8696,39266.39,0.26933440583583174,0.0
8697,40641.84,0.24966927479774237,0.027369954004507285
8698,42090.200000000004,0.27556555671521743,0.20863041501377216
8699,43166.380000000005,0.39764470474050534,0.3516854031305047
8700,44116.67999999999,0.5170774971691696,0.47478594743246716
8701,45347.42999999999,0.4987507783398815,0.5598611349069325
8702,46309.19,0.5263139817541622,0.5878351366905208
8703,46740.14,0.5568154874678971,0.5387139712956494
8704,46380.009999999995,0.5577229043544931,0.4360038834780849
8705,45826.32999999999,0.5575456312142546,0.305332973101203
8706,46008.44000000001,0.49759739497120425,0.14110885599940245
8707,44737.06,0.22031561266705224,0.0
8708,43405.19,0.24151581830389493,0.0
8709,41884.49,0.27700146915114976,0.0
8710,39806.05,0.30929675745267365,0.0
8711,37605.07,0.29108471218597726,0.0
8712,35671.22,0.2809729414710569,0.0
8713,34412.98999999999,0.2760209270942053,0.0
8714,33580.07,0.263096053235124,0.0
8715,33227.15,0.2531405044750389,0.0
8716,33451.67,0.2461044227432575,0.0
8717,34532.55,0.25762717685876424,0.0
8718,36256.2,0.265629951183409,0.0
8719,37731.94,0.27101739271097175,0.0
8720,38813.5,0.23725849304535312,0.0
8721,39910.1,0.22214152601150952,0.027680764043561717
8722,40975.259999999995,0.18102246715461098,0.2077518000623815
8723,41959.74,0.2228168258801058,0.34861134906932695
8724,43129.69000000001,0.24104493652513626,0.46804587248661184
8725,44387.56,0.26804474374059634,0.5047082778707644
8726,45230.81,0.3860709845971799,0.5296071273244853
8727,45552.2,0.4915695542245299,0.4849844704807337
8728,45137.48,0.513411821016174,0.3416296550118391
8729,44860.16,0.5199853306476453,0.23867026020181759
8730,45267.030000000006,0.43753282322987236,0.10967201303864584
8731,44320.979999999996,0.29080052118303223,0.0
8732,43180.01999999999,0.3306116366521082,0.0
8733,42006.17,0.37748985665250695,0.0
8734,40378.02,0.38777114480778047,0.0
8735,38401.39000000001,0.4010284058048091,0.0
8736,36610.079999999994,0.4132441871029359,0.0
8737,35391.82000000001,0.42730582497379677,0.0
8738,34538.94,0.3948338175105977,0.0
8739,34053.49,0.36883837343030185,0.0
8740,34099.78,0.34625599127816153,0.0
8741,34668.990000000005,0.34475969517883537,0.0
8742,35657.91,0.3404774408849476,0.0
8743,36523.07000000001,0.3282162333446345,0.0
8744,37769.82,0.3460953374948203,0.0
8745,39600.83,0.357629171181592,0.02113837746176925
8746,41226.41000000001,0.3394625521570817,0.1237012972749757
8747,42542.79,0.3404730090564415,0.20703243407093042
8748,43560.51999999999,0.3900468887455932,0.2780201290685361
8749,44243.39,0.3784316202100244,0.3688205912200006
8750,44949.79,0.42577407424642305,0.38632589585776955
8751,45279.23,0.4685063186794925,0.35343494515246154
8752,45333.86,0.435941242817668,0.2974682710175677
8753,45875.97,0.42160760147225346,0.2088006466606041
8754,46375.53999999999,0.41944431518277986,0.09767342760871756
8755,44989.13999999999,0.4055156321670978,0.0
8756,43363.90000000001,0.43447486156075704,0.0
8757,42005.57000000001,0.42173224664898373,0.0
8758,40698.23,0.4799221549322931,0.0
8759,39270.590000000004,0.47065187765494243,0.0
